customer_id,full_name,email,phone,created_at
"AG3D6O4STAQKAY2UVGEUV46KN35Q,AHMY5CWJMMK5BJRBBSNLYT3ONILA,AHCTC6ULH4XB6YHDY6PCH2R772LQ,AGYHHIERNXKA6P5T7CZLXKVPT7IQ,AG4OGOFWXJZTQ2HKYIOCOY3KXF2Q,AENGU523SXMOS7JPDTW52PNNVWGQ,AEQJHCVTNINBS4FKTBGQRQTGTE5Q,AFC3FFC5PKFF5PMA52S3VCHOZ5FQ","Manav,Adarsh gupta,Sundeep,S.Sayeed Ahmed,jaspreet singh,Khaja moin,Anand,S.ARUMUGAM",manav.adarsh.gupta.sundeep.s.sayeed.ahme1@example.com,5553325550,2023-05-18
"AECPFYFQVRUWC3KGNLJIOREFP5LQ,AGYYVPDD7YG7FYNBXNGXZJT525AQ,AHONIZU3ICIEHQIGQ6R2VFRSBXOQ,AFPHD2CRPDZMWMBL7WXRSVYWS5JA,AEZ346GX3HJ4O4XNRPHCNHXQURMQ,AEPSWFPNECKO34PUC7I56ITGXR6Q,AHWVEHR5DYLVFTO2KF3IZATFQSWQ,AH4QT33M55677I7ISQOAKEQWACYQ","ArdKn,Nirbhay kumar,Sagar Viswanathan,Asp,Placeholder,BharanI,sonia,Niam",ardkn.nirbhay.kumar.sagar.viswanathan.as2@example.com,5558889590,2024-06-07
"AGU3BBQ2V2DDAMOAKGFAWDDQ6QHA,AESFLDV2PT363T2AQLWQOWZ4N3OA,AHTPQRIMGUD4BYR5YIHBH3CCGEFQ,AEUVWXYP5LT7PZLLZENEO2NODPBQ,AHC7MPW55DOO6WNCOQVA2VHOD26A,AFDI6FRPFBTNBG7BAEB7JDJSMKDQ,AFQKCEEEKXCOHTDG4WUN3XPPHJQQ,AHKUUFNMBZIDLSSPA4FEHIO2EC7Q","Kunal,Himanshu,viswanath,sai niharka,saqib malik,Aashiq,Ramu Challa,Sanjay gupta",kunal.himanshu.viswanath.sai.niharka.saq3@example.com,5558137290,2024-07-04
"AEWAZDZZJLQUYVOVGBEUKSLXHQ5A,AG5HTSFRRE6NL3M5SGCUQBP7YSCA,AH725ST5NW2Y4JZPKUNTIJCUK2BA,AHV3TXIFCJPMS4D5JATCEUR266MQ,AGWIGDEMFIIUAOXYY2QATNBSUGHA,AFSTSLQUV4EVEXWKBOLEFHL2H5YQ,AGAKDNBHY2FKX7I4ACRGILU7QL7A,AFNWJUWJRHCC6HN52KMG5AKZY37Q","Omkar dhale,JD,HEMALATHA,Ajwadh a.,amar singh chouhan,Ravi Siddan,Himanshu Goel,Udaykumar",omkar.dhale.jd.hemalatha.ajwadh.a.amar.s4@example.com,5553797137,2024-11-17
"AE3Q6KSUK5P75D5HFYHCRAOLODSA,AFUGIFH5ZAFXRDSZHM4QB2KPKFUQ,AFK4NJOLFSJGWLOJIUIAROJF6YVA,AFUOTYRFUXVPEBGIXVZZ7DR3CZUA,AFDLRSXKDZ6U3U3KD46SQLFGZQRA,AH5VLM66SIK7J3IRG4NY7XVOQ55A,AE3MQNNHHLUHXURL5S7IAR7JTGNQ,AFSEOFZY67MYC7UAJU264Z5NFTLA","rahuls6099,Swasat Borah,Ajay Wadke,Pranali,RVK,Bhargav,Durai Vignesh,Amazon Customer",rahuls6099.swasat.borah.ajay.wadke.prana5@example.com,5556662464,2023-12-08
"AEQ2YMXSZWEOHK2EHTNLOS56YTZQ,AGRVINWECNY7323CWFXZYYIZOFTQ,AHBAT6VLOXWGYDL57KHCNCLPXAKA,AF7NDY2H6JVYTSQOZP76GCATQ34Q,AFV7ZA733ZLME4KNLZPMPCBUNPPA,AHFAAPSY2MJ5HYOU2VQDJ7AQY4NQ,AH2WGV2PEBUTICRPBEEVKF24G5LA,AEP4MK3EKOBDKTGPJTRN5RBDIODA","Jayesh,Rajesh k.,Soopy,amazon customer,Aman,Shankar,dinesh,Chitra,Ajaybabu.O.M",jayesh.rajesh.k.soopy.amazon.customer.am6@example.com,5556251768,2024-10-04
"AG7C6DAADCTRQJG2BRS3RIKDT52Q,AFU7BOMPVJ7Q3TTA4G67RASTGYIQ,AER5ZGIXXVYG3AWZTRZT7M2BYCEA,AHE76XQSOLGOP5ZEKTIW6KUPDWBQ,AGXTMB2XHZBEWZ2UIX7ODZ4XTU6Q,AHNM2XVU745EDPNGUOAG74PTSNRA,AH5RWQ4S72IVLZD6O75OPCFIVDXQ,AG322TYKVPLPBDXE7ABEUK5QTALQ","Vivek kumar,Amazon Customer,SARTHAK,Chiranjeevi,V V GIRI KUMAR,Rajnandini,Akshay Talla,sudhanshu chaubey",vivek.kumar.amazon.customer.sarthak.chir7@example.com,5557892472,2023-08-10
"AHW6E5LQ2BDYOIVLAJGDH45J5V5Q,AF74RSGCHPZITVFSZN76K6GKPICA,AHDD7ZNB47QA2JLYU53HD4ML3VNQ,AHV3ELGDSOWBYUQLXSPDCSHBQRHQ,AEJU4L3ZM2GTILSJZZSNSF6VUOIA,AFVD66VQMSHPDT3A6HBBBGKRXBZA,AELKHQXVSSG6NHXLFJLLNEFRQQUQ,AGYSMAC6V6RFJJOHG2FIRPOZ6CSQ","Pavan A H,Jayesh bagad,Shridhar,rajendran,karuppu k,Akshay wani,Abbimaniu Singh,VISHAL H BADSHE",pavan.a.h.jayesh.bagad.shridhar.rajendra8@example.com,5553069526,2024-09-09
"AGV3IEFANZCKECFGUM42MRH5FNOA,AEBO7NWCNXKT4AESAN443HQH35FQ,AE7GD3VRRYQEAHDR7FXJIR23INYA,AHPAW24BI5X2GCX5M2LHI72VSJJQ,AE2VXY4CFO36MDSIMPG43XHNF4GA,AHHQEKUNVETALN7DTRHUQ2WAWEKQ,AFMIFTNTUD5PIHGONWOTRMMZ5EBA,AHOJBIZVVIIFJKRREY4B6ESVA4KA","Azhar JuMan,Anirudh Sood,Hari Krishnan PS,Akash Jindal,PRADEEP,Rajesh,Divya Kothari,abhijit",azhar.juman.anirudh.sood.hari.krishnan.p9@example.com,5554729682,2024-04-06
"AGYLPKPZHVYKKZHOTHCTYVEDAJ4A,AGTTU64JMX722LYCN3SOWLFPKPAQ,AFWD4ZTM7473CDWARHCDQKK73MTA,AEXCQM3FDLX3YL3UJWWUIAIUJT4A,AHUKYUWRUVRTB3IQGISXWTSPAWLQ,AFWW4UEXAJH7EAB5LTMKMSGLUN2Q,AFM5JL37WY7G6MLQUI4WAXUJME7Q,AFECO24WYFOU2KL7C3DMHTEHRU7Q","Tanya,Anu,Akshay,Vishal Sagara Shetty,Swatilekha Sarkar,Jithindas,IBRAHIM S,Sundaram J.",tanya.anu.akshay.vishal.sagara.shetty.sw10@example.com,5556157450,2023-12-06
"AEYJ5I6JZZPOJB6MGWRQOHRQLPSQ,AFY5TVFOMVHGBPBTIJODYDQRZM5Q,AE3O6366WGEQAANKJ76QETTUQQTQ,AEQIJCPWSBCDKUO5VROXXHWX3PPA,AGVIAQK2HQ47P7UVXHW2NBAEU7YQ,AE3D5CJ2GDUP5SQ3AAYMVAGDTX7A,AH77IQRYD54XCRMCO7XEAIAYCLPA,AEA2HQHMFG3ZGJFOLLJQ65WKIZUQ","Rishav Gossain,Shashank Mallamraju,Purnendu,gunasekaran desomayananam,Anto RK,Sukrit Basak,Manoj Kumar,Sethuram.S",rishav.gossain.shashank.mallamraju.purne11@example.com,5553733273,2024-02-22
"AGUAYQHARAKR2VZTRP276KAGETKQ,AFKTST2773VUOKUHE7FCR6QCAURQ,AEGLHOQOWUUUQEDV6EWXTSHIUE7A,AEHQYGI5L4FFALBMC5XMT5KXSZCA,AHJFXFGDAXEHIG2ZLUWVMZ3LWPBA,AEP4CW3UI7AJ7XM7PAAKVCB6U3ZA,AHIWCPCQ2Z4HWEM7V4HGTLVZQM6Q,AHT4JDEYWRIQGCA2WAQJ6E2POHCQ","Priya,Mansi,Plaban,Vivek,Taufique Ahmed,Praveen kumar,Robbin,arjun sharma",priya.mansi.plaban.vivek.taufique.ahmed.12@example.com,5554803729,2024-10-25
"AF2XXVO7JUBUVAOBTJ3MNH4DGUFQ,AH6VDJLLPBXKCWXMLBKMBCQ2ESGA,AE642RIGZIT2VPQJOLNUZ34QVWJQ,AFLHNKQH5UQZU3ATISKSMRE2KEDQ,AF2L4MCRCIDOOREQJN7QPQ4QBZCA,AGKLZ4SUHAU47KJXDVHBBEWJODUA,AHESCOYXLCXB56F4JO45X4CZQCYA,AGGHDE6KFZHEDUDJBD5R27AYMEWA","Deepaak Singh,siva k.,MUNDATH BALGOPAL,BOOPATHI,Rakesh,Ana,Xolo,Rushi",deepaak.singh.siva.k.mundath.balgopal.bo13@example.com,5556461769,2023-03-04
"AGSGSRTEZBQY64WO2HKQTV7TWFSA,AEYD5HVYAJ23CR6PTWOOIKUOIDHA,AFRMNW6TDHDZBP2UHF2K3MEAEYUA,AHICHCW6EC3BNV2IDAEAJPBG4HZQ,AGWFKE7RNP6EVC4JFLFSL76EEVVQ,AGEOQQHGNELZNEUKJAJUA7NTPBLA,AFS3QBSOMCE2FAZFUYZ3NBFQDLMQ,AGJYG6ZWCWD74WNE6Y37XZ2VUSMA","Birendra ku Dash,Aditya Gupta,Abdulla A N,Deepak,Gowtham,Rakesh,Pawan Kumar,Prabhat Raj Pathak",birendra.ku.dash.aditya.gupta.abdulla.a.14@example.com,5558369391,2024-01-25
"AHEVOQADJSSRX7DS325HSFLMP7VQ,AG7XYZRCSKX6G2OLO7DVZWIZ3PUQ,AE2THTCCQLBIUSWPF4CPXC6GGP7Q,AHUJZOV34DFEN55QQ5XOYKVKHV6Q,AELX4DI77ZHURZTDLYFU7XMP7R6Q,AE2ODWBBOBD2SITDDIEJ644OSRFQ,AFLW4WXYQ3G6HU5LBQORDDZO3FOQ,AGGRC2P6M43GDEWCAHGYAILCSKTQ","Manoj maddheshiya,Manoj Kumar Sahoo,Saumil s.,Jean-Louis M.,Mahesh,syed azhar abbas,prabakaran,Sidhu",manoj.maddheshiya.manoj.kumar.sahoo.saum15@example.com,5554561727,2023-02-06
"AFB5KJR4Q5FICAHBOPDPUTB3O7QQ,AHW3QBHDOUMXODZ4EAMHD5JMDIDQ,AGXRGH7DLS3RVFS5KWU4PGR3H3GQ,AFLIHOX2HH7S2OJAD63UAHKMY34Q,AEHBE4U3HD6G2TMSHKE7TNZYOWCA,AFHKIURZM4R62UEXTOCZLI2FPQ6A,AEW6K4E5A4RUWRFFUDINQE5WWBSQ,AG4LMDCRAAKD4U2FZ6B6N75KTHXA","Rohan Narkar,JAGWINDER SINGH,Gursewak Singh,Avii,Amit Sharma,Ritesh Agarwala,Rahul hardaha,Amazon Customer",rohan.narkar.jagwinder.singh.gursewak.si16@example.com,5556086216,2023-04-11
"AHBNKB74LGTYUOKPAJBSKNFV45CA,AFIECTV45ADX5YPTE2VU6ORRHTGQ,AFDUJI7KG7VMZF4JGJHV4DBCA4OA,AEUWKSX5ZL7DWOOYVDOWJKBHOVXA,AHEJW5MYVFOQBEXD6BIUBB3PJBPQ,AEM2Y22BKLFYL5BK7SC56Q75ODOQ,AHWDVB4OO4S3YS5RYQZIDBNV6BUQ,AFCEDQXVCB4LUUBWXRJS6KRU62FQ","NIRMAL.N,Manoj kumar,SOMNATH DAS,Harsha,Pradhut Roy,MAHENDRA NATH DAS,Naveen Kumar,Gopi Sahu",nirmal.n.manoj.kumar.somnath.das.harsha.17@example.com,5553325983,2024-05-29
"AFNYIBWKJLJQKY4BGK77ZOTVMORA,AFCTNNMP2LZLY5466YJ5AY3JE5ZA,AG3XBWOAL65DJSBHJ7LQ2K54HJKQ,AF2ZFMLJS4UBCGZO4FMJTEPP6MHA,AFBZMRHC4GXUU7KNAK4OBKORDF6Q,AHSIQL276K7X2UP72QOOOWNVRSXA,AF3D6X5NQWOBOEVVH2Y37N55AKZQ,AFWOTSQXCQJLZ653Y7ACEZADKGYQ","Prasannavijayaraghavan G.,Preet Sikka,Theeban Raj,Nishikant,Gurpreet S.,Manoj,SP,Ashutosh",prasannavijayaraghavan.g.preet.sikka.the18@example.com,5556254747,2024-12-23
"AEO5FHWNOSFBT554DKQAG4ICBGFQ,AGIQ5Y7Q4MKZ542KKVFZLAIZV6GQ,AFD53TWXXCPJAYQJ7REZPW34AKKQ,AHBMHE56M3IAD7Z4KXUKREAZX3WQ,AFR4YULNFZZC5DJOWH2KNFAOM6BQ,AEP5UMK4KDMGZGBHBLZDB2R37OMA,AHLKQWAPXICPCSCIPIF6C6FOENOQ,AHTBS46SCEBGWK4SUH3FOQEORR3Q","aditya d.,Paranthaman,ashik rahman c,Rajas c.,Madan Tejaswi,Sumit,chaitanya srikrishna,subeh sharma",aditya.d.paranthaman.ashik.rahman.c.raja19@example.com,5554427660,2023-06-02
"AHEVO4Q5NM4YXMG2HDDXC5XMBGRQ,AFZPH7ZAWX5VDY3HOBNYRDGIDBVA,AFURD6VVHRG4HZ36KXGXYUTVUDLA,AHJF5BZJNDLXJXSW74ZPLHGO7GUA,AFUS52CHEA75E2YGQ6SYGP3PKBGA,AGS3YC22FW2PCSH3I7ODDXETZ6BA,AGGI2H2AGOIX6IBDJRWULYUP5DPQ,AG4TU4LCQXF2XTLMMGMFTNWL3OOA","Rahman Ali,MARIYA DASS,Md Aftab,roshan s.,Mohan,Devendu Sawant,Shek hussain,Prathap Pathaneni",rahman.ali.mariya.dass.md.aftab.roshan.s20@example.com,5558693535,2023-05-14
"AHIKJUDTVJ4T6DV6IUGFYZ5LXMPA,AE55KTFVNXYFD5FPYWP2OUPEYNPQ,AEBWA5I4QFCA3P3OBEPMELBGN4GQ,AHMGAC6QM62UXNEOCZIHLHSXPP2Q,AFHROSCGIXUPV3FYQ7H5QOD46Q7Q,AEAMIR3CMSA32IDEINSJKHRNANTA,AF355FTXYAKFH5NYPRTE7SL3WO3Q,AG5DWPD54QGSLWJ6QUFERLPNAX4Q","$@|\|TO$|-|,Sethu madhav,Akash Thakur,Burger Planet,Justice ⚖️,indrajyoti d.,Aditya Kumar,E.C.GEORGE",to.sethu.madhav.akash.thakur.burger.plan21@example.com,5551748005,2024-01-20
"AFSMISGEYDYIP3Z42UTQU4AKOYZQ,AF5ILQY4KFDTO5XHHBJ42W5DXCZQ,AFBK3X6D3AHEHSYYXPL4L6JEMSLQ,AFNB6YVNGE6IT3AWQVSIG2TJ5L3Q,AGGKMIGXUM3JRNVY7HZ3JHPJ7WTQ,AFMECPERM2GI2XQJSBWEPZKODISQ,AETPKXNOTUEX5GH7WL7XQHDR5M7Q,AERFCJ6BOMVO5YW5XM5Z2ESOIK3A","Ayush,ROHIT A.,Kedar,Haran,Santosh Ghante,KRISHNENDU,Harindra,sangamesh",ayush.rohit.a.kedar.haran.santosh.ghante22@example.com,5558485646,2023-01-21
"AGVUE2NFN2MQEOQ4PR525B2ZI5PQ,AFO4M4BQ2WS7A3LPKJY45B5C7DYQ,AG6CREU25N6P2H7RCHNIU6GGJ5BA,AHFITGJEF76CXALJZLYP6OIC4EOA,AG54MN24SX3EMMON4AMBUNL74K3Q,AF3GETWWBGMLASY2KKNNBS2VO6DQ,AHEIPXMFMVWHNPLGUXUIV5XNP2SA,AFWQRBBVJWYTYUFQHUJE63S6VXJQ","Yashpreet Singh,Abiram,Aakaash Ramchandani,Amit katoch,Avijit Basak,Anirban B.,Dass,Gopalakrishnan",yashpreet.singh.abiram.aakaash.ramchanda23@example.com,5557984862,2023-03-24
"AFUT7ANZTZYGLXU65EQ2D5OP6UMA,AGT7YYJVUC6ZHRKQHVUQZMDNLXEA,AE7OMK3IQJR2U2JZE2HQ4BKSPA6A,AGCRCU432TIF4J2EL7GBEWOIULGQ,AERQBL3BISJQVHO3RLOOA4HKZX5A,AHIWNZ2HBQAHVE4OWODM6WH4PMOQ,AH2347WTE3DZ3TIZUB5LCLZPAYEQ,AHIH3QL5XONYJWEXF7VKLFHZBDJA","ATHARVA BONDRE,Sujitkumar Thorat,Chandrasekara rajasekara reddy,J vasanth,Placeholder,roshan,Boopathi,Rajesh",atharva.bondre.sujitkumar.thorat.chandra24@example.com,5559030713,2023-07-26
"AFYR53OTBUX2RNAKUZHUJ4RFJJNQ,AHR735YWWYFTQI5VGEEYP3DZPB6Q,AEO5NTPVZBDP7EHO2NOJ3Q6QPN3A,AF7S5C6MJ7XPJ26E3U3Z5TIWHRMA,AGY65IJP7XREWO3GUDT46474CYKA,AE2E632GMYL5U2ESNXOX5UT5D34A,AFHE44JRHYO42EGIWNM2GC75ZIJA,AEMJJHRL3DAOOLBWHIDSFW56MJWQ","Anand sarma,lokeshnist,C,SAI KIRAN,Amazon Customer,Jagdeesh singh,Kalpit Sultania,gopi",anand.sarma.lokeshnist.c.sai.kiran.amazo25@example.com,5552731713,2023-07-20
"AHZWJCVEIEI76H2VGMUSN5D735IQ,AH2DFUHFTG4CKQFVGZSB4JHXSAWA,AGYTSAUTXMOPROERNJPXNEB2XWNQ,AF5JWNCDVWTXOFCICR6IYNOEQENQ,AEEFM3W6RGC2KDYG5B6N7VQXR4QA,AGRT55DXEGF2EOL63HOKKKBB2KFA,AF6R7AMFHIWTMNFF6WPGFDOF7Z5A,AEGXNM3XGAHJGUJ7MIFPE7QFMJHA","Amazon Customer,Govind Gujarathi,Vihari,shalem,Tejas,RADHA krishanan,Vasudeva Govindraju,Amazon Customer",amazon.customer.govind.gujarathi.vihari.26@example.com,5551055349,2024-09-21
"AFA332YHUPB6I7KMME7SOFX5RKQQ,AH3LHRL5P4YAVOQQCH72G2PJFXSA,AGUUHLF34AIEIOE5KULXXVWKBCMA,AHWY6IG3PXBBJMLVFMHHKM25BVCQ,AEOKB3ECJUM6UQOBFKMEMQVVHL4A,AEYA6LQE25O2P6C7XV62XM3YV2EQ,AHMKSLALVS62JUHSHAI3FUXWDYYA,AFZIZOK5KDBOB5QCHUQRR2ZWUYKA","GHOST,Amazon Customer,A Vase,Mani Jha,Anu B,Ganesh Inguva,Prabhu,Amazon Customer",ghost.amazon.customer.a.vase.mani.jha.an27@example.com,5554127555,2023-01-17
"AGBX233C7B7D7YZEL7ZLFWMQKFDQ,AFKSU4D3IE4KNDBVVBEA3AHDD2YQ,AHJK4PVBRGDX4N5LYA4EKHULJOPQ,AFW6NV5N3FUXV3CNUACPSYC5AB3Q,AGOCMOZJWGI5VHFT2RZLTQFZLKPQ,AGX3GCRGFU4IHAJZRUP655EEGSQA,AEG5JOZOUBWEAZOGQQR6YDVPTL6A,AGUQYXAUPX5VOWYZTIWXMUIGVGCQ","Pravin Kumar,Maestrov,rag,Mukundha2good,Amazon_Shopper,Sonic,Pratap,Amazon Customer",pravin.kumar.maestrov.rag.mukundha2good.28@example.com,5553706160,2024-10-24
"AGHYCMV7RJ5D76UEZDZJPPEUGU5Q,AGKG3U55NSBTQ4QBDCGLUGSEEICA,AEK7TJPOW2SWCHCQOA7OEGXDZPCA,AH4QNGP7K2SO6FBWTS4Y274VHV6A,AH6CX2UTCOW6LXS74QK3TCQOHRIQ,AG4T75DAKCNZ6EPYPMKBGV6J54JQ,AF4GBAADHEMI3ZLPBAIZWYWN7GJA,AGOMXFNBIQBEWLN4JDC65FDPTBDQ","Rishabh,Amazon Customer,Darpan chauhan,Kumar Ketan,Amazon Customer,jayaprathap,Nirmal,Mihul pandey",rishabh.amazon.customer.darpan.chauhan.k29@example.com,5558183786,2024-02-22
"AHMKXORT3VNMB75C3EUBYMFYELFQ,AEKJRELVNMICYPOYTKMVF52YX2WQ,AHQPBXZSJ3XZILPJVXE4BN7ZL26A,AGELSEJKLWPVNPXQ7DGK63PEQF5A,AGGBXJFPXZVOJMMB6MMQOPLCJWGA,AEWA5TH6PMRZXMFY5MHCIU2MNFHA,AHPDFQLNLMNV5X4QNH6J7IUMREAQ,AGKQKPUOEC3LQR7GHBQYAHPTU4SA","Pratyush Pahuja,Thiyagarajan,yeses,Amazon Customer,Ajinkya,The Scarred Man,KULDEEP GUPTA,Abhishek Thapar",pratyush.pahuja.thiyagarajan.yeses.amazo30@example.com,5554977656,2024-04-21
"AEQWVGESA7TDGK7KZ4DAJQGYH32A,AECGAMNNIMW5QOPOBXRYQAKMQGEA,AEA5X2W76STDCKVMFZ2WP7H7QFUA,AEWMPOUFVOFZ3WMJGHLOYQ7VGUJQ,AGLVW6SUWTW35HT5AYQR4CKA5IOA,AFSU7KWDY4KGQSFFCRXJ4IPJREAQ,AHS7DI2FACP3P3FNVH7263NLW2TA,AELNHGVCLQTWAEFDH244JJZZSVAQ","Verified Buyer,Avishek Majumdar,Drowna roy,mahaboobali khan,Aamir,PRAHLADAN K N,Abdulkadir,raja",verified.buyer.avishek.majumdar.drowna.r31@example.com,5557814360,2023-01-17
"AF477BP57JM7Z4JD4PYB2K33R6AQ,AGTDD34Y77OB36JNYQWQDN7MHECQ,AG7POKBSWQUO4VOYD4HDWYKMMJ4Q,AFZS6H2ZFJEJHRWIJ3IYL7V6KRPA,AHCYM2ECKI2MNOIDHDG4PT6IIN6A,AECZ4IP3TBM4EUG52BZAOQV3EKIA,AH6RQDXZYKAUPNBOYC4NAZERTFOQ,AFTVETL4HGH4KRUF4NXGJUEDPBAQ","Placeholder,श्रीPKजी,Gauri salkar,aQeel,Ashish Raj Arora,Ankit,Amazon Customer,Ramamoorthy Jaykumar",placeholder.pk.gauri.salkar.aqeel.ashish32@example.com,5551758539,2024-07-02
"AF2IRSQZKMBGX44YDNUPYRHWXOZQ,AF6VSSXOI3Y4PZCNRJ3L27NCXPYA,AHQKC4MLLVOPBTKJFDBGTXFRKLYQ,AGX5ELLH3KJJ4CY2DJJOXDSOEI6Q,AGJ23TWSY6YFMAVSEAOAUEWO4QLQ,AFOHB4M2RWSUQ3SSZWPMD2FPH6PQ,AFVHKKOI25DAQSETPL7Z5W5SIVUA,AE55WJERHR4C7SEAIWX4JJHFSZBA","Wraith,Krishna Engineering,Kindle Customer,Deeps,Chintada Bhaskar Rao,FH,Vasudev,Done Chandra Mouli",wraith.krishna.engineering.kindle.custom33@example.com,5551242369,2023-11-16
"AHUH7OYN3LAUATF5EGA575WCDI6A,AFQRX6TAM6CHKARXIXR25X4Y2K2A,AFIAYICSN46TZ373SYU2DLQH7MHQ,AE7O44O3ZCU6YCS56X4UBNSMN2DA,AG7KTA6KY5FALZELPIEMQBXP6TYA,AFW2YA3CWHADWVPZJRCSYJJ2O3YA,AGOGMKLERURWSCD4RIH53WPEVTWA,AHXAYZML25KY3YMOTME234UUGWXQ","Anmol,Vani,Tejas Jha,Rishabh Gupta,Nik,Harsha,Thota Srinivas,Lokesh",anmol.vani.tejas.jha.rishabh.gupta.nik.h34@example.com,5559188282,2023-05-27
"AGDOVGWZKEQ3M6DA2GHV6WUZT5SA,AGEUXHN7U2Q26CM6TFOTW7GZXFXQ,AHYXZVXUY3QTBP7IBFIUBSZVH2XQ,AGO4OKG6KVBAAE52Q62JBKHRDFFQ,AGOARJLTS744KQC3BTKT5KQVOJUA,AF6XISKAQXTX3Q5RUF2M2VKOJ66A,AEP6PYK2DLTD5UCMURSUNUE4IE5A,AHJSNMHQQWE6LMFRATH5LLJBQQXQ","Abhishek Kumar,Arun prasath,Naveen,Harmit,Placeholder,Precision Engineering,Senthil Kumar B,Sasikumar madurai",abhishek.kumar.arun.prasath.naveen.harmi35@example.com,5552842457,2024-12-03
"AHRUMHBZ7IAQPLH4W5Y3A6HLQFVA,AGSJW5TCLJEKW4HAJAA4XRRNDAWQ,AFPK3KEV3ZSEJ7K6U6C3LERQ2E7A,AE43YOKQNGCH4SSBHBYFXDSPX6YA,AF6UDET5A7UZVF6X6PLTCNPAG2JA,AG4NQECOQ6XL3YXY2ARSILF65W6Q,AGQKQGF2M565PCZ2RPUYM7HIWH3Q,AF5PAF6QWH67HHLGCH6LBYQJPPUQ","Koushal K Jain,Mathew Jibin,Jeevan,Hemanth J.,Rajiv krishna,Mohammad Thayub Pasha,MANOHAR MALTHANE,pragati",koushal.k.jain.mathew.jibin.jeevan.heman36@example.com,5559043433,2023-05-07
"AEYHTCWWZYU3JQBU6SLNFFT3OMVQ,AENQPV63OVBZHJ7L7V37M2ADFY7Q,AH7J7BCTWAMK2REWT4AMA2V5DPUQ,AFZSC27UUKDN5VYQVMAPYZNQTULA,AHM56NVJXROPTI5WICZITI4YAZAA,AEWZZXQWEU2QSVBCT7AJQ3FXMZWA,AFBLTBDVC23HRPXW2OQ2JDV3BNNQ,AGCX23QVQFBCYCAUWQNM4YHMKMQA","Shiva,Uzef,kottala samuel,Renjith,Dhivakaran,Mark,Utkarsh Tripathi,Vijay Sreekantan",shiva.uzef.kottala.samuel.renjith.dhivak37@example.com,5553027240,2023-10-27
"AHB43CZ4RHLJ5S6CBOWX6MEI7J4Q,AHP24JLRZ2DTLBEX22A6DVUJDSBA,AGLKKKJCKHZ32S7MCK46JWDZ2A3A,AHXCZCBKCKFAOJJ2GOCQS3OKPQOQ,AHZ4UBDUCUMY6IGCR67LB4P5RBXA,AHCGV72I3RKXOSSUNK3SQOB677NA,AFTCOTLY72MCSV5WHMHSZ67ZZG6A,AEF55HUCR2L3DMBXVV4SGD55JKIQ","Sameer Patil,TechnoLoon,Deepti Rawat,Ajay,Sagar Rastogi,Gangadhar Rao Nepa,Jaydeep,Rishi Kapoor",sameer.patil.technoloon.deepti.rawat.aja38@example.com,5556921840,2023-08-10
"AEM356PVXFHAXWV56KDO75FS5WPA,AHVTFTBEBRRJCG72ZG7ABDNQSAOA,AHFTFGF2YB5ZEUB3NC3KOBGZBG5Q,AEI36WUCG27UYFAGDF7HX74VEGIA,AGW3NGXVSGUB34Q5V6ACANURQMGQ,AEIMBDWSM42YEDEE6476WUXFZJHQ,AHM5MCT3ZO5Q2MBYZUDB6UI5AXLA,AFTPXYKUNENYJVDOC55L2CJXPXFQ","Paul Joe,Simon Rex P. J.,Santhosh,Rajat Singh 2,Placeholder,Jay,VARUN PANDEY,Jai Jyothir",paul.joe.simon.rex.p.j.santhosh.rajat.si39@example.com,5559212230,2023-11-17
"AE47XF2766XJOEOI42DVP2HMB4YQ,AH6JPV326WGUKC2J4EGVP3IN6ZLA,AF4X3QT4KW3DV2HUMQVSOJDISOOQ,AG46FAHE6KV3OQCLJYKRDZWNNYGQ,AFG6OH7UYU5ZITX4NE2KQR3DX5SA,AFCZMUBZNRVRW2EJJKK5PN2YQZVQ,AHDMHAUOY75NWLNOF3X4UPNKXFSQ,AHWCWBYXHX4QO7ZOFUYIUFTTAJIQ","Amazon Customer,DHONDU,Saurabh,Promod George,Ramesh Haran,mram,Placeholder,SHASHANK",amazon.customer.dhondu.saurabh.promod.ge40@example.com,5559125005,2023-11-18
"AGA2PZGWMQIRA46VYOTICFE7KCBA,AHI2QJ4CLTCQWACDIC2LDFJPDAPA,AEXAFY7V2ZRZI2GD2J6KDOWBZUBQ,AHAEBXTXQDY355AGFMFX3Z2VAAUQ,AETRIARSUFSMNG5LFJZMW6CBJMMQ,AEHQQTEDMSXRGSBDDEIH3JF4AOMQ,AGMG74N6WQGI376W7GEJJ4XD3ARQ,AG7QMBEFFY2LJJKKEVWMJU2BMNRQ","nilesh,EAGLE,Manoj KNS,Titus P.,Paras singla,arun,Ankur Awasthi,BALASUNDHARAM B",nilesh.eagle.manoj.kns.titus.p.paras.sin41@example.com,5552600440,2024-06-13
"AH5G2FWQ6AJBXK2IDCA22BNQTT2A,AEEV73PQDYYMSQSW46LQMZ526YVQ,AHWB25RGISH5XJ2YQCR4J6FDBPOQ,AE2PYPC3OF2HEF4NCE63FBFFFOMQ,AHYUM6XUA4K6V4QEAPT5MLQQIDPA,AG6U2ZW7UGA562DK4W6NVANEMKDA,AFALQ6JKOEKVRVI3BZ2G5PJ63HQQ,AGAXJLX3K3I7WQKQA4Q4NT2IJ2WQ","MONTY,Qais Makani,Rajat Shuvra Roy,Amith PJ,Dheeraj Agarwal,bragdishwaran.u,Amazon Customer,VSR",monty.qais.makani.rajat.shuvra.roy.amith42@example.com,5558958769,2024-05-04
"AF7IXQKBUL6NEIQG4R53LMJJUGXQ,AFODI4XXHXHBFFUHK7N5LVKWEXTQ,AGNONTMQDE5KLLDEEB57Z3C5WAEA,AFW6NV5N3FUXV3CNUACPSYC5AB3Q,AEW6KBDGJEWIOQKAW3FP74GMV6TA,AEGT7WPGXXMSH5J3LZLL6CPJ7QMQ,AEKCUG7WMX6KMP6VFBWI3ICW5CBQ,AF2544C4RGIBQX7Y4JMKMSMXMRRQ","Neeraj Vishwakarma,Siddharth,SD1908,Mukundha2good,manjunath h,Vidhi Nigam,Amazon Customer,Tarun Gupta",neeraj.vishwakarma.siddharth.sd1908.muku43@example.com,5559641153,2023-09-08
"AHDFR3PDKEBV72HXRL3RJJLS3YYA,AHYUZ2BLKNN6UJLFYWCXCEFZTOVQ,AHBST4ZJ5665DV2TCR4W4J2OI3DA,AGHPOFCHZ73Q2Q2IFTCJLUSEL2NQ,AHOMYGLSLJLCOT7Z24PZSVJY3LJQ,AESJE2EZD7S7WOYBN7RE7ZF3J2MA,AF23GXF525XSMXPJBEHP4SPKOZNQ,AFX5NHAAOUKKENAT6GWNKY3X5YTQ","Anonymous,Sugam Agrawal,Diganta Gogoi,Amazon Customer,Saigal84,Sonal ashish,Arbind Kumar,Neeraj yadav",anonymous.sugam.agrawal.diganta.gogoi.am44@example.com,5554457718,2024-07-31
"AFWJSD4AVIM6DC3YA63G2QPENQSQ,AGKSW3FNH3REYN3OKPKJN4KWXLMQ,AEI7HJU4RFV6NR5WSRDQV5ZSRYSA,AGFN3SLEECW6DYL2CVGLIHJCVVHA,AGY7ZX7WDDSGAZJBPPS3MCIL7U7A,AEX422U2J6S45PAKDJIFJB7WNVLQ,AEHU6ETDR7HVQOGLKITDETHZEO7A,AE7VL5JTR7ZZ67UPBM6KP2NYEOYQ","Arun verma,Arv,Aashna Nasta,Harshitha,Sunny Panchal,Snigdha Mallik,None_123,Ravindra J.",arun.verma.arv.aashna.nasta.harshitha.su45@example.com,5559710899,2023-02-21
"AFIU4APGHOFMXEOVMSQMYKMZ46QQ,AEOFYPCJJQYCKISUR6EC66IZH23Q,AFZSMXS2MILXOSTT2ZEJDE3W7TLQ,AFREYXJZFUSZT7YHDJ4JOF67O6VQ,AGMQDZGGSEBXX4KBJOBAGIFI36OA,AHJ7INNUX3KZSEZRJKFMRJAX7TZA,AGYTCTSUZJJZTK2XVADTQI5MYUFQ,AFZHLQMILG47ZESR5TLNB5QK66HQ","Amazon Customer,Yousuf,Raja Laxman,Pooja Thapa,Selva Vellingiri A,Nikhil Padwal,Bipin,sandip",amazon.customer.yousuf.raja.laxman.pooja46@example.com,5555036735,2024-02-03
"AF36YUJUEUU3SA42PFAULM2F5RYA,AESE26BMILSD6E4AVO3YM76G4UPA,AFFB6IUQ46CEIYZ2U7OAYVKAL5RQ,AGHGLXUVEHN4NFA3CCYIUFWBIC4A,AELBYFRFAGLMXQQJKVDUWO7QX2VQ,AHF4A3ZGP7G6JLXAAJ77O2QDJSEQ,AEGZCGGDNS4ZRNPG3CDULRVB5Z5A,AE4YGDAAZX7ZDDGP4BTONW72CMIA","Vipan Agnihotri,Hitender singh,Anuj Chauhan,Mufti Abul Hasan,Amazon Customer,MDR,Jai kumar,Rohan Wakade",vipan.agnihotri.hitender.singh.anuj.chau47@example.com,5555188205,2023-02-14
"AEOM4KLP4SKKVSOCAMP7ORLGPGUA,AE4VKQV43AJEZDWE4WVJWFDY6RVA,AGAUULKME2K6WYOHPLL5XT5XLQGA,AFP5TMKVX6PTNYNMLHFCVDXCTN4A,AGNYTWD4ORSSUWNGICU3TRNRMRIA,AGQCT5HPQJXUN2FVZNCBSEQIYDPQ,AHWMHRT7TOMXLYI3XYM4K4OY3NEQ,AEXIFRBO4546MRMJHYKE2AH26VCQ","Jacob.,Dinesh Ahuja,Ashith,Pravin Chavhan,Anil kumar sharma (Lucky),Customer,Debashis Sengupta,Sridhar",jacob.dinesh.ahuja.ashith.pravin.chavhan48@example.com,5552368901,2024-05-14
"AGH3POHLPXABF3I4ASSGTRXAUPPA,AEHVZHMJQYG456XUPYSWK7PWAJAA,AFBPPGDHU5S2IR5WEPYWGR4ABK4Q,AGEYWCB2JWQR7C3RF2SEK26PTK2A,AGWXGUALH6VESAYTZGWBZBUDTWFA,AHCG74BCEDINDMRYYF2QPYY3OHJQ,AHHGEASO3BOC2ET23MDU64DKQ5OQ,AF7TKY6E2EO7NSSPHFYFGE4FJDOA","nisar,Pralipta Kumar Sahoo,Vimal kumar g s,Amazon Customer,Amazon Customer,Amith Kumar M,Ekant Sharma,K R S",nisar.pralipta.kumar.sahoo.vimal.kumar.g49@example.com,5553279617,2023-01-09
"AFDCSF36NJYXASQOJCQWFQTN7SDQ,AGHRDOQP7F74DK6KEXSY2NLLKZVQ,AF7HUEJWED3ZUCLTT2MNQDL5BQOA,AH62QNZEYJYC6LNXAJ4BXL6JZZEQ,AFMQH2YLIY5ST5VNIUADLQYIUNAA,AF5TLUDL3JKYZS74QEAMDMPXC3ZQ,AF57UETI4YHWNPSAOF2OVMNVV2JQ,AHNI4LKKPLQLDFCWJZ24SX4BGT7Q","Arun S.,Jeevan Prasad,mitesh,Tasmai Agrawal,Parvathi,Mohammadnaeem Surajwala,Suriya,Amazon Customer",arun.s.jeevan.prasad.mitesh.tasmai.agraw50@example.com,5555953053,2023-09-25
"AED54H4JXQGZT6GANH6PJN4SNU7Q,AF652OHBGHAEER2HLOH45T6E65CQ,AFJLA3VGFKFSX3VC6UC4ZAYVR4DQ,AFGQN6RWDATMEVHEO5POPH6VYFRQ,AENYOOBQJZGYT4GNQRR3YEKI7KAQ,AHKZN2KHHR7CQWCGJDX26C5TBHXQ,AHMJ5EEDULQII3FGSNR7PSHQABVA,AEA4764BEJKLL5UEYQ75K6TRRD3A","Periyasamy,Madhusudhanan,S Salman palka,Sumit,Syed Amir,Arun Nihalani,Gaurav tyagi,LK",periyasamy.madhusudhanan.s.salman.palka.51@example.com,5557509757,2023-07-26
"AHDIDVECFGA6OQRNUBPUO6366UGQ,AFSII6HTAHTHGXERUNDOISNWZUNQ,AF64ON4HPPVD43H6PK3CHPTTYSSQ,AELNBR4H6235Y7NVYNCGNABDIDFQ,AF35OXRSRJ335IGMNW5FYCJDLHOA,AE3CFONNMANNC5QPYIAXV67EUYUQ,AHCWRQHRUAVMTMUH5NYNB3P4NWEA,AGKZVBLHK472MSGAAUABFRZL7SYQ","Binu,Sabjan,Ramkapil,User,Amazon Customer,ganesh,basavaraj huggi,Mangesh Borkar",binu.sabjan.ramkapil.user.amazon.custome52@example.com,5551851501,2024-12-01
"AF42EMTPEJAL4LNEPPX77TN77UHA,AHBMZRY43T2GTYDVNFMUVASIBTPA,AECCRE6ZTCPFGPVWDNY3IYYHCMOQ,AHOURK4XKLPPC4VHEDJ25NP64NPQ,AFC5K7RQQYKFB5PV47KAX2CHVIIQ,AHEVOBT5PFXMIS5A7GAXRG52XARQ,AHNOMOD65QU6QKFP3AMH5QPGQO6A,AGN2VH6RTYG5CM3YVH34VGYJFO4A","pruthvi natraj,Phani,Amazon Customer,TechDevoteeIndia,Devanand S B,Anuradha Banerjee,xxxxxxxxxxxxxxxxxxxxxx,chintan",pruthvi.natraj.phani.amazon.customer.tec53@example.com,5553828810,2023-09-26
"AEITVIFC7WZAEQDIVWPB4KUGKLRQ,AHQVFZCGAMMHEBBOY4SXBSRF3ZDQ,AECB6RAIS3NCSRCNMUWNZAQARNMA,AE43KS43Y6L62UBGG6K64AD5OISA,AGCBWB4YSTCDFAERTYIJ52KVW6EQ,AGPWASWUND4PQYWAP6ICZEPQCWZA,AFHT4L657CBTBKZ2UZEYQBAROXNA,AFQEZSS2I5IGAKZY3Y3CGDZLCJIA","harpreet,Y Kiran Korneli Reddy,Kadir,SP,Mr Sab.,Rupesh Singh,Abdul Maktedar,Anshita",harpreet.y.kiran.korneli.reddy.kadir.sp.54@example.com,5553432039,2024-09-28
"AG6WSLLXZY52HSQUY5PRCXTCYQYQ,AHGJ2DNFP3OJWO73XW2R7TDXI7WA,AGIC6PASSVB4T3KTZHK6ADD23GCA,AH4TEK5IQCC2BSF2KSQNKQEXAPLA,AFJIYRZTBOJBOWYQ5RNA36DBBXOA,AGCRWRS4RJYVGVKINV3VAR4CGDWA,AEGPWBXEAWPF6XRT7EZJOYJQA6DQ,AF5BU6DZ446HN4DTCO7W7AWXBJBA","prateeq,Suraj Chand,viswanath Raju,Ramamoorthy,Nitesh singh,Adnan,Kailash,Chandani Dinodia",prateeq.suraj.chand.viswanath.raju.ramam55@example.com,5558996039,2024-02-16
"AF6SKHWKK53BMAI6UVJA5FJMLK3A,AHIWSTMUSIYZAZQAMOLMPJHR7NMA,AHYDC5KBSNP2LD5ZV5SXO3CQSCDQ,AGACLGW4IBQOHLA6UJBIUNGVBRMQ,AGFX4BFHOC6FXDFPD2O24RCD32NQ,AGMXX5UGO3VXFAN2HOVYOWQYTRYA,AGNGZAPY5HMB7OOQAXQ3MH5OLVSA,AHR4VQLVSWORK3A35U3QA6IOEEBA","Thenmozhi,manish,Brajesh Jha,sushil kumar,Prasanth,Vishal Mehra,LmcX,Prashant Parkhe",thenmozhi.manish.brajesh.jha.sushil.kuma56@example.com,5555087213,2023-01-18
"AFXQSBDW6232K22UMJWF5PMYX5RQ,AG4IENR3HNMEINBTJS3PET6VQY3Q,AEYIYXI67FZ3H57OBTA2BGZBGTHQ,AFUSP4NL7DIIS7CADTLDHGFLNOMQ,AEJG6XAZFMVQ7NRKCXG3ZCC3DIVA,AFIS3N547NISE4TGX3YU6F4X2AGQ,AGIJM2HE6GKI3I75OJ7PODHPP67Q,AGNXWXFWLOYZAYJ5PRIM2NB57E4A","ARUN KUMAR A V,Ankesh kumar pandit,Pradeep,limugha sumi,Amar,syed akrampasha,Ganesh, Tamilnadu,T Karthikeyan",arun.kumar.a.v.ankesh.kumar.pandit.prade57@example.com,5555780968,2023-01-27
"AGZU6C2XL3X2B4NEWLQJDSJ75QGA,AHY62YAUHMMGFKSBGCECVGKXY2UQ,AEMGDIDXCHHDMTAJHRNXBUWISFQQ,AHQNYNRXESALGWMUFS6ITFGOVGMQ,AH7GOHZT6M5G6ELWPDTVZVKRZ7ZA,AEHIRIOGHJKVTFYHFZVQ322CMZMA,AFUU5Q42TD7WLXRGKOBMRGUZWRFQ,AFUV6WMMWSY6UM3P6ATQ6SME3H7A","Prashant Pradhan,Raghavendra Shetty,Shiva prasad,James.faihriem,MANI TEJA,Christopher R,PG,Gangadhar Kotapatti",prashant.pradhan.raghavendra.shetty.shiv58@example.com,5556849349,2023-06-04
"AHVZCQP5SYIVGZJK4LRP55ZXWETA,AF6YDBL3KYIK3LBKKDIHUMOLKN4Q,AHKL2U5BIK4ZODWORRJ5RWNLL2TQ,AFKZHMXRXMRTVZLMHATTD53AVKRA,AGFTWXF3QWIHMPN7SMTSHB6HNJ7Q,AE4G376L73UNPWICYOSYO2KNXYJA,AHGFA5MNVOFDMIL3322YZ6IOA5VA,AGUR3CFYVZUMDJQIESKOIQOGV7AA","Hremant,Anjaneyulu,Madhav,NOTTADRIS,Deepak,P,M.SASIKUMAR,S.Suresh",hremant.anjaneyulu.madhav.nottadris.deep59@example.com,5553643676,2024-04-09
"AEOIHOJD3O5MYSVWZOBDUJGYWZGQ,AF6LAYTAGSTBKL2QUF3WFB6OMCPQ,AHKXH7KSF7CPJCJMHB6B35VPTETA,AFELQLNWTS4QJNCCA4ZDTWHVORJQ,AGGE54AKRMX2XMQWQQTSUOPL7CHA,AG7ZAJNX4XZ5LTA4NLWBHTCX2V5A,AGYSVNZMQT5LOVKHSCYDE7OAPKVA,AHAI6EM7F7W3GV3SUIDSKWTBJOSA","Ravi Shankar,Prakash Luhariya,bhavesh sabalpara,Anup Roy,Hasibul seikh,Manoj Kumar,Amazon Customer,DEEPAK  MAZUMDAR",ravi.shankar.prakash.luhariya.bhavesh.sa60@example.com,5553447002,2024-05-16
"AGE6O2NLNA3NUGORPU4SDK2S23QQ,AEXZDEFVFQ3LW6DKHRGXLPWF63DQ,AHU4FNYTFWSGG5TMN53LED2U7X2Q,AEH463ZLT7U67XS3DWK2Y27GLVWQ,AGOXDFXDUHGRNK5JD2YNYIZ72AEQ,AEDLXBJM6UISEM4SXR6YUIY4KNCQ,AGHUNVKMP4YTSSYUDMEX3JJJ5I3Q,AH5IBUYCUMQE3ZLKBJ3PLWNMXDIQ","Satyanarayana,mohd irfan,Pankaj,Shirish Shivarkar,Thomas,datta DG,NB SHOP,Vijay",satyanarayana.mohd.irfan.pankaj.shirish.61@example.com,5557999037,2023-12-28
"AEGZSNGSJJAEMJ3RRNVZTKUILOHA,AGX46OTZ7C4VDXH4UA7ZAZIZUMYQ,AEDLLY6JXNCVYIW227SBCPVYHNUA,AGTJ44UNO6K5X567YLQPYGN3TV4Q,AFYCBABBI2GCQRSCKIRHPLQNO72A,AG55XGEMTFKS7BXQTNFKHFTMMW5A,AGQYGAK76B74HUWOOUOFTXH2LAZA,AHFHIY2KE5PQIJ6H7PKV6N7OLIZA","Vijayan C V,Sanjay P.,keshav,Dharemesh K.,Amazon Customer,Rajesh,Sagar Yadav,Vaibhav",vijayan.c.v.sanjay.p.keshav.dharemesh.k.62@example.com,5552608878,2024-12-16
"AFJVYK4FXVGRSTSLGVUE5JGB2NVA,AEVJIJSEUXPBRKOQ2PB4JNBUTFRA,AGRLDCPA7VJZZTV4GUIODVQ3DTHA,AEUDATTJUCKFQ5ETVLUU57ZZ3XXQ,AEGR6ZYWXPEZWM7JUEBWQHAOPS2A,AEETOHX32FYDRI6SIAW7L76Q2NHQ,AELSOXQRZBOFSSY4HJUR4Y7ASQBA,AFJ6ALITTDOSUNPSFLRGDVIAEWBQ","livin sebi,Anand k.,Rahul Pandita,Fazil Mohamed,Steve,Shivasunhith,Varun Kumar,Advaid Haridas",livin.sebi.anand.k.rahul.pandita.fazil.m63@example.com,5559091479,2023-06-02
"AHH2TIJJ2IGD5H3DJO3FROUHRRSQ,AF37X7ZH7JPA6H5Q64NV6QFIBCYA,AFKT7LV4XE6XJ2VTHCBHPQECW2RQ,AE7GGDNBOHD2JQ2X5JPD666SAQOQ,AENNAVVG4GBJKDQKJXQUEKQKTXGQ,AFPSO7EYQBYVEJGD4TAT7YFCM6UQ,AFV5W5BR6PKGHPIG3J6TNFK7BSXQ,AHILALAA7Q6SQRTFJVLT75P37FXQ","Gopal krishna rout,Customer,Amazon Customer,AMAN KUMAR,Amazon Customer,Ghanshyam Hemade,Satyam Pandey,Amazon Customer",gopal.krishna.rout.customer.amazon.custo64@example.com,5553179387,2023-12-16
"AGU76WKSU62DUNTPCMTC4FCUNRTQ,AEOVR6JEQTAC77BXE5AJMWJGG5PA,AFIFHW5QMFMTWXNZ2JORBMINL3CQ,AG36G3XPHERLKRDG7XYQ2IWJWPIQ,AFEOAY5PB4XEYIOL6DY5WJBOYSKQ,AF2EHSXFZWWS2YEN22DV2ZCJDZZA,AGUFRJ5TPSUUBZBNRWHDRJV4VMQA,AGYEIMSVEDOLA2OV3DIOGX2IMCBA","Actual user,Shanti lal Gurjar,Gowthami,Amrut K.,chetan tandel,Mwnzil brahma,Amazon Customer,Karthik",actual.user.shanti.lal.gurjar.gowthami.a65@example.com,5552534848,2024-10-11
"AFRONQAZPYZARLWLDQM2VXS7ZTIQ,AGA5INGXTDEODK7X55L4WXF6DJNQ,AHTI2CPD7SANQV7GK4FHIKCWJ7VA,AFUYGZVKVTGAEIOV2UCYF5JPXSCA,AHFVYKQ2L4PSG4EKGA4GLQKQT2NA,AENTXYVP4NNTWTHTYFRTOOY2MEAA,AGJS36PNW27URDEUJGCT2OLR3Z6A,AFG6LFTPXXKNHXVGXPDM6P3CCAHA","Nilesh K Salvi,Amazon Customer,Wippingstone T.,Nareshkumar kangula,j.shahulhameed,martin stanly,shekha p,Paavanaarun",nilesh.k.salvi.amazon.customer.wippingst66@example.com,5555168711,2023-03-01
"AEBHZQJ4R2TZ57GOCSTMIP53F4JQ,AHSESHUAGEFQ62M3KYV3EK5K77FQ,AFB3MTOE4VW2XO6RTJGIWJYH5OBQ,AF7CJCAKRIAY4BVN77BTSZYXXIZA,AHW6UBYJXSPOMQVGP74VQ74BO55Q,AGIAEJN4RPI6Z5ABV733VJMBUZLA,AHUELVJPFM3FEIMF2DE7OTNQD5VQ,AHPVTM2FDYB3YW3MXB523JWJTLQA","Vinay,Amazon Customer,Naveenkumar Vemula,sumit,Ajay,vivek rajpooot,drravish,8309-873146",vinay.amazon.customer.naveenkumar.vemula67@example.com,5554217807,2023-09-30
"AEC5PUIW4OSIDDQED7WLXG2S7TOQ,AGVXOHPJT64ZRYKHIDKVJSJGK6CQ,AFQHWSQ7JR7VCM4SWXXIOB4V3VDA,AFXWZKJCBIHCQFOR2RFYUE7UQDSA,AGD7VGYGPRKMQY3XXC4U3XIDF5CQ,AH23AKG5YNJYJ4Y6OYI5H6UBQMLQ,AGKNJPIVMVEHKL6ZFBAQ3CTFZ2KQ,AFR7B35PQ2DLHGMFBSCRIUUVLRWQ","Dharminder Singh Singha,Gnana Prasad Gopathi,arun kumar,Hariram,Santosh,vinayak,apparao saripilli,Neha Chaudhary",dharminder.singh.singha.gnana.prasad.gop68@example.com,5559649632,2023-03-09
"AFZBEV4BOWGRSEH2PK7D65ZW66PA,AFXQ3YGENWMRX36NXEBSR2ROPG5Q,AHD5PGE5RBBE2T3G427T32V7OROA,AELM6ILLTWBSXJXOKMNA2GM3DTKQ,AFXYY4Z4QM34XOLVVYKZSNZGBBBA,AFHZLQ2Q3GSCQCWMF4N66DXXVJCQ,AF62LB4BMTMNZXCHTSXSEKCXZFLQ,AE5KLF5JEOL4PMUGKERILYLPDSNA","Naresh Patel,Bhaskar Reddy,Vipin Thakur,Ramdas  Tryambak  shewale,Aijaz Ahmed,ankesh verma,Rakesh kumar,Devraj Nayak",naresh.patel.bhaskar.reddy.vipin.thakur.69@example.com,5559811117,2024-08-25
"AHDJJLKORMH72SSEBWOVAKE66EHA,AHEONKS6KOZ4SIOZNOLYFGQBXU4A,AEUPILALWUFFD34CNWRYX4PFQKSA,AEKWBYGLEXUNRAJKVPO6HMF52W7A,AETM4APJU6TQILR5HKP3CSPYQL5A,AFOGCVLE7W7ZM5OW3XW7JXCNSIVA,AFLFHQMJXDKP4FNRZVNDLBCI7ULA,AGLH5KPYCT4MGPQ34MNWKLR6NXEA","𝕵𝖆𝖙𝖎𝖓 𝕮𝖍𝖆𝖉𝖍𝖆,palpandia153,Arvind,Nithyadhakshina,Basha_Neerati,shaker,Amazon Customer,D Ravi",palpandia153.arvind.nithyadhakshina.bash70@example.com,5554283947,2023-10-10
"AEXK37TSBFHSP2TYE63YPKETWQ7Q,AEKMVX2VDNNX4ZFXI67SGKMJGZAQ,AFEIIEKX6JEHS3CPGCSIYLGCNKFA,AFDYUQAM7Y56P4R5CREI5OBPHSLA,AGEPZSRFODWZ4XUTXO2HNWLJIMJA,AH25HG24NISHLQPFOZA77WS5CUFQ,AFZ7US7H622UBLYL4ZX2XEHT7FHQ,AFDDH5QGUJ2NHJZBIAPEQVUIQCKA","Sunil Funde,Biju Abraham Thomas,Samir,Rahul Sharma,Avninder Singh,Tribhuvan more,N Patel,Bhavy kachhadiya",sunil.funde.biju.abraham.thomas.samir.ra71@example.com,5557160204,2023-08-27
"AHFENRYJG4LPXDTUGEMG335VICSQ,AGSV37DJ5QTUYOXFJNPD4W7GXVFA,AGDEVIAYABTMIJLTYWTUS5M5VBTA,AFKDGUQ5TMGT3PXBDHAWPRE5CACQ,AHWENSYYF2QDH3EX4REMVGBEMMLQ,AGJOGZAGBMX7PBCUAILD2YIM5MAA,AF5EHUH4GWB7JZ3PZ53Z2DOYK5WQ,AHHT4VWMFYSASNW6RH2Q65C6YNDA","Nadhiyarasan,Saurabh Aggarwal,Dibya,Sai Sriya,Sayed,Bhupendra Verma,Yash suhagiya,Manuj Patel",nadhiyarasan.saurabh.aggarwal.dibya.sai.72@example.com,5557561479,2023-10-02
"AGMJ6TDLOVZIR5ZU65TLJFSLG2BQ,AGPK7U5SHXBYBXEWBTRCIAZSB6LQ,AHXYETFF4XMSAI4VAHP24XL5SSTA,AGMUJCTMBNQBOGHL6UPSSF4KSNUA,AGEUQD256CS42A6PDKDB75VZRADA,AHGA46UDDADBRAB5FOHX6XY2DBVQ,AHUVYZMQ6PWI54UXP7SLLS4ZU46A,AHVS66CFEP5AXDC35N4ME4SU4X5Q","SQL,ARUN KUMAR,veer,Ravi shankar,Shivam Kumar,ramesh,Bibin,Hem Roy",sql.arun.kumar.veer.ravi.shankar.shivam.73@example.com,5556793908,2023-04-16
"AEC4ANXPPWN4RV5YG4JXEVPUXTHA,AGDQOOPS6XJBBWHH34E4NJJUCN6Q,AE7QAFZ3XNWF3O4BK4WIGFB3JGIQ,AFVQ5YGAAENELAHUFPH2MAVYIWTQ,AHTWP7R2AL6U4QIX73CNJ7Y7BBDQ,AEHQERYQKTKY5OMTF5KOWEIVCSQA,AGHYPI3NVH2LTDBF4N7QXV5CQEVA,AHCA5SEFUQQWPNVIGU2QCAWNMDKA","Vivek Ramachandran,Pavan,Rahul,Push,Yuthika Losalka,Biswas Enterprises,Akash maurya,Prem",vivek.ramachandran.pavan.rahul.push.yuth74@example.com,5556839047,2024-05-09
"AGACKHUULXIV2SLNKKA6GWQOP7JQ,AHX6DQRYIJWTTXZ22B35O624OAYQ,AEH6JRDO3GFF5AKVH7SZUP2UPNZA,AH4UFMXJR52M6C4NX7QU4XASBENQ,AFVGMSHRL5NQJERZVEKY4JTQ26VQ,AEQH7UPNWWVMWQAZ2TKCXLZNLVLA,AF2IITAFGAYGRB5HXE2INA4YXL5Q,AEXRM3SMHD5HJC5BMNDNQSEMGLYA","KIRAN BABU BIREDDI,gaurav kumar,srinivasa reddy t,Ram Allways,uday ghatak,M Daniel John,Amazon Customer,Amazon Customer",kiran.babu.bireddi.gaurav.kumar.srinivas75@example.com,5554905171,2023-06-12
"AFOYOG3YKIOLPTLR3RZNRGUHHEAQ,AENFRNJLSQPJICHCPKWOMUBY6RZQ,AGFJSRWCBODKCJT6UZRNZJGS7REA,AGEJSKUSIVTSJWJU7VP34MUN2TAQ,AG4MIJFPUX7ACHTA37OTFR2POWAQ,AGKBVK7XMXHCSEHT2ENTPCTVRBIA,AGGNPDA4Y5XGITWNNOOODFOYXUDA,AEUAAKEA5FFOZ66HNIUQI3OJQDQA","Mohseen Qureshi,Karan,Pranav Anand,Muthukumar,Banda Srinivas,ONam,Sudhakar P,Ben",mohseen.qureshi.karan.pranav.anand.muthu76@example.com,5556672021,2024-08-22
"AGDR4WFX53YFXTBXAHC65MMBDERA,AFOEBFZC6LMNNTBEC22LCUGEO5QA,AGDWLF5AV4ORJG6IXPD65BSQ4WHQ,AERP2HDU5NDVDVWH2VDXZY3ITHRQ,AFLUBMW56L2YZFC7R3RZVLC7YGAA,AEVQ23BWUEEHRN4SPRKHA57N6SOQ,AGYFSXQSHFHYAB4GM2SRCFCQBFQA,AFYFP2TSUS4LLHR6CY5NJQZZIG7Q","mohamednathar,Amazon Customer,Ashwini Kansal,Gopala Krishna Reddy,Doctor eye,Anierrudh S,gaurav chikhale,Sandeep Kaushik",mohamednathar.amazon.customer.ashwini.ka77@example.com,5554992804,2024-06-24
"AH5JH2QLZDYXTHIDXBBLTDHQUALA,AGY6OOO6NIXEY5CJIHB4LUUUQJLQ,AHCJ2GWM5V4XDOBLR4UU2RV4ERKA,AFBURR5C3CR7XL4WPXXV5ZEDDZPA,AFWFYPM37ORBVNKGLW4EETQML7TQ,AHFT6MCOAFZXAUNCYQYPBI7YYF4A,AHA2QGFQYDUQ57OW7ATIM3QVTIIA,AFI5YRB4PKR26ECAXNTMOWMXMEQA","kishore movva,Nithya,Balaji BG,M Shafi Bhat,pooja,Showkat,Anuj,Royal",kishore.movva.nithya.balaji.bg.m.shafi.b78@example.com,5553325628,2023-02-06
"AHQC27SWWMUOTO3W7NGIG7KPX2AQ,AH3ZNJWSAOEWIBD3NFLGHZZOOMIQ,AFAFMRV4L35642NQMP3WELYPQ6ZQ,AG6GKJFYOVO2OJCRV73FBUIBAJLQ,AEWU6OTDLIVY6F2UAY2UYYQSGOPQ,AFOPBEQ5YUOBWJ7TBDFITQFZSN3Q,AETRLRK4QNNUXN3RRQ7BWMBAFXCA,AFXO2ER7GFIH4WDPPZX6LRZX3X7Q","MOINUL H.,Jayendra Pai,Avinash kumar,Sreekanth,Piojeet,simam.mular,Sagar,Saumik Shashwat",moinul.h.jayendra.pai.avinash.kumar.sree79@example.com,5555705727,2023-12-19
"AFKENW6K3CFMTD3EGXQCUGK5XWWA,AHW52L6QGPO7TTN7LC3B5JVJNRDQ,AGDOSBSPQWBNRA3G4IV3YWOVIOXQ,AFOTDDBZZITX2HTAZ7HBQ3I4BZYA,AEEXKG5AG3K2ZV5EDWTS44RP245Q,AGHPERSZ5ZUKU6VDRTYPQ3IOGQUQ,AHY6R6FREC2FHKQYBVIBR3XJKPVA,AFCKW7CNBDUGWITOVBVJGAQYTW6A","Kiran Kolla,Vishal gupta,Pranav,JS,Palak dadhich,8360101472,Pravin,Rahul M.",kiran.kolla.vishal.gupta.pranav.js.palak80@example.com,5554368573,2023-04-16
"AHDC2HUUNEL6GRJRX5TTOVKITONQ,AEBMIYML42WN2LWWZ4VIYP6IYPJA,AGMWSX5A6BMRWUFEIC4KPWXAJ4YQ,AGIBHP2JIWGT67DQJYQTYMAXKTQA,AE53NI5ENHBJCJOCII2GH6FLUOUA,AFI7P52BGRV2NZVRGTJLLCBGJC6Q,AHJ7V4RXBRFQB2OARDFFSNWHNIRQ,AGKCX7P476LO5R2Q3HYVXO2BCSFQ","parvinder singh,Rishikesh Gharge,Mattathil,Chettan,Gautam Chawla,T George,Manindra,Sunil Rawat",parvinder.singh.rishikesh.gharge.mattath81@example.com,5559956185,2024-06-02
"AGD3F3J523RVZPEJGZE7WPFJXONA,AFAKUEWJWYAKREBPXLV2MNKZXMLA,AGM4RYZ46NPKH7I2SDZXAUHSB52A,AHNAIWL3HMBBFWPLJWSHF5XIGJLQ,AELBEUEZY4ZDRRUYDKANK4BUZOHQ,AEVI32AU5HIKNCR3VPGFHSFDOL2Q,AH2YUV5UZMGORXEBW3SJV4N3V2FQ,AHUJ3IACIKHRFAYWD3TAKH3SXKZA","Ananya S.,Anirban Pramanick,Aashuthosh,Savita,Amazon Customer,RAJ,Avinash singh,pooja",ananya.s.anirban.pramanick.aashuthosh.sa82@example.com,5552233218,2023-10-12
"AGHKFSJFKP7E3JJOXV3C6UPGZKQA,AFAZO5BDXQFTNM5IUP2X6F5XIIVQ,AFAZO3VRRBIL6DP5UI4B2UDILGRQ,AEBEUDL2VRUKJQ3R52K2SQR5JHJQ,AEYPXWWAKKOQEX2Z6HKEVFCYZ4EA,AHMURR4YBS77BA3QJ43PBIRDLLSA,AFAH6ZDWWYSXCWPETRIORFGRILAA,AGRSOPDTA7U5B4WO5BHUCRZI5KRQ","Pritam Roy,AdyZon,pradeep4uall,purnendu shekhar,Arun,elisha,Shreesha Mokhashi,Viswa Teja",pritam.roy.adyzon.pradeep4uall.purnendu.83@example.com,5559943751,2023-04-11
"AGKNFVSMZCSEFHPASWFBOIYKRZJA,AERBQW23ELEQZRWXWOW5EFQ2AA7Q,AE6T7WGZSJSYC6C44JF6AJLJDOCA,AFAI5BPCMNB5QLJ2T5WCKGA5U2DQ,AGFEJBFF3L7ZFO3MWAWARDIZZ4QA,AFGPABA7HWGCWXXWZV5QOIOZY77A,AHYITN5O5VRJ4GJVYGJW3W6TRM2A,AG67C3ZJMVIGQPZOJS5PISM3QF6A","Pratik,Amazon Customer,Abhishek,Derrick Angelsz,Prakhar gupta,Harshal Mehta,Bhanu Vardhan,Rajesh",pratik.amazon.customer.abhishek.derrick.84@example.com,5553070945,2023-04-06
"AHL2CPZ63TFC3VB3RUVZVPFC2YZA,AG6X53SP2LB733ON4RXI3T7Y354A,AGR6UE4GCJKWO64UOIRUNFUGTL7A,AEIDO6I6DOUJAKJX6VR6C2PC6ETQ,AGI2Y5SCA6G6LPHLNAJOLCNAMEJQ,AFRCI27IITJW4I7XDL5GNZUQPZTQ,AHVKJVDTF5KCHA5NBPFC7QJAMHJQ,AEAOO4M764H7IQUU3CTHRMQBB4SQ","sameer Dubey,virender,Amazon Customer,Jay,Siddharth,Kaveri Pramod,Ravinder yadav,RAKESH SWAIN",sameer.dubey.virender.amazon.customer.ja85@example.com,5557190833,2023-01-12
"AEIFMHDK4ETHLYWSV6TUFNSJU4MQ,AE7BNHD6PZQQD7K3OKFEPFHTISSA,AHPZFIJWLON23LU5RFVBJO4BNM7Q,AEV2GXFIZ3KD7EEKOE5URJQD6IFQ,AGOKXS4TP2M6LTNG5HAEMLCKI2IA,AF5KJPHP55XSZUUXSC5OJUBJ5RVA,AF4TCPZK5Q3JFGYV4MBARJLS54PQ,AH6AGSQLLH54UPSZGMXTOGESIEBQ","AkashP.,Hrishikesh, pune,ROHIT RANJAN ROUT,Sarika Roy,vijay,Dnyanoba Phad,Amazon Customer,Prakash Waghchaure",akashp.hrishikesh.pune.rohit.ranjan.rout86@example.com,5552625010,2024-10-02
"AHY6AK5LXBTGXDDXSU57ISMDW55Q,AGULFHMPCHCL32WCIP4GEGWFVZEQ,AFVZXMXYRXVM3VBDLGX45W34GQ4Q,AFT4N4FD4G7EYIOZIYP6KBRGU66A","UtdBuzz,Mukund Nagvenkar,S.R K.,Pruthvi Raj Goud",utdbuzz.mukund.nagvenkar.s.r.k.pruthvi.r87@example.com,5551852152,2024-09-30
"AFCMYWUZMOK6KHPFLL4DTRV2KHWA,AEF55HUCR2L3DMBXVV4SGD55JKIQ,AGOYWHMRBO7PSZ7ZPV3UH243H6AA,AHJFTFOH2F6NXLGSEFSVCLQQLTZA,AG3TB7ROWWPT3OD5SN5ZVSBYZ2NA,AH5MDQC5CNEJHNNNCBFSXIDCO6RQ,AEU4DZ5TUTNBTJHIYUDYHWXTSNSQ,AEVV7FGCQH4N4HDNGHICKQHTMMRA","Ankit,Rishi Kapoor,Amazon Customer,Chandan Mahato,Sagar Raut,Placeholder,Tapas mitra,Jaya jadhav",ankit.rishi.kapoor.amazon.customer.chand88@example.com,5556191480,2024-10-19
"AE4KODYP3MGRZS2JI6V7ZWVI5CHA,AEEETBDP73H6344UQ5FJSUBNR63A,AEHKKIS4WKMVCADF6Y3HMR5IRM7Q,AHQWAOSKNRUVK7GN5FZJL3UYLV2A,AFJDUYYD5BCY5PU522GYHMVIS4VQ,AFQRUDMIIMRA32Y3JBUQNWFREEUQ,AGSMSIDW4O7QLQGWYZQQMDHWGR4Q,AED3V5KQXHYOPY3IL2CUQITIZFHQ","Rishi V,Placeholder,Benoy M.,Kushagra Goyal,Kamlesh Chugh,Manjunath,Priyanka Mukherjee,Krishti jaswani",rishi.v.placeholder.benoy.m.kushagra.goy89@example.com,5551345148,2023-10-17
"AG47CSNDLDSLE7BQWBCUPL4IMBZQ,AERVJSFWEB7B63J46ZBDVGL4HEPA,AH7UKBIDDPO4XM2ZIT5IFSGEAIDA,AFVUB7JIZ754R5LHBFCOBLWFL67A,AF2XIRDLVIWFTUBDJMEWJOLB76OA,AFRLBEKPIN22S4K4PBHUJ5PQPI6A,AEMQUDDYUEXPRJ2C64I33YVVSQXA,AFHNMLRH3T77DAFEJ6UUIVBTMB3A","ravi,Raju,arun,Customer reviews,Anirban M.,Shaik B.,Ajish M Thomas,sudhir",ravi.raju.arun.customer.reviews.anirban.90@example.com,5555949048,2024-04-15
"AGNRJFR7GTAKNDLEQNVGQMRVURVQ,AGKFJL7J7K55WKEOE2PSU5WEXEAA,AFDHJS4AKUMVMWYEP5HW33C5NQHQ,AHA46ZPX4RCAEYAPE2XW7RQES5IA,AH4LJDHSBLPNJYLQGQ53EQ6DBVZA,AFHWTIWTNOD6HUF5VGHUIVQB3VKA,AGM6RW6V2RSFD5F6ILCN44YX4Y7Q,AHIMDVA5GYWGVLVSZBG3ZFVKF5VA","Rathod Lakhan,Manas Pawar,Gerald,SHIVAM PURE,SyedShoaib Afnan,Raj,Junaid shaikh,Suresh S",rathod.lakhan.manas.pawar.gerald.shivam.91@example.com,5555405356,2023-04-07
"AFYFQI7B55R5LXO2D3JPD6FBNUCA,AEE6KWTJSN7EKGJ2TWFZCA6EGWJA,AHTJBJPYGGEWZQWQT7QJT2DPN7ZQ,AG4ZEZKMSPQD52MAAXWEB2PVXJ2Q,AGLKEDKY645GZ33OFGXHPWWFLXOA,AHOTORDSGF2IWSGTMZVAX56B77IQ,AFSEUS2I77MEWPOCPW77EOU6Y62A,AF6SQCFVW3FHWWPMLKQXFO5N2SJQ","Anand Tiwari,Dr Emes Malsawma,Nishant k.,Amazon Customer,Divyang Jhala,SeeCot,Amos,Dr Rose Khan",anand.tiwari.dr.emes.malsawma.nishant.k.92@example.com,5551284252,2023-04-09
"AEZDBVRL3E3S2Q2C7LEY3TTQVVFA,AGASCT5TE6VHAHRFTOBANIS3CEIA,AFHGWFMHIMQWZDC7MDWA55EBUZEQ,AH5QCHOEUTDOJFO6UV2CGMZU5SUQ,AH47N5DDNXGCIUMG3NVONJ6SERZA,AF6N6OWYE2EZASDJCO4BOQD7AFIA,AFET7BHXMVHWJN5AS7AR3VHLW5ZA,AFZL3ATLXN5TG5KBUMLEY2ABSMWA","PARVEJ MALLICK,Akshay B,URMaddy,Raja Babu,Satish,kapil,Krish,Capt Rohit Das",parvej.mallick.akshay.b.urmaddy.raja.bab93@example.com,5553080253,2024-10-01
"AH4LJDHSBLPNJYLQGQ53EQ6DBVZA,AF4BWMWZI7TTQY2YTE2HTHRB3NHQ,AGG22XY7PCKPZDT6352IVLL2H34A,AGTO2SOXJTD3K6T7WPUHCT6SUMKA,AF5CIA2LXA75JJFRVWLKGOLKZIHQ,AFVHCWF76EOX4NMKE2ZUU67CEOBQ,AGUZMT2E4HNC5VF25OWLAUF6KBGA,AE3GY55N5USCMWLS2JIO7CZFS5FQ","SyedShoaib Afnan,Deepak Gogia,stuartb4u,Ramanasai Rupanagudi Venkata,ABC Thiruvananthapuram,Aneesh Suresh,SunDeeP ChebrolU,harsh shah",syedshoaib.afnan.deepak.gogia.stuartb4u.94@example.com,5555289590,2023-02-19
"AE2JTMRKTUOIVIZWS2WDGTMNTU4Q,AF4QXCB32VC2DVE7O3DGFNQVFFNQ,AGAFYHMPFGVPR3MOS4QAZLAWPW3A,AGNNWLEF6V57TKIFJM7SWHNFAIQQ,AFVIPOPKMOCVCX3CMXUJHMWDIMGA,AH6MFUU725GG4KA3XTALSTU2ILHA,AGQYTSKE2UBYARZYRBADQMX6BJPQ,AG7F66F724JZ2HIJQY7NOU5M5D2Q","Ganesh,P P.,anas,Dr G S Santosh,Amit Benwal,jaswant sai,Vinod Gahlot,Piyush Handa",ganesh.p.p.anas.dr.g.s.santosh.amit.benw95@example.com,5557897635,2023-11-09
"AHY3QEA3CVS57POB64VVMQSPHHHA,AG633F2HW3BKLPJU3JCTLLLHWBHQ,AFU64BXF4ADZXV2SSZXAAAVLB7OQ,AFXDOEANKNDY342TWIUJUYEU55IQ,AEI5OOS434KUVK3SPKYEZMBJUB5A,AERD56GM7L442X34ICEOKG44MK2A,AFH5RGXHECG6OFJEKVIAUWKFYU2Q,AHOEADKKYXTHETSA2WOA6N4MQEVA","Abhishek Shode,Mahendra,Vishal M,Amazon Customer,PUNEET SOOD,Jasmeet,Rahul dubey,Lisha Dsouza",abhishek.shode.mahendra.vishal.m.amazon.96@example.com,5553774585,2024-05-13
"AHKTEC7ZVRWNAA66KB3V5REUQG6A,AFMYMI6FWPFSDK7KXBHB2D7555OA,AEZTUFS2XNNKJ5ZCNRLE5JWWI4PQ,AGVZ57S4TZDMQTXR67SMTWQOOKRA,AEJWYKZND5DTQQYR26RKWY5FWTOQ,AGBUVENL47YJ3NJFQJS2MKZC7NKA,AFI3EFAYZRL5L5TQXRQBQKWJQJTQ,AEQWP6WIVLFP2L3MSAWW3RENW3XQ","Denzil Varghese,Amazon Customer,Placeholder,Anil More,Rajesh,Mostafir Molla,mohit singh,Suresh rankhambe",denzil.varghese.amazon.customer.placehol97@example.com,5557958733,2023-03-30
"AFP334GQV3WBH6XJIX5VITMYOH2A,AHAIKXSSOQ7R5GBPVSBR6VE72QVQ,AHTSXQI7JAQVYVVQE6DK4B2EJSPQ,AH3DODDCISNEXGUHYV4MRDQ3H36Q,AFNNLWHF3B35C5XQN3Y6T77GIJFQ,AHN73IF2MNKIJ2MEMND5ODN7XDFA,AGG44FGU5A2RZMRCILNFIV6SCYDA,AHFQGP45QKIEFKYOCYUH4DP63XGQ","Ravi Naresh,anup,Chinmay Bapusaheb Gayake,Hetal,Mageshwaran,Eswar,Gaddam Srinivas,Gautam Jethwa",ravi.naresh.anup.chinmay.bapusaheb.gayak98@example.com,5559650053,2024-04-14
"AGLZUIR2UEQJFHZ6KGUGFYPYINNQ,AERVECDPABKJA75A3HLMML7JAQMQ,AEPQHZHEBKKLM6Q7IKBZNILWVCBA,AEXRU5ZQWDY2IGNVAFOF4UJQ6JQQ,AFBB545QU2N2BJW3PGXCROIDXIIQ,AEFANDDI6JRPXAGKHLQH2TV6A53A,AEA6472BE7C24EQJU3GKJNILU27A,AE2PQX6JEE6UW7QB6SNEYP3TAXLQ","Ranjeet Singh,Placeholder,Niranjan V Jayaram,Amazon Customer,Amazon Customer,Sudhanshu Shekhar Tripathy,Ac3Connor,Neeraj K.",ranjeet.singh.placeholder.niranjan.v.jay99@example.com,5557226683,2024-01-04
"AFJXTHVSM4WSXPKINO6S6L4OI5CA,AFCTBE5IW6HOJ2ENFG5WZZNRBVJQ,AEQ5OVCZQLS52SKPGHUA2X3GJIYQ,AFVPAVVA7NTHCLGMLLSGV56WS42Q,AH44VG4ASUF7HIFZHFM6WAI4GNQA,AFCOZOXOMZ4PVEU323VFOLNOT6YA,AF2JRH2ISLR6MYBFP37T3NWBIMHQ,AFH2YOAAGY2IP4U62G4VZ6ABXJLQ","Amazon Customer,Jagmeet singh,Anil Sethi,Dev singh,Pankaj Jain,Haridass d.,Mohanram Baskaran,SDev",amazon.customer.jagmeet.singh.anil.sethi100@example.com,5557637433,2023-05-29
"AF3IXM2LI57OSMIOBF55GYWRIYKA,AHDY3KBEOCPCYVEOYWZEYYPHAMUA,AFABWJZ3775SMVWMSWGYY4DDN6WQ,AF74JR6NGSLT6D6ZFPER3HOIV3KA,AHLGDWS4WYSZUEJTU2Y67QSUHV6A,AHX37NMZHULN3JJW4ULDOJ2RWYUA,AEVVZCUP5D2P4FWGD3AOPDGJJY4A,AG3NMRPAMYUG6GWM4J2RLJHFIBVQ","giribabu,Dhuna Charan Dalai.,RCLJ,Arun Gowda,pradeep,vishnu lal,Sagar C,balakrishna",giribabu.dhuna.charan.dalai.rclj.arun.go101@example.com,5555299561,2023-10-28
"AFQW4AC4GLYGQC4MXQWMGJM2FWRA,AGLLHPCKRL6U2U6U5XXMJ4V6ANHQ,AE5S2QIJPXDUQT54XGJVGPQJOTSA,AGBA37OJDBIONSXA6OYI5TCIQSUQ,AHZNT25EKPGFYYUQOSYG7E5M7WRQ,AHDNBCY5WEIZQ2ETHEL72TPHNGVQ,AG42FZDSEYZOQV7FJMK7BTG3Z2BQ,AE3EGIT22MVVMLV2BZBQAURWSF2Q","Swapnil N,Abhishek Maji,Dinesh B.,Sangeet,George George,B R.k,Tom,Amazon Customer",swapnil.n.abhishek.maji.dinesh.b.sangeet102@example.com,5556321653,2024-10-16
"AEPML5IRZNUCCZNZDPAXESOPY6OA,AGFWXRZUB5TYEIPWSULPTK7LHSYA,AFUYCL7FL7ZSW4J7EI5DHXNR7NSQ,AEMQ4TSBHCLS2GHF4C4K3CHKM6QA,AENDL564LHLXLMAUI3U3D6KV5R5A,AEHF7TORHRTMJOSTX2KYEILWRDEQ,AFL6MZDS6GWY7546AYCY3Q5L636A,AFV56MGUGR7UTIGTA35IS5TUVXHA","Madhu Sudan Rankawat,Jegatheeswari,Jawahar Barve,SHIV SUNDAR,vinoth kumar G,EPIC,Amit,Navonil Dey",madhu.sudan.rankawat.jegatheeswari.jawah103@example.com,5554125409,2023-08-03
"AFEQNJUAIGTASKXSGSUUOTDMOMDQ,AHLF25KDQCPPRDIZCBICU5XG7ECQ,AF3JF6J5KVUCB7KOGLU6Z3OE4O6A,AGMLLOV22EXPBNLF6VLGFTSABHHA,AHHHCRWKGCWA2BR7WNSBRHPS24JA,AHXCS37DGQHLE7RFQHFYPWGXZICQ,AE4W5ONOAXFJGV2L3AE72XWKSUKA,AFY34GSLURN6WLMJGFOGI5R2B6LA","Arun,Shailendra,SHIVA PALTHI,Harish Rao,Sushant Shukla,Jay Jayesh Chheda,Shivani Chande,Kindle Customer",arun.shailendra.shiva.palthi.harish.rao.104@example.com,5558926265,2023-12-04
"AEDMOT4JJAD7UCEFLEA76Y526CGQ,AHEXPGZ2QS4MXA5LDPULZPVLYBSA,AGZXI6YFQBL7Y6ZH4JOLRETHVDYQ,AEHFMY2XIP7P3MZV6KHQVLCFKWBQ,AGXW34DAO3AACVXOXNHT66PCBGQQ,AH2MVSVVA6YZM7U4DBKDG2XBZM5Q,AG5LI22SGAIXYZAJXUDGHUQXIKOA,AGQEYE3ZA7VXHMGDQLZM3VL7DNZQ","Amazon Customer,Amrit V.,Mahender singh,pala pothuraju,Kishan Patel,Amazon Customer,Amazon Customer,vikram gaikwad",amazon.customer.amrit.v.mahender.singh.p105@example.com,5553631330,2023-09-23
"AH4BURHCF5UQFZR4VJQXBEQCTYVQ,AGSJLPK6HU2FB4HII64NQ3OYFFFA,AGG75KFRXNLCYVRAPA6D4ZBNTNSA,AFMMETRQBRCB7WX5QNQXV6J3TR5A,AHUADIC4LFJHXZK3ZUCM5GZHP7NA,AHJCBBMUJWQGUJTT477TQ75ZTYNQ,AE2SWHFUXPXFJLITBNYV5YGTI5LQ,AEL77P6YFP7P7EZVBDU63TUTGKMQ","Ranjith,Amazon Customer,Rajneesh s vaid,Heera,Bavanbir Singh,Kiran Kumar SS,Vanshik Kamboj,Unknown",ranjith.amazon.customer.rajneesh.s.vaid.106@example.com,5554033282,2023-11-21
"AFCWL3MX7BP2ZUDD37MEAENZDQ2A,AGGFXDLCFZMTLJJDR3ZFKEOXCFLQ,AHEBPCKZFBKQMB6FXQLRP72OG4ZQ,AF2V6W7LKARBMZQLFL44AY6KYOCA,AGGGM5HE2PLQKZV33JOD6K2TYPQQ,AG5VQTV5OVY2Q42ZQPWXTRU2PSLQ,AFZ5KWM4MSPU25YIO2CYGGSNYV6Q,AE6THY5M7QTHCQRZ6PIUENS3NY4A","Raj Mohammed,Samson,Haroon sayeed,P Imran Khan,Manohar P,SRF Prashant,Akash Sharma,Sumesh",raj.mohammed.samson.haroon.sayeed.p.imra107@example.com,5558683251,2024-12-20
"AFO7T5DJCA34LXNLPEMNTUPHBA3Q,AEOKQXQO42VI27RS7S6H6RDJTJWQ,AGMHQJ2A77R33DA4XP3ZHYOMOTHQ","Mandar Joglekar,Vasanth,Well person",mandar.joglekar.vasanth.well.person108@example.com,5552689700,2023-09-27
"AELO5I776X3QUOQZ7AEEFC565CYA,AEJNUCP6WR35MUUPR3D4P23EDVQQ,AGM52TVEKBJENHQAN4Q22ODCL5AA,AGQ55X6WU4XM455UMFRGQZ7RYEYA,AHMJ5HV6F5PZFFLBC4NQ7JCHYA6A,AGJRCXYSPMLOJNP22GLBKWRCYDYQ,AGSEKYY3BOZSIPCZ3LHAML2SOC4A,AFWGX2JJIVSYWDL5QHQ3TLM3IIDA","Vishal Nagpal,sharmila,Amazon Customer,Ashish Panjwani,Triti roi,Yogesh Kumar Jalote,Thambaa,Sandeep S.",vishal.nagpal.sharmila.amazon.customer.a109@example.com,5556185224,2023-06-01
"AFAQLRAKYASFXOQP7MS6SZK4STIQ,AGGQ72HVXMSQN3ZPGCFUB47QYUVQ,AH5Q2T67DWA5P5DG3FGMWEZ2ES3Q,AHSQNNZHM5HQAGN5EY2JJAA3EWGQ,AEZ3OTGG6TXB5HGKYC3OIELYECPA,AGVBLW36Z5EAOHMLSSU23UQMTUDQ,AGHPFBXJ7QGWVIHXEUBS5Z7F52WQ,AGOWRLSBPAVLJONO6CNUFO3QABZQ","Abhay Goyal,Apurva,Shilpa,Vishnu Narayanan,Kushagra S.,Rogin Cherian,Amazon Customer,Jay d.",abhay.goyal.apurva.shilpa.vishnu.narayan110@example.com,5551864926,2024-02-28
"AHGHFJXREBY4F2LI3M6SFLSWC75Q,AFZWM3VVEIMWNFSTQNIUSWJ324KA,AHYHIMJX4LAYXAK6QRQ62U7GPDVA,AGX5JLHABEDQENBZXYQGHW3ICZYA,AF7QASLC5FT2C3DGXD4YW2FMZ5ZQ,AHNCIGFMABVRKLCNTAARDL6N25NA,AGLWM3KQXUEEG5QUPOMKI72IIOZQ,AEU5DHNTPNICV4DYIEYANIV36C4Q","Girija Mohapatra,ShanChan83,Jai Ashvan,Sandeep N.,Digvijay Bhavsar,Imran,Vijayabhaskar,Amazon Customer",girija.mohapatra.shanchan83.jai.ashvan.s111@example.com,5559939085,2023-08-15
"AHXA44TFJADWFEA3DHLJWVUKZVDQ,AFTNE6LMFIWK3AULQAUWK6LP2ZIQ,AE442FMTBZA5GS5MDBKIB76GQDXQ,AECJGIPE6J5ODC5P7L6WXI4XBNYQ,AHATM4XWKOTU6FWTFVAS5TP6X2VQ,AFTFEMRWKEHE2R2QRRVOQFTETUUQ,AHUAVHWF66PF66YDJXGRXJASHYUQ,AGL76XCJ2EWY36ABPD25DHZRMQMA","Fateh,Fauzia kahkashan,Prakash hembram,Shivu,mahesh,Rajesh Jindal,Ramapati Mishra,Amazon Customer",fateh.fauzia.kahkashan.prakash.hembram.s112@example.com,5558158230,2024-03-12
"AGD2H2SMDLQK62MH7BFWQ2INBP2A,AELIUKITTHS3MSGTSB3B3YCAUMQQ,AHPYAYHRORO3DMJ7DSUHSGSBLDBQ,AENIRZYQ7D6LIUFYMTCNZ3E7ITMA,AH5WOB4H6TNTIVWLGHXDBTVBKZ3Q,AEEDBX6NJS6TW3AY6TG3DUN4TI5A,AG7BWK54SGYY2Z2QHMB5VD2JXDJQ,AFKOJLBHQLFZ3EZYM3QQRATTZ37A","ABHAY SINGH,kapil,Amazon Customer,M.V.SUBBA RAJU,A.KANAKAYYA,Divyaj,Sachin Tiwari,Samriti garg",abhay.singh.kapil.amazon.customer.m.v.su113@example.com,5555095112,2023-10-10
"AECPQWPXGTZOXEYOPZXTZQ5ZG23Q,AFSSY7GGVWHL2TLE5ESRJXJJEK4Q,AEII2B5GAPQWGZCTI2PIMOEFJMRA,AGIJABWDG4M75P6SIANOPH6CGIVQ,AHXNYKCNRYNZPT4HEFZT6JUXRDOA,AFT36LVR44MBK7LQ2WQZOYCZUS2Q,AEVBWSNHEFMTADA24TBEUGDGLZMQ,AF36ZMROXP35IOQKSQ6BK4FEPNAQ","Brian Visvasam,CHAITHANYA GOUD DONTHI,Suresh Kannan B S,Ankur J,Anil Kumar M G,Sudheesh,himanshu verma,Dr. Pranab",brian.visvasam.chaithanya.goud.donthi.su114@example.com,5552611581,2023-05-06
"AFPP23GZ4AVHPQZCTP3HRAABLJLA,AHRMZ6CNNUQLTLK7V4NXSXQSUOPQ,AHYNWZDQUEHA3LHM2UGWGPEF5RZQ,AGJ4SX7KMBI7JTCLN2M2NDKHLBYQ,AHG274KYTUFW4U6M4Q3RXSY3PFLA,AGUDFIEXE7SNZX63QNMDTVSNXB3A,AGDFLPE27MVR57QZ5JFVGQXDDKSA,AG6CUGEEGHQL2ZZ3VHASUJTHLORA","Siddhartha G.,BABU ARIF,Parikshit giri,Adwait,Anil Kumar Singh,VIKRAM RAJAI,vasumathy,Shivam thakur",siddhartha.g.babu.arif.parikshit.giri.ad115@example.com,5557749270,2024-07-30
"AG44ZU44LAA7BHECDW5VB2ZMEP2A,AGP33PWKFF63FWCVM7D7LPQHFGLQ,AGVLBEJH5PAT5HSTWGHSFXU5D5ZA,AFTC5SKWCK3WMQKPPUNHEUCBJVLA,AGICMMOTS42OFSDTZOVJ4C5P3LEA,AE3GIVX24R4R67DU2MXLX24XYCIQ,AEL5WI53X4OUCZBTBH5Z7SNT63YA,AHLCFOXSW7PKG6NWJAYZXJJBHCPQ","Mahender Singh,Vinay,Supratim Banerjee,Vinod Bhattu,Amitabha,RISHAV RAJ,khushal027,Shubham Gupta",mahender.singh.vinay.supratim.banerjee.v116@example.com,5556192916,2024-08-06
"AG7TJLDLH3HOUPRBUFW6KNUEGO4A,AHTSVFP4GVBBXB6O7JU5FW3NXEJA,AEREO7C5GLYYYV6YXK7X4UCCQTJQ,AFBZOBNNEXP2HLRKXMCEFD2RNT4A,AEKKXMW4QXQMXXIHMC3AM533RJIA,AHBAU2TXR72GFAVHGD4E7OTABKDA,AHK4GT7INMZPE5QFGOPVQPQWOCHA,AHLCHZOJ35AVEE6DYVVH6XR5D2MQ","Sreejith ks,chetan w.,ASR,vajreshwari,Raghavandra,Kunal Singh,sarath,Sujit b.",sreejith.ks.chetan.w.asr.vajreshwari.rag117@example.com,5557887383,2024-04-09
"AEH3MURR76DG3TEX3NXIJVJTKBLA,AGGEFVVI6ZRLVEJHVX6PO5M4CWRA,AGB7DCNVNZ4VY6G33RD333OROE2A,AE5333EQIF5YVB2LAEVCWPH2U5DQ,AEAKVP53B3LBTLJOVAQZUWEF6PYQ,AGH36QL5SGTNWTOYS6O2342SONMA,AG34JWBUWQ3VHVME53EOCLAPIZ4Q,AEZWHWXROPZON2GRB234DUWXQTHQ","CH Venkatesh,nihar mendon,IP Trading solutions,Amazon Customer,Venkatesh,MAYANK KOHLI,Vinita,Akhil",ch.venkatesh.nihar.mendon.ip.trading.sol118@example.com,5551361187,2024-01-25
"AGG2AULXZCI6G44ST3BNAHRWDR5Q,AHR35WVPGLH745QHWRWEJ2WZTTDA,AFNSWRFEYVFT3XIQRXEBUOZKREAA,AG3H2NL3BTX4M4VD4NMTQ4VBKF6A,AFAKHOAYOIRPKEBF376DH5VOHIVQ,AEWNTX64SO54FM25O5FQFFWXIM4Q,AHLOFWN5NO7E32LEZUOVSNQE7IDQ,AEAJEELFQNAUNC3VXCKYR6RQPCJQ","Akmathambil | XplCreR,Rohit,Satish Kumar Singh,Chelvam,narendra,Huzaifa Bharmal,Mohammed irfan,Ritesh Ray",akmathambil.xplcrer.rohit.satish.kumar.s119@example.com,5554279037,2024-05-09
AE242TR3GQ6TYC6W4SJ5UYYKBTYQ,anurag jain,anurag.jain120@example.com,5553348445,2023-05-07
"AH6QHRMENKX6PFBXHEVDIWEKJSKA,AE5VS52EYPPGCA6BVWXK2NT6NFBA,AGOYOKNFM75VNEGK3DSACVQ6CFUQ,AHGYEGAWBMQGOITR2ZFR7SFSWLGA,AE37UHWDVGTD3RZUERS6DMZ73QIA,AGYYQY3SON5Q4UBPM5NWXQSSLCIA,AG7NSYRU3ZSMSIKJT6P4YIFO6QOA,AHWKKP3N725TNVCGAS3RDM5MNAJQ","Amazon Customer,Manasi Kulkarni,dwaipayan sarkar,Balaji,Amazon Customer,sanjib behera,vanniavel,Pradeep",amazon.customer.manasi.kulkarni.dwaipaya121@example.com,5559883185,2023-07-03
"AFWKYTQRPXNGB7RII7ZH7EABC7EA,AFKODCETW6PO3PQ7T2D6SFHRFB4A,AER7Q5G4K2TF5X74DYBJCEEQ3VZQ,AHWVJOF4IVRKFY6RJRSBQ2L6ZXQA,AGQNVTJBYS6YFCNDPYBR3HDTR3AA,AHKU2XWNLBBW2KOKNZIHMUNHUIXQ,AHJBBVKQXUKF5QSQASCVFPWQGSTA","Amazon Customer,Gowthami,Pradeep sp,RS,Dr akank,Bookcritics,K.Singh",amazon.customer.gowthami.pradeep.sp.rs.d122@example.com,5552231093,2023-04-01
"AFUR3EWCD6OMWNI7EGYK62PDJL6Q,AFVKECCQ756MXVGQDFS3JMEKXUMQ,AGMXRWYEJX5URWOJFL6BVNS33A4Q,AHEHBCTR33JSVI4LYVXGDRE7E6UQ,AHYTRVWVQPG2TVM4E45YUD2753AA,AGDOV2OBW4Q2SW6IIJIZNVB76TXA,AFA3LPNRI5HE56NA7IV3NN4KYJ6Q,AGJX72ZLJFKML3LS6N7WXRA4RF3Q","T A Rajagopal,Anesh,Anoop,Amazon Customer,Vikas,Ajit kandiban,Bala Subramanian,KRISHNAA",t.a.rajagopal.anesh.anoop.amazon.custome123@example.com,5551848483,2023-12-09
"AF5XVR5OXJ67BJZGIOYFMQDQIGGQ,AGKGXJAEWW2YJUFZPBBJMTXB5JCA,AHWBGFXMQMPMLIRTEOZC23QT2FWQ,AEVYQ5XCKNYAC4L27BDFVMWT6TCQ,AFNM7CC3WVFADEY2HU4FUG2PQVSA,AG5LTALCLRJRNBK3W4P5EODKPLSA,AGUJKURU5LKSDMIBLC2AYZHJZCHA,AHPJLCH4PJJ5CD53KTXAAXRLV4ZQ","Amazon Customer,Sarma P,Ravindra Deodatta Dhond,Abhineet Chandra,Abir Choudhury,Shinto Mon,Amazon Customer,Suvam seal",amazon.customer.sarma.p.ravindra.deodatt124@example.com,5556483744,2024-08-25
"AH3ZH5IE4MTFB3T33O3QSGLU4BBA,AEQHHPCXUH4O5BS4VOQNDBTAAORQ,AFMIGQ3PROFIPTSPVGLBI5XEXCDA,AE2YKXGI2XFOVDHNL6FF2RQAZ55A,AFID7FPYXSKYIQ4TXVZRJLDCTNWQ,AEH3VHBR2ECN647RYG3VNMASKBWA,AEZCPNPTW4BIFN7P2QFA3ML4ZKUQ,AHJHV3JIPUMAT274GIFQKJPKXNMA","SMG,Rohit,roy,Sukumar Ballavolu,Jeeva,Sirajdurvesh,Adhikundhan,Manjit Kaur",smg.rohit.roy.sukumar.ballavolu.jeeva.si125@example.com,5552198493,2024-11-20
"AFYQPTD6YGHPLNTGAOUBK6JTRVTA,AF7NWNWMLKRURHMLHTZXO6TYO4ZQ,AGUGVM4ITHDG6NIND6XEJSQA5O2Q,AHEXJDFOBBLZVPEDL32XHOAEZ2ZA,AEERA3TDMJGDMFA2NSPWSU5DUYNA,AGPLW74W3HJTC3ICBNN3R6MIHFMA,AFH75FMWPZH6ZQFZREPWZDS7FEKA,AGXSFZZKVHNWYTRTFYE3O766ZHVQ","Nik Xavier,Muhammed Ali Faizal,Debanjan,Satyam,Sanchit,Niraj K,shankar,Mohana",nik.xavier.muhammed.ali.faizal.debanjan.126@example.com,5556003809,2023-06-26
"AEMJJNJTRB4DQ2EMQQRJ6N2SC2XA,AFEPOALC3FJQEMM2E5SK2EEZFXGQ,AHZ735URYHBXW26225HDL7K7OB7Q,AF3USN76IP5JHXKWGCXZ4JL5FWTQ,AECUDCUUNINQYLQOYTKNXGMYWIDQ,AFN7F4VMFMSGDUDUIRMKKWLH75QQ,AEXWFIXSKJG3JJO56XGKHSMF3VAQ,AF6HB6GYUYNZ4G4FDTQIGQK76WSQ","Khan, BA,Vaibhav,ANIL KUMAR AR,aditya,Renga C,Amazon Customer,K J Sudarshan,A.M.",khan.ba.vaibhav.anil.kumar.ar.aditya.ren127@example.com,5551427637,2024-04-19
"AGAVEOWLSMUI7WPD3OHUVNHQ233Q,AHE2QUNIF2AZCEMTCYWKMFNEWDCQ,AGKURQGQGENCRFFBWSO32XS4ZGZQ,AHHE2EJE6HYXFVTGS6KJ37YP3K2A,AEOKRUZ72RVUNHVMWHU5SFP2NXKA,AFLMVNHSWNI2JPAMQKSOKJPAKHMA,AGUHOLJYG2HCK2BYPUP7F5VH23GQ,AH5VFMT4UVRW3RSEXEPXBDEGWBSQ","Pinky,girish,Sajin Thomas,Amazon Customer,Kindle Customer,Sanath Menon,Pranabesh Ganguli,brijendra",pinky.girish.sajin.thomas.amazon.custome128@example.com,5552884814,2023-09-28
"AGSMOEVIV64A236CLW3B5JHPYQIA,AFRQJEYVSY2LOMYVJL5BXH3RP23A,AFFEO6RPTLDT5MMTV2OVV4H6PEQA,AEFJJHEDW3VJRIQANBUZTZNYCOPQ,AGZT5PONY6EVMJE2FLZV6WDQJ4FA,AHQCJNQP36RHELFJEJ67R6KZ76CQ,AGYEJRMI35FOWDV7JK76YPMMQDDQ,AH4GBZYOUGBQQ2XQQHY6WKQZTIKQ","MANIK SK,Niranjan,renpuppypaws,Ayushi sharma,Kat,Krishna Mohan Dubey,Gautam,J.S.",manik.sk.niranjan.renpuppypaws.ayushi.sh129@example.com,5552656131,2023-10-27
"AEJGEJAGW7MDJMBVY7KB7KBKIYYQ,AEWP2ARX3R62X4MJMBO4JOPOMU7A,AHH2JUMVFGEUJXW5SFUOAIRZBVJQ,AEB5LUPJLVMRBV2DQYWOLGIC2OXQ,AEJXPNJR72TG3IKARG3ZCXGKY3UA,AFTIMMFTREPXAX7JBY4O4JOW7MSQ,AFRT52TVMDMKOXEASI2BPC7TACFA,AEDPXMYWKEF2FFU4P7JUPNRVWU3A","Moon Tej,Aditya sikarwar,P kanaka raju,Ajay,Pramod K.,Lalpi Sektak,RAM JI GUPTA,Siva",moon.tej.aditya.sikarwar.p.kanaka.raju.a130@example.com,5552863046,2023-10-27
"AHPG3AAPVL7HKSID4IPJ5MDAMAJA,AFBWMQUWPLCXK5D4A35AZBEZVRNA,AH6RSKPDRXTY7FU32MGPKOFN4PAQ,AHFXY4LR6WSLCD65WDSXNI3FXMIQ,AHLZWB73EYRXKYYJMEGIUMTZ7BYQ,AGBA6KKPYVJU2TU52GK575YXMSCA,AFLFEMT6PKT5TYRSSFSGKZH76GJQ,AHEGXONYVJHACY73DVEU4O5AH4SA","Ajinkya M K,iggi,Sivajit barman,Sarath RadhaKrishnan,Handsome,sahadev,Ravi Yadav,Rahul Sharma",ajinkya.m.k.iggi.sivajit.barman.sarath.r131@example.com,5559704990,2023-07-26
"AGYAPOCHJTBVSKV3GSONJ7VXL3PA,AGZOJCTR6UIB4LRZ4Y7HTXOXSKVA,AFSJHOXX5LIYZEVAMQ4SXKCYHWQA,AFUAHYLSRN2FHN55BF4DN2KIACBA,AFGPRRCCLCHA7EEQRXPRLTJPAQ7A,AGZJ7DR6QX66HBTFZ4IRO5RGM6VA,AEWYTXQFQRBUHADGAXC4CPPNDBYQ,AEGCMA54O4ML7L2XAVP4BCKXBHLQ","Shweta Bairagi,Sarathi,Abhishek,AAR,Deepak Rai,Shefaz,Nilesh P.,DEEPAK",shweta.bairagi.sarathi.abhishek.aar.deep132@example.com,5554317404,2024-06-07
"AFVNMGQ2XHQL55BFESLIHGPCW6LA,AFRUZM3EU3T6M7HFW6MUXQKJBZCQ,AHJB3PWCLPLMFBNCOPP5AM3TSXOQ,AEXFWMXY2NPLRI3QKEROSZZJWUAA,AHSN2AJ6A7NQLUJMH7YBD6WG7L5Q,AHKEHV7YSGK2ZCMEUQYS6LJNURKA,AGLZGGJLEO2WGEMX4KZCFNEJX64A,AHTHJF5RGJRHAKXOHA6Q2ZFKXOWA","Soumya R.,sivaramakrishnan c,shradha nair,Mohammed Rameezuddin,AR,Vivek,Riyas R.,Amazon Customer",soumya.r.sivaramakrishnan.c.shradha.nair133@example.com,5559085341,2023-12-04
"AF7EOXYL5K36BDP6PXF6K2TL5TPA,AEN7NV2P5WNHM7EXCWWWES43N3PQ,AFFCNMMFC5VPKDGX5FGNODAS6Z6Q,AFQJM63Q7OMAP62BP3TB4YQEZAXA,AGN5DA5YJ2ZNRT47PCFQTDEDEHNQ","Amazon Customer,kamal sahota,Pankaj,luvsmplcty,kanta",amazon.customer.kamal.sahota.pankaj.luvs134@example.com,5557263432,2023-05-04
"AG2Q7FISK54KBSPHF7CNNGZ3GLNA,AFFYX3FR3SF4JOIN7FIPEVVTIRMQ,AFUBGC56G63INVGIAA2OOMZDRLTQ,AEQWGO62V6K2GSMRMFGRW35NBTQA,AF7USQ27RIKU5ABXWZG2WFECW7JQ,AGZT5FACORYIGQP6G2H2CS6HEMTQ,AFUQWSUM2FGNLHU45YUKN3QAEFHQ,AHVGMS3MGWLQZG2IR34ENSS4UX4Q","POTNURU RAJINI,swapnil mohit masih,Suryansh Bhargava,I.KANNAN,Prakshobh,karthikeyan,sandeep kumar,Abhiram Ganesh",potnuru.rajini.swapnil.mohit.masih.surya135@example.com,5554572952,2023-03-16
"AHSDVZ3ZSHUMFGDLVVGATDIWKHTA,AEYTPTAYCRD42I77UZFV7KVD4GGA,AHSUJTBY4LOJ4QCAXODSHFIFYEHA,AHGI6HOOKQ4KIORVS3SSRROYIXLQ,AHPDJNXQO6ET2TFU5L52BHLTRY4Q,AEXCDW6DBTQ42FQZZ5O4MUVOCWZQ,AFY3G76SQQTSCLM7WVE3JWFEP5DA,AGDK7O4R637II4QUCKENDONJGV4Q","ravi,Alex,Vineet M.,chakri,Siddhartha Bayye,Samscruthi,Paul J.,thrinath",ravi.alex.vineet.m.chakri.siddhartha.bay136@example.com,5551741093,2024-09-04
"AHMHM5EFODDANIMBHGM2T74BEJHA,AFRL737KHHDPUBLDGKMHQPVCG3SA,AG4E4F2EYMDWT5COA2MPYFF3DY2A,AEACBJY3IOIQP26VSSYJH4IGFDXQ,AFHE3U3LPV6QO6GVKLGXRFCH3YLQ,AH33YNJUF6TNUB2CJTLGAJX4G6DQ,AFQ5SND6JJSAXPAIZSEROSRORP4A,AEFXOSV5LSFQVAI3FYKVECIQ2YKA","S R.,JK,balaji,kishore,SANJEEV SINGH,Mrs Ali,palangthod laxman,Aditya Abhishek",s.r.jk.balaji.kishore.sanjeev.singh.mrs.137@example.com,5558394444,2023-04-24
"AFHDJKCENRGUUZD2EYH6VDCJO5SA,AGHWZ6VIDNDWZOTO6YROX62J5CGA,AGFR664PXRCRSQRQDL24BDLOAQSA,AF34O4J6KAXDARBDMH2WQ3K6RVNA,AG6MBOHY6DAS5HA35XTBSFMJZKPA,AHX27HPT4SMOSCOOEJKZYKUIWN2A,AHP5XVXHFNOISFJBZ3NQX75EC5QA,AERIT7L44J4U5ZOSUK2JOSJF67PQ","Abhirup,SHANMUGANANDA RAMAN,Srijit Kundu,sunny,Asif Chaudhary,Sandip savaratkar,Aman Kumar,rajesh patel",abhirup.shanmugananda.raman.srijit.kundu138@example.com,5556574039,2024-08-06
"AHPAC3MT3XXV27WWU7U5AN7RLCXQ,AEC5BUE7IZ7BJDWQBTHSZ5NTBMRA,AFBJVGLPQD4P3VWFKPHEYOYSU3SA,AHNNGQDCQ6UGEBUXIL35RRKQKZZA,AF43XSTGWBWDM3ZV7RRKWMAHPVCQ,AH5JWG7PISZWAT76DY5Y76KRU2OA,AEATXOF4DX2VJQQBD2OLGA6WD2NA,AE4YTBWL7JODU6DEWIW2PTUQ5XPQ","Aaditya,Ajinkya Kumbhar,Sanchada,Shubham,Gaurav Bhatt,Aditi Shetty,Deepak,Himanshu",aaditya.ajinkya.kumbhar.sanchada.shubham139@example.com,5551922771,2023-11-08
"AGPOYBESW4JLTMELJLGMLV4JKJEA,AGJ2XZ2PPFHMYQ54KPSUGDLHTOIA,AEPLOFVKFHPQH4DFHKQXGKWL24NQ,AEXK3LPRGQWVMCIQZGHHJUBHHAZA,AG3J2PDHKL63SV6RT5SZKPHEJM7A,AHNO42W4KBB6YAKX3VZKVCLI67DQ,AEGCEHUVRPOYDRJHI4UJVB2XY6FA,AEQ5ZXLEZFYS2Q7GBBW6IDJTH5GQ","Gaurab Chakraborty,Pratik Patel,Rahul sharma,SEKAR,Nilesh Madhani,Saurabh Dongre,s s.,Sumit jogade",gaurab.chakraborty.pratik.patel.rahul.sh140@example.com,5554828892,2023-07-18
"AEWPCJ6MCXV32JXQHYGODOOEIJNA,AGFSVYPXDMWJWF53N4TWY3SNOA2A,AGAI5NULVI4W3QO5HBFOWS5S6TDQ,AGLP2ACOBJSBZ276KMDD733NQQFA,AFERMHRNZA7G7HIN2RS6LAQHZOWQ,AGLZSXEKXHXVIG5UQTP4ZSZ7GLTA,AGZIS7T3EPMSPXWTCFAMAOA5Z6UQ,AER4JCC2IQBXMZOIVCLZCAKLPBTA","Partha biswas,kamlesh S.,Nageswar,trishal patel,Ram,Aman M Nath,Venkataramana Chalamalasetty,Debashis Das",partha.biswas.kamlesh.s.nageswar.trishal141@example.com,5553350365,2024-11-29
"AEG3HYLEKKRSE4WITBF2CB2GIAXQ,AHCMDZCOEHHFNRRHB5JWYUHB4EPQ,AFSJH35U6ND5BYT4CMS3YEXD2SCA,AET7HLYPQNGDUWJNLVPO5KYDMZ4A,AHWVKM3B5KFR7XAANZJTEZB775RA,AHIFXLEEJ4LZAFB52LVWNFMQXH4A,AHA6IGKITMTWNGMDKC5TWWYEONMA,AHALAMTLZTXNZSY6G53NYJFEHLZA","Sunil Jeurkar,Bhashker kumar sangahi,Raju,Food street,Sanjeev,Maksud Ansari,Venkatesh HH,khem chand",sunil.jeurkar.bhashker.kumar.sangahi.raj142@example.com,5559798585,2024-11-13
"AHDZE7UM6PQPAOJPJJ57QUHGGTAA,AGMGMQ6LB27Y52XFBO7LZIGDTRQQ,AHDGOGFRCP4B5THQ5VKLPGAAJE3A,AG7BFEWBPUBPVFTK47EIJDAYUBNQ,AHFXFKDFNJJ3YLNGE4XLHZQ7SSFA,AEWSD3QCFYD5ADR56HDWBWULBNQQ,AFPLVSCWQRLSJS7O5TQZGYIKR22A,AFZMFOHRXE5LIYRCW2W22ECGWLKA","Pete25,Bhanu,Naveen Kr Singh,kavan,BG,Aditya Biruly,Sachin. Christy,Hiral parmar",pete25.bhanu.naveen.kr.singh.kavan.bg.ad143@example.com,5558571734,2024-06-22
"AHGPOB3Q2BTBR2WJNJCFAYF4XXLQ,AF6JPKFNHA43DUMRZJQVHXDCADLQ,AHYUXACLEPZESEULAWJJLHKCI3YA,AG3RZKI3Q6Y7BRBJE2NFACMPX4AA,AFPCVKEEIWUDAMLHTSLDAJU2M7UA,AHDZ5QFLMIQPV5OENYTUVIYT5W5A,AHW5KSBYWPGUVRIXU5JQFMT4RVXQ,AGVCA4HKBU7PAZKLJRLLCKK3ZXBQ","Saswat kumar Rout,Ashfaq Ahmed,Sharath Pothuganti,Krishvar,MANIKANTA KUMAR GOPI,Nitesh,Srinibash Nayak,Mohammad Kamran Ansari",saswat.kumar.rout.ashfaq.ahmed.sharath.p144@example.com,5551494994,2024-02-12
"AGQTTQWEOQLPO3PV6XEDCWZHVFNQ,AGYFG44KAEEQOVYBQRJHPVD32R2A,AGOPG26AJCZ7HH3S6SHL5EYLB2NQ,AFNTWPGFTBDG3Z4KM62YI5AGUEDQ,AF4FBOU77LUPQUR7IBGUCBHELUIA,AEOBRM4MERVEHV4O76DQMSU5CQKA,AEBBA2BEZHS7VHTVPTM33SUFOPLQ,AFU3RKW2HRVHNL6PFIZ7Q3ZYUSOA","Dr. R.,Ajay Tripathi,Ethan,Mangesh D Polekar,Fatima,Gokul Parmar,Mohit,Sagar s.",dr.r.ajay.tripathi.ethan.mangesh.d.polek145@example.com,5558326132,2023-03-18
"AFQGGBH7UOPRRK6A4FS6UAHBBR6Q,AHUVPTZIP7GEDM62EIXKJOHXKX7Q,AELXEM4FYSUTAX3MW4N3MMWTA7HQ,AE3JXOT37VQRM3R7KJNLXD35X66Q,AEAXPZESQ6V7SHMWRZTWKF5BVINQ,AHBPQ3SLIIQJFBOG4LVVCOM57WNQ,AEQZHKTTW33WQUHSOP7XXLFKLHUQ,AFXM3NOWH4PAUM3GPYNYHNDSM2RQ","samarth shukla,Sanjeev Kumar,Gigi,G RAJAN,Srinu Jonnada,Ezaz Ashraf,Subhasisha B.,sudhansu sekhar khandai",samarth.shukla.sanjeev.kumar.gigi.g.raja146@example.com,5551975437,2023-10-01
"AHWC76VEMF5NNLUBQCANCBHLBRNQ,AEYYU3KIHUOI2TXTTMFGIGSO7Q6A,AGHDAMFVW6VIKXBXTJQO532AMIDQ,AEMWRPIH6QNSF63L73AYAG4BO74Q,AHF7VQLRU5JXP6RK73TKZND6LRXQ,AE4CY6H2MUWSFJ66OVTV6RBJCC3Q,AEZ3L5FPOTNXXQQKXUFH4PMJMXSA,AE7R6PIVOLTXM6HWGKPKBI7NBIVQ","VM,Dilip,The Mango Couple,Jogendra,Shashi Kumar,Ryan,Kannan,Santhosh",vm.dilip.the.mango.couple.jogendra.shash147@example.com,5555221240,2023-07-23
"AEGJWEAXJNRH3OLXI7JE3VRTSNWA,AHYS2KFHX6V5IVVSTAAB4RXD4IHQ,AFTQUQ7MFBNNKFZM644MI322OPQA,AFQCR3ST6ASAGNFKVVXIJTEFH3DQ,AHKS4SN5RP5OHNOUF257Y6Z4QLLQ,AFVI6OGPXJR6553ANNV5WFPS5JWQ,AGNRPHZY2FNQOGUMEZG4RZJK5OZQ,AGA6O6L2CPTO7XPKKLPVCJMMKMAQ","Raja Vankadara,velidandi prasad,NagaTeja,venki,Sudheer,Anand achari,RAHUL KUMAR,Galab",raja.vankadara.velidandi.prasad.nagateja148@example.com,5558488683,2024-03-22
"AGSP27IDVRXVVRJOLLTCIXFFIOTQ,AEKRTMFO55F2OPZOVRLGDC54LXGA,AF6ZHIURUWRGFOT5DIXQKXESA4BQ,AGLG6I5ESBM5JREGA7MXG77ODXHA,AHESEQ2NNWRCDBHDPB2CWTOLLZQQ,AHOZ3E25NUK65RTQ2KLYE74PTZ7Q,AEO55TYWLKVPVTNYRZZ7DNGZFSQQ,AHMGNDFAZFEDLG2QQBUI6Y5CN6GA","padmaprasaad,rahul kumria,dharmesh maradiya,sanjay,Goutham Ram,hiren parmar,ravichandra,Mehtab",padmaprasaad.rahul.kumria.dharmesh.marad149@example.com,5557442120,2023-08-01
"AFHX6LN2EGRSLCIKZERTK236KJWA,AGM6VKOVQWLVZW5NXUZ2SW6UHGJA,AGZLCVRZYQW3ADFS7GYJVKYQFE5Q,AEA2DZ4UBGO6GPVDVGEAIAQ2AMRA,AGE6XPOPKNMLZ7ZXBNTS4FQKJVWQ,AHASGLBOKKQJ22ZXE62YX7TBJMLA,AE54UCU6AOZMSSLTEX4RTUZXTI6Q,AE7GKHRXG35GBMJJDCQ2ALF4UQRA","Angsuman DUtta,Amjath sp,Amazon Customer,utpal roy,Mahesh,kavithakrishna,Sreeram,jhankar dhumketi",angsuman.dutta.amjath.sp.amazon.customer150@example.com,5559133811,2024-11-18
"AE22Y3KIS7SE6LI3HE2VS6WWPU4Q,AHWEYO2IJ5I5GDWZAHJK6NGYHFMA,AGYURQ3476BNT4D2O46THXEUY3SA,AFPMBSBIEX45OQ6UCQWPDG55GWLQ,AGWJU3WUQBDQYPSYAJSR3AKBLCOA,AEOVUNFCIFV223O536GVW5JHZKOA","Srinivas Pasumarthi,AM,Khushboo,Geetanjali Jha,champalal,Suchismita",srinivas.pasumarthi.am.khushboo.geetanja151@example.com,5552427012,2023-02-09
"AHPHVDOD3W672U45KKZQIJZTHLGQ,AGPYJRR7TI32QGUNYSFCA6T4OPMA,AHD3DG7REA3RLWBAR7RRD4FBJWZQ,AFZE7KG2W5XOGLTWA2J4CSAHNXWA,AHCAEA2HVGPCU36JGCIE45OQVG2Q,AH7F2AQYA3MVSXKJW3SJUG2UVLHA,AEUW2HNBJ3RXYHK2OXKXJ2Y3MCZQ,AEB2ODYYKIX6P2T3SP7PADBNKGPQ","Surya Praveen,Suraj Botre,Prashanth,Sacchidanand Pant,Shiva,Amritha Sunilkumar,Dr.Mohsin,Praveenkumar",surya.praveen.suraj.botre.prashanth.sacc152@example.com,5556884032,2024-08-04
"AH3JUIQYDAPZIELYMMCLQIF66NDA,AGM6VKOVQWLVZW5NXUZ2SW6UHGJA,AFLPBF5SMLJA7SIGVIGSREWQQWIQ,AH2S5LLQQULHAD7BHBZ7XSEOEA6Q,AFPTOFOQ3XNIJPY6PP6YDXKKRC7A,AG7VVM3KQOOLBILDBXWV7KTPIMHQ,AENDSRXBY6PDISBBPQBO4QFMPOHA,AGI22WQ2X6RMINFMZWLRXXUNW6JQ","Kakulie,Amjath sp,Saj Erassery,Rajesh Macwan,bharatdhamecha,Firoz patel,Ravi moses,Amazon Customer",kakulie.amjath.sp.saj.erassery.rajesh.ma153@example.com,5555812939,2024-06-11
"AFEJFJOFJO4XQTAUFXZALFURTCUQ,AFAXUU47RN762WSSN4WATCSYAJ4A,AGLOERHFT2VT7MSRJVX7AR4YJKEQ,AG43C22P52ROYFXBHCND6X3QI4PA,AGIC5NIRGP4DCEB4RYQEK5S3IGRA,AE4WAZZ4DGMPHC2IFXOPULQIT6ZA,AH4NTJSGZJU46T6V3HLTRFW27U4A,AEDYRTC4664YWM5FEQVQB3IVCAMA","R Ramesh,Virender,Hemkant Rajput,Suvendu Ray. (Alok ),Yash Shah,manik,Ajinkya,Ashish A. Jhala",r.ramesh.virender.hemkant.rajput.suvendu154@example.com,5552325560,2024-05-08
"AG6TQFT2J2BQW67NBTLB4X6XYC5A,AGGFJ5HSIY4FHH4F75FFRBJRBBTA,AGMVK4LJDAES7HGNXYGUMBETQYEA,AFELJW5BKK3BPKBH2GJO3MW5H2GA,AEWXS2P3GWY5JZ2B2BZCIXHODFVA,AGCEI7TBUUF5BXSSGXSRVT3HPCAQ,AF5FBSTURBSA7VGB3DPTQVQ6CXOA,AEEL3YZEVV6RI67NSG7M65TCKEDA","Seyadhu Hussain,Vikky,BG,Sreejith,Thakor shaileshkumar mafaji,Vignesh S,Sulabh mathur,Shashidhar N",seyadhu.hussain.vikky.bg.sreejith.thakor155@example.com,5552437205,2024-12-31
"AFY3XWUSTQABIV5OERXNLAPIZBTA,AFDIP7UX2AVN7Q42UVSPWBZDSKJQ,AF2UJQYDINULS75GB476GZ3F5HKA,AFBYRGPVHQDBRHAQHZYD5JCR2VMQ,AF5MN6PWXNKK5XXQPOD3TDRDO2YQ,AHEKP6OARUMDVOTRLNM73MQ2LYSA,AEV34N6R33BELH7SXLEZFWBCMJ3Q,AE4YIOCA5OVDV3GCCYFIJZ3XEKCA","Digvijay Kharbas,D,Vibhor,Asha,RoRo,tanya,Sai Tenish Harsha,Aasif Shaik",digvijay.kharbas.d.vibhor.asha.roro.tany156@example.com,5555206431,2023-04-06
"AF42E36WI766TJEIU3A43B5SKHDA,AFTX5FBSNUBV4KDAAFCLPYVIT7PA,AEQ6GH2IHN2VPIDQTT5LUKGH6GXA,AG3Q4BJZXEPHGTX4QEJZGHQJIDMQ,AFPKII5ZDNUD3OIMHD5FUTKBOGNQ,AFBGSJVXAQRB4AOEX6CFHBBQEVXQ,AHLRNSGTZ5G2HBYEKPABQST4A3NA,AF7X57ZWMMENYXKPBWBXQVLFZ46Q","jagadish,Rishabh,Sakshi,Amazon Customer,Boina Sai Vinay,Neeraj S.,Shubham Kumar Mehta,Mainuddin Warsi",jagadish.rishabh.sakshi.amazon.customer.157@example.com,5551494177,2024-12-27
"AF3XUWT2436N7RHNRA7RNALJB74Q,AEOI5IZQ52FK6IT2FCZNE5LUCBNA,AFHQK5EVOXJQOV6ND7A7RESRSZXQ,AERDX5Z6F4SNHSYXM6Q3RKZHNHRQ,AGLTJEIA65FMSJC555OYU5ZMNOLA,AHRW74XAWDCJR7LLTQZTX6NNTY6A,AHNLND23LRRQQ5HTBQGEKYKUYDJA,AE3WB4ZVEGCMAZMHPCPLCQNKKQHQ","Amazon Customer,JKSingh,Aryan,sridhar reddy B,karthikg,Dipraj More,Brahmaiah V,amit kumar",amazon.customer.jksingh.aryan.sridhar.re158@example.com,5556413539,2024-12-28
"AGOYJRXFFVVGZDJTZV474WDLAPUA,AFU33Y7EUIZTFCE3QHWISRFUAG2Q,AE6DRYSJVPHBCSHCTRNULSU2D4CA,AHSRHKUU5AZ5ONNHBV3XIT6SOI7Q,AGDJSUUWIZJCPVADFXORM7A6KD6Q,AFTIB5G46ORBIMWQMKAWPGRTLR2Q,AFYDOUCV4JCJESNQ57MXOVGSJ5PQ,AHK23XTCQSYWXJS2PHSGZP7TDHOA","Arul Prakash,rashid,Amazon Customer,Abhiram Vishnu,Nithin,Richard Suantak,Sumier786,SHADAB ILAHI",arul.prakash.rashid.amazon.customer.abhi159@example.com,5559129052,2023-07-04
"AGUQMWXN662DIDUVJPAO45CEY22A,AGIXLV5PXZOAER6EAYOT5A4CTKYQ,AEG4O3NA4UH2NADX7S54C6AROJVA,AGRTZW7IHUHHMDKJXOAW5EMVUGTQ,AGVN72RV5N6W42CET3JY7ZP7JFXQ,AFNZXOTYIRHPYZ3MYZ7BJC6XA23A,AGSBUA7UPDYWRK4QEA22TGZKGKWA,AFOCJSOFFOYRGY57ZBRKPOXKISXQ","Amazon Customer,Soniya Pandey,Amazon Customer,Martin Alex Soares,Suseendran,Yaszone,Shashikant,SHVRPS",amazon.customer.soniya.pandey.amazon.cus160@example.com,5558511418,2023-09-02
"AHXJZSVEOLZI5RBMJNOHPVSA2DNA,AGM3M7VSW4O2MBOMCFV7EQAY5ZLA,AFLTI23AJOP4G45H4KOUBGB64JZQ,AH2GTLVFFJBTLSGZ2CBTOK7C4NAQ,AFJ5KPIQGTPRDIYT4PGZCUN63SHQ,AGFGCIGENNJTFHE6ROZW3R43AI7A,AELDTBTLLQ2OITCG4BQTQWCJ2Z2A,AEBAKTSBJSTQP4QYDTXHO7LZDWTA","That Crazy Photographer,Nathan Avram,raj singh,AAKASH RAI,Amazon Customer,Amazon Customer,sailesh,Saswata Prime",that.crazy.photographer.nathan.avram.raj161@example.com,5554786167,2024-05-20
"AGZNXVDF65JCLJDZWWFVCR6TRSZA,AF352RMPRSK6QENB33BZNV3DYI6A,AHXA4FZGPZGXWBJRFZ4V43RPP56A,AHYZHOPWDYWIXWQIZM36GLF34W2Q,AHOGJU7VZMKMUZTXCJXFVGQL4DNQ,AEE5R6QGK7NZBOBH65HH26TGX2XQ,AFUJVPG2FRVCOEAGRTVZIMGXVQXQ,AHEZEZY3JCBBOL45BEUNUPNLKNGQ","Sangita,Radha Senthilkumar,Deepak Kumar,Anup Kumar Pandey,Amazon Customer,Vijay Mohite,Nand lal,Amazon Customer",sangita.radha.senthilkumar.deepak.kumar.162@example.com,5553562991,2023-05-09
"AG54KGAZMF7BPHMMR7QDFEV2U5UA,AGHHUYG4PCLACIML5VUOGDIFX2HA,AEGJTZ4QRK6UHU3EGUOFPFKVATWQ,AE3CEODJYJIUKTIQXGNWKTY5OH2A,AHAQNYD2MHN2DRPBGNIMCFSFVEVQ,AGVWKWY3A3XF527UOPOYXAI7HD5A,AGE5XDFN2XQVXGTDAWUYFKASXVXQ,AHNBZ52QCESB2BGL4VTHG2ULVKGQ","Ajay kumar,Ishan narang,Sathish r,Sagadevan.j,Amazon Customer,Pramod Pandey,VIGNESH K,K vijay kumar reddy",ajay.kumar.ishan.narang.sathish.r.sagade163@example.com,5555386067,2023-08-08
"AG3QTVXT2ODRVKOQJJRDV5KA2F2A,AGEYM57JOHPNX77ZYVSXPTX4FVNA,AHH557DUFIPFPRKDZ3K76U2DJ35Q,AE5WEK33Q53BHDQAPWRPVEN5OPZA,AGFDV2VE2PFK2W7FQZXLEPHK2BAA,AFOOUANHTKWSTZRG3HSE3TR7L5CQ,AEV7X32J6CUVHXXRZJ7EI7XSXYVA,AG7MREPON3XAAGY4WT4YGA7DZWCA","Rashmi,Raghvendra,Hari Prasad P,Vishnu singh,Tarun Kumar Sharma,Dharmendra,K j suresh,Mahore.lakhan",rashmi.raghvendra.hari.prasad.p.vishnu.s164@example.com,5551108057,2023-02-22
"AFGN6I3CNM2SKJXVEEVVXF2DPB5A,AFTMO6CVOY66R3ZORYEHYHDDHL3A,AFQ7YB2KKQJBIXOR2MDT73LJC7AA,AEZVWJFOSHCPWTVTIC7FYUU3YRVQ,AFOPZ6WMCGGEECOXSDATEOFTCUWA,AGYWWYHWWVCHRHGGPXCY2L5IDBRA,AFAZ2MPQWPMDM2OHEIKV7I5JA63A,AHVDHPDYTIGZ2AHWP3IYEBWBNTTA","Amjith' S,Zakir Ali,RANJIT SINGH  RAWAT,T . S. SOMASUNDARAM,syam,Vishal sharma,Actor Aahaan Vyas,Saravanakumar S",amjith.s.zakir.ali.ranjit.singh.rawat.t.165@example.com,5556056386,2023-12-07
"AESNQRQGPFRFF3MIKZ6HWY3Z5XPQ,AGPYTMWCOQQUTOWXLIEPZVT3YR6A,AEQNAZMC4QPYMUSM5WKGQ722M3PA,AHWVJOF4IVRKFY6RJRSBQ2L6ZXQA,AE243IWFZJ3BB6E6WMUG52DHWJVA,AGFHZ6AJSZS22WXJ7NGOB6KVSZKQ,AE2VJTZLXNBNDNLTOJERY75Z3UFA,AF5AP7DKNQGWL6YX2IWXG7S3CKXQ","Bharanidharan,Roshan k jose,fabeel,RS,Jasper,Abhishek kumar,Sharad Ojha,Rajasekar M",bharanidharan.roshan.k.jose.fabeel.rs.ja166@example.com,5558862582,2023-06-29
"AFCGAYGFQB27SUPPS7RARVDFJXVA,AE5Y3XGYJUA7M7JL53MYYBZLXFOA,AED3IJZWBNFRKJVPEX6E7S3J4YCQ,AER7TBTQXSCQP5Z5CWHLOLZZEBNA,AHEGZQDNFSYHYT754XCVROBSADWA,AGN2H42UCVV76T4BIVMIETTUUDHQ,AHE3IWQYPMMY5ZHPSQVBZ4C4KAIA,AFCG3C7XO3W6AMP7AMVY7543HCBA","Ajay,Jeswin,Amazon Customer,Sudeerreddy Panati,Amazon Customer,verified genuine buyer,Akshay,sachin sharma",ajay.jeswin.amazon.customer.sudeerreddy.167@example.com,5554341257,2024-01-14
"AHPRJMHMROWKAHQBSB6YAMELKFDA,AEEUZBBPEPROX4BJYECX33XIBY7A,AG4DG477VEGVKYEYL3VZ2VIT5FWQ,AECB6MUP7WF3B2FO3FIYZWRPHRHQ,AF4AGIM7KGBGDENVGGMTJHGXXN6Q,AFALLWH7RZKCTWUFY6QELC2CPLMQ,AFUW2GDGVFBBFAU4FO7VS247ISKA,AFPD3I2VRSX6HD4LC3UPLAQYJTUQ","Yamini Negi,Sandhya,Placeholder,Rajeev Mishra,Raghu R.,Amazon Customer,Jay,Amresh Munshi",yamini.negi.sandhya.placeholder.rajeev.m168@example.com,5555478629,2024-07-04
"AHKONLROYYEFMPWU5WN7NC5VZIEQ,AGACP7SH2Y22RU24IBBJZ5ZLKSBQ,AGTRZOFOV7NAURFMATSD2LXQ3ULQ,AHCRNC4ESN6FGR7MNQ6GRNIITZOQ,AHWAA4D6Y3PQJDLJHURM735G4FZA,AGLRLAEJWBUG45Z34UBULC6YPBLA,AEYFBVNWXJABK36ZPTY3MBNKB2SQ,AHMDBWJSOJMUF6TURP2BZMKXD37Q","SNR,Aditya Digambar Pachghare,Harika,nkm,Lovenish Gautam,Nikhil  Lad,Suresh,Nikhil Khedekar",snr.aditya.digambar.pachghare.harika.nkm169@example.com,5553737201,2024-09-15
"AHX6CSQGEBRWNFP27HRO6OHTKYXQ,AEOBGCGXCAHBMUOYKGJIISS7B2HQ,AHGAPUHNPLZZD7NW74AQPOEYPJIQ,AGKTH6UCTEE5C23YTWWUHXU2RUGQ,AHT5LZB5FO2RBAS6HFZPMSB47FJA,AGSBLSMYBGR27VKHLCERTQ4SXJQQ,AHJXXJ6QZSP5VH7GEUWUNOBETADQ,AE2YKXGI2XFOVDHNL6FF2RQAZ55A","chandra,Dark Lord,Amazon Customer,Krishnaveer singh,Aumkar Padiyar,Bickram B.,RaKesh,Sukumar Ballavolu",chandra.dark.lord.amazon.customer.krishn170@example.com,5551022689,2023-02-01
"AFYPWMPR6XXQPAOLMGPWOW6HULQA,AFQTWROEABNVTNGTKSGW64SOWYVA,AHWAXDSNOFZ3KG77JFM6PGWCMC2Q,AH7XCBJFDY3QYRK2DC3EZHKDISJQ,AER66ION6CESF3DUWEL27DWJPDRA,AGRZAB2LJP4QQYHXKK3B7UW6YF2Q,AHDNNVM6ZKF3SF25MNEYWNE3NAMA,AENDUQLHGVQMTIYFLCLSI2O2C4IQ","Lokesh bhandari,Ajit Singh,Kottiswaran,Santa Singh,Abhishek,Nishan singha Roy,Jaya prakash,Vishal Bhoyar",lokesh.bhandari.ajit.singh.kottiswaran.s171@example.com,5557516833,2023-07-14
"AH2ZL3XW4QRBYIRYW5ILLXDH6A5Q,AG5EFWMU7ZA7UZV5X2B6KZPV4AJQ,AFORSYTI4AZVIRIMM3FZLNVMTYWA,AESO35ZBYCHLAWHSRFTJZGS5EDVQ,AG743FAA5YAG2Y2ORETMSE4FE6KA,AEEGO3RFZPTW2WUQBMW4S3SMZDEQ,AGVIYVV3N3TOZTZRNB5W5LOM7P4A,AGZ2G6SOXDGP7M5FUNMQZHSBJVHQ","Amazon Customer,Harish Devarahatti,Vids,Nachiket doshi,Mani,Vikas Dashpute,Amazon Customer,Hidam rosan singh",amazon.customer.harish.devarahatti.vids.172@example.com,5558250748,2023-09-21
"AG4UNVU75Q7SYSAHMQ7XNPAM4Y2A,AES2BOVWXLI3RTOPQEKH3GCKANDQ,AHJ2PBZMYKYL5ZIS3RYNY5RQF5OA,AF3O4UMEWVEAG2555RB7QRZJ3V3Q,AEGSHUH24XRRJI6CKUBKUFVWIQCQ,AH7CBBXDYLF6D4NECP6UOHAD3DJQ,AGKUMIAJEBVE47SWGKSTRQIXQXCQ,AFSKSM4D23GMJJPYXOHYTH25FQQA","ravindra,Thrinath,PD,Prashant,Amazon Customer,Amazon Customer,Dinesh K.,Vijaya Kumar Rasala",ravindra.thrinath.pd.prashant.amazon.cus173@example.com,5551741319,2024-08-31
"AFFPESMMRAITVW75DEFP65LRTM4Q,AGXW55NHIVVAHXW3IGM6BG6HA6OA,AECGYTPJLGUMYHXYFCPA3P4N6E2A,AF2Y52M3AQ36TZ7VAMA5W3KB74JQ,AEXABSTGRXVIXYBPMDGZJVRMBKAQ,AFYNVJPHRZHVCMMJJQWJZEXXEO5Q,AHCJXA3UHPCHDF5PCBIWSKIWHNHQ,AH2PTACPV7AKZGU4RWG4M6WHCECQ","Rohit aggarwal,anbu,Vijay,Nagoju Raghu kumar,pankaj,suraj,Sandeep Kumar,Uma K",rohit.aggarwal.anbu.vijay.nagoju.raghu.k174@example.com,5557326353,2024-09-28
"AFM3PEUDKST5I4ABCDADACT6UJCQ,AHIWDTUXZ2KUNE2BAZOWMZVDSS3A,AF6UHDAZK4ZALHNOJKQAZH6HISTA,AFUGI4MVDD6UIXUSOAONN3CJGO5Q,AHIVOVS2S5CODJ473W3ABVHSPSMA,AEC3N2HJPRWIDJRQNOE4CO6JCVUA,AHXODZHY6I6ZB3I5IUMGMLXCX2KQ,AEKIKDXW3S2LXR6V6BAV5LKQSYQA","Harihara,Manish Singh,parmar k.,sibi kumar,MANOJKUMAR PATIL,Placeholder,Abhinave,Baljindersandhu",harihara.manish.singh.parmar.k.sibi.kuma175@example.com,5554903073,2024-02-23
"AGDDIKK55GNJNHHGBYXRZNFAJVSQ,AGZUZBCBSRL4HEUJ2ESEQI6UQAKA,AGJYX7VFOCTB6NM5OIX76FSPWYGQ,AGU6KMDRGVR2PUUQ63BWULHEYKJQ,AECPFYFQVRUWC3KGNLJIOREFP5LQ,AHINIWK2KZENSZSLBZWEDOZMNEBA,AHWGL6F44GK5FTVW5XKEIHQEIULA,AEBHTXXQFWE7YM6GAR63C4QEJVLA","Anubhab,Himanshu Yogi,Amit,Chandra sekhar sahoo,ArdKn,Devesh,Yasoob Rizvi,Abeendranath K.",anubhab.himanshu.yogi.amit.chandra.sekha176@example.com,5554303883,2024-08-30
"AHHEVDG5NWTNJRAW4M5FIRKMFEEA,AFLX5QGGOSHYDJV3E42JXTXCRXPQ,AEX4G7GNLVALDJDAZY33RNZ6KIVQ,AFGMGHDUS2Z6ME6PD3XFJM2VKOEQ,AFBJDIUA2EUBVIRXAXLNC7ENHAIQ,AGMYS67M6E6V2W3UP2EVWZBP4WHQ,AFPLFU6EUEEXHU4SCPG6UUBS4HAA,AFAJRPO7FNQVWYXLU5RMHFVJDARQ","sanjay,Hari R.,rohit,Samrat Mandal,Abhishek K.,Awesomecritic,Ankur singh,Jayesh chavan",sanjay.hari.r.rohit.samrat.mandal.abhish177@example.com,5559601902,2024-04-02
"AGTBGMKWQPUZJ2GA2XPICHD2VTKQ,AF3TVTF3FVMHGLCA2QB2GTUTCUIQ,AH52X5G5PGIEWVC5D7TPBTTVJR2A,AEA6UPUVSSMVOTGA6JN7GFG2AZ7A,AEDU5UVD5ZMYRMBTNQTU7QUFLDVQ,AF4VLR2GRW5ZRKW5QXT6IB6QVLOQ,AESB32BXL4JEWHLRLUHZEDXYSDXQ,AHRYV4OPMCN7H4OTNUBIMFRBBM5A","Amazon Customer,Rampratap singh,Arjun vaidya,Apurav,MAHESH KANCHARANA,Val Coutinho,Pravin Bhati,Nagaraj",amazon.customer.rampratap.singh.arjun.va178@example.com,5551171431,2023-12-05
"AEBPRGXBZGLP7GSDVHJW7MDK6TRA,AFNQ27UNGQ2XQXBA5UYOCZAHWYIQ,AFBREMXXTVMEXXEUD4TCXZEJLMKQ,AERGUI5Z2USJIF32DG23QRO7GT5A,AEADA3ZA62TZRABEJAPSEZ5T4JCA,AG7DHUWNNE5O3RNSE4OXWUFCBAAA,AHKVRD7NMI63YUVXHDNUMM424HAQ,AECO2EJCD6W3VMBXILWJE2BPJSDA","Prat JD,vishnu,Ankur Mitra,Marilinga Bk,Premkumar,Harry,P D.,Sivaji Kodali",prat.jd.vishnu.ankur.mitra.marilinga.bk.179@example.com,5552418943,2023-07-08
"AGNQUDW2ISLRVQVYA7AJNMFTZYAA,AEFS33TZ32ZFCNHF4HLNUCSMZQMQ,AGTGQWRENDRGXQODOLIQNYKKMO5Q,AGNUSNVD4OAUBKA6B42FMU63Y2UA,AG46GGA3GD2ZW4IRVXY2LKHWDC3A,AFACTUMKAIA2A6TQX3URLEPJ462Q,AELY7GVE32GK5NPFRFV3R3256BOA,AGWU5ZFZCOMADUNNZLTRCGXDUXSQ","Rakesh Reddy,Gururaj Kulkarni,Neetiraj,Viswa  Kiran Kathi,Vijay Kumar Saini,Beena Rawath,vishal goel,Reema Borborah",rakesh.reddy.gururaj.kulkarni.neetiraj.v180@example.com,5552465154,2023-06-29
"AEDY5UAJ26E6AID2QBRV2B3DEOEQ,AET5WYM6TVEQ4CNHACOOJNLSGJ7Q,AGM2WOYSDILMC2GKYLGXCRGBJ6HA,AGYWHZWIYFALU2AID2QZTYWDVXHQ,AEZU34OVX32S5PX6DXWUACRG2ROA,AE3Y3NN5YE2ATKHWKIYW7LZ34WHA,AFNF2PMSUAT5LUDMKF2WFRIS2FAQ,AGYLUDT2Y6QD57KAHL42FFNYRVXQ","Manoj  kumar,johnny prince,Raja,Amazon Customer,Anand Kumar Singh,Girish,Sonal,AmazonCustomer",manoj.kumar.johnny.prince.raja.amazon.cu181@example.com,5554915427,2024-07-26
"AGKXFGRXVN4CMGMCT5SGOPB6BBIQ,AGNKWLEKAA53Y27KTA5XKMEB6YVQ,AED2NJ6DBAMJR3CHAEJDTLG3NN2A,AEKY5I5PYGA47OZ47KUCV7UIJTEQ,AG2GGBDNSFBCW36UG3RROPBSLVGA,AE3OOUCU4W42ZU6AUODMT6CN6BPA,AGEEX6AISIUVY6D46KUUUETMMY3A,AG6ITVLWPSPIQITY64C7R5ADA2LQ","umakanth,Sagar Ranpise,Martin Gibson Karkada,Rashid Raza,Karthi R,Mahadev Kolekar,sairam,Pras G",umakanth.sagar.ranpise.martin.gibson.kar182@example.com,5552798310,2023-11-12
"AHKMDJ4Y4EBQDNX6WV4U6DCESQXQ,AEH2EQBAQVCXDUXSZ255V72TYKOA,AEPH2F2UEIKZG3VT3BVA5FDJIKBA,AGLSWF3XMK3CCO2WJE65T25GIGMA,AFKWGPZEQJSGXGJSTDLUMBLVGKZQ,AHAYLWHOG3ZNEYVTU6NVAYYGJ7FQ,AHXQZSTOU5JDMRAOJUCCQUW2KUBA,AECWPRYCITRCOZR5Y4FNNYESFFBQ","saidheeraj ravipati,Ayyappareddy,Tirtha Das,Imran,Amazon Customer,MAINAK,Neeraj Andhavarapu,Amazon Customer",saidheeraj.ravipati.ayyappareddy.tirtha.183@example.com,5555383980,2024-11-04
"AHSO2WSPV5UTH5J2K6MN5IZAIOGA,AFM26HOEORAI2OH3PKFIIZQFQHBA,AG37VQORMBEJPZS2AGUCYGIU7G5A,AG6IV4AS3MF5FG3VYPZOG3ACGNLA,AGUJDBWMYYACFUWP3CZ4GCHDS3EQ,AFOYMQ3MI52RO4MV3YTFXONUX3EQ,AEWITOSQKHBLZZOTS5WUBEGE2VOA,AHTEDPLVFC2DNGPOBWOD77MTTHVA","Ankita Thakur,Customer,Priyanka,varun sharma,Tushar Agarwal,sulabh sharma,Amazon Customer,Laxmi Foods",ankita.thakur.customer.priyanka.varun.sh184@example.com,5551473468,2023-02-15
"AE4DPKX5AMUCEWM4543JPWAZVA2A,AH2F6TKL4URXVF2VLVALIU3LA37A,AH4TRU2DCGNKR6IR7W2RIZ5VGILQ,AH7JD2XKCXB32VIEPM4ZMZPFOWGQ,AGUN5Y5M3I3FV5N22KYZUKPU46GA,AGUFGA3PLAEHPSQFXRBSE6LUTOIQ,AH3E36EPFQ2YJEZWSCIN3TQKYWLQ,AFXQA7YBNBU7CB6QVQ7MYYUDP3LA","HaRshal Kapote,Chaitanya,Prachi Jha,sanjeeth,manish kataria,San Note,jereenalex,Karthik",harshal.kapote.chaitanya.prachi.jha.sanj185@example.com,5553298351,2024-05-01
"AHAYLVC4ZJEXYUCSYHJGH233MBWQ,AFG7V27SPMFIYXCYQQCEXQECP3DQ,AGBW7NSPVGAG32OX4IT3BKIV55IA,AFMOEH263F6BBQRI35GPLNWCQ2FA,AE5YB4LKRKHWXAQRGN6CFKCFPRBQ,AH7L5WF4S4D43VOPFKTQUEUWQ62Q,AFMT4A5BNKRGAOUI2GHZZD2I7QUA,AEDJJ4HPMNRLJMCNUIE7KOJM2UWQ","Jayraj Datta,sachin kumar,Pranjal M.,Anil Ramteke,Abhishek Katoch,Rajesh M.,Ram Prakash Soni,Shariq Shaikh",jayraj.datta.sachin.kumar.pranjal.m.anil186@example.com,5558506963,2024-01-21
"AHGRRV5SETS34URXKM5JR365ZGKA,AFLOF6ZEMEH5APN3LTRVYG5SMEXQ,AH32WM3IUL4YMUFBKPY5O5QJZZHQ,AF2HQ5JLJRRWV5B6ESXAA4NBMTRQ,AHIW4JOFXH53CL6UI7TWL62YE43A,AGJFQ2QSW3V2Y6TMPLTGTACLIH7A,AFXDPNEUR4775WNNLD5LU3EOHWQQ,AGOC7CABWR57JA3HH427FHBRJIJQ","Princey,Subodh Gupta,Amazon Customer,Ram Sarikh,A R,SUMEDH RANVIR,ankit dalal,Subramanyam",princey.subodh.gupta.amazon.customer.ram187@example.com,5553406595,2023-09-17
"AGTDS5KNVHNHIPGTYNC4NBE7HJSA,AHKSUT5W2N3HKHXSDIRQIGXBO4WQ,AELPYXDN2TYNBVJ7PLH4VHQANCEA,AFIBKGBT5ZOFVXM6MCB6LB7C2Z7Q,AHGSRNN4YIHUG6KHMZ4CGK6KACBA,AEJMFVYN3PZ5YE6GSVTTMQPFCLIQ,AEHBIJNM7L6EIKFCVMEOHPEVFFYQ,AFCSXOI4K7R3TFLHH3BXBS25CYJQ","Chandu,Satyaganesh,Srihari,Amazon Customer,Krish,Venkat Ranga,Sintu,Vinay V",chandu.satyaganesh.srihari.amazon.custom188@example.com,5559277820,2024-04-27
"AG3TIHPAHFYCX3XQ3TQ2OB5IAJXQ,AEEMOUFPIMWI2J6CNO5W4YVLLIGQ,AGYRJKVCDHOZSCEBLMMF6TJOABGQ,AHBZXXSXDSJOQGRFOU4HWSLI2FUQ,AGK2XZ26O6Z4X2UHLCOQIMBTU5XA,AEOPL2SDEVUZWVK3AE2MQOLZUTTA,AG3BY5SSMLL664AT5KK4UFBUCWZQ,AHEKRSI27SAKA2LRISAOQH56UFLQ","Aneesh See Yay,Narendra Choudhari,Amazon Customer,Vidit Gandhi,Tushar A Bhojwani,Kindle Customer,Amzino,Tahir Hussain",aneesh.see.yay.narendra.choudhari.amazon189@example.com,5558793671,2024-07-09
"AF6Z2OYIXRPZJHVYN2MFKKYHPHFQ,AH5SAORYVUN5MGIBLBQIQDGAFADA,AF3OBVMLY5I6X3IFX2DKIFEYMGNA,AGWCIDBY573QQIANSOTHVUOUHBMA,AEMJGJQO5KES5VGOD3CRNVVLYHDA,AF3W6A57ELBWQAPFYDKAHJFQY2BQ,AF3QHAZ5V36AO5PE6AQGFZZSDCCQ,AFC7OZQXZZY74D3R6R3FAOLY5S3Q","David P.,Dr. ATUL THAKUR,Shriniwas Patil,Tahir Ali,Harpreet,NB,Swamy,Arindam",david.p.dr.atul.thakur.shriniwas.patil.t190@example.com,5552068113,2024-07-07
"AFTUS3YZBNWUVW7FV7AQ4O532UNQ,AHTIXHSMPKDD2O6YDQPWSJ7KJERQ,AE3M4GJCTIZI347G76JF67K7NODQ,AF2Q3F4YLX6JJEJLMWJCWIRITPWQ,AGDGIO3PXVUTZMX2LAAHXQD454EA,AFDF4RNUYQHNOAENQSBE736YWRUQ,AGBHRLFQXX6FBUH4ID7JWVVNODEA,AGBEFPVSELMIVCSK7GQYP27X3JNA","Rakesh Roshan Koul,Yogesh Gupta,Nitesh raj,Syed Ahmed,Shalem M.,Vijay Mane,ANIL SHARMA,Amaazon",rakesh.roshan.koul.yogesh.gupta.nitesh.r191@example.com,5554790393,2024-06-21
"AFYEHXFPJRMXSQKK7PTK5TRWUQUA,AHF52K4NWNVQ67FHIOFZAGPQ3PFQ,AEOXAUWOA6I56J4RAMFLXBPZH3UA,AFKQJYKMEKQZLVHSLYTHT6MO4CFQ,AFX6NQOSMDSQWMBRDX6NUHNLZEYA,AFE2SDWOCP7HW73DJMCWLFBB63KA,AEN5FDCFERXM4BUXIUA3HTMGS2YA,AFNPTDUJHTDPYEKE7LP7CDDVTKYQ","hema,Lalsangpuia masanga,Mudang Tajang,syed,Amazon Customer,Mahesh,Pratyaksha Singh,Bhaskar jemmi",hema.lalsangpuia.masanga.mudang.tajang.s192@example.com,5553426642,2023-01-23
"AF2544C4RGIBQX7Y4JMKMSMXMRRQ,AE2BZUBJGOBQS2A3U66VXDUV5FRQ,AFLVF7Z2KJ3LC3TT4NUUSQ7PUYGA,AHWKM26UJAUFAYFUDNVFHPLN2ULQ,AHLCTCEPHNLS7KWOQIZORDCV46IA,AGCWLCS2OXJ73TQCTOISQS3NAS2A,AHCYXS5BT4PFEK3FBTJKXPCMXOVQ,AHOAXB3G2AJIRMJ6TAISCKUHR2XQ","Tarun Gupta,Ann John,Venkannababu Naidu,Pratap Mistri,Stalin,Pranav,Krishma sadiwala,SOHAM JOARDAR",tarun.gupta.ann.john.venkannababu.naidu.193@example.com,5558367511,2023-05-01
"AECWBGFECHOEYECHQGPMWRYNKHYQ,AGIWNT5SLEHW7HVLBDY6H32XJ45Q,AECOFAMXWUJ62CI4VQJU5W7NVTZA,AHFBQWP65RDAIAOAYV35FWWX2G5Q,AHCM6KUAHF5H7Q67KH4KOCVDTVQA,AFABD2LOIXHYSDVJ7SQSDEH2MXLA,AEEIGWJVASSHYBL4QVIVIRRLJHKQ,AELPNPI6Q3WXYTFZ3FYVTQCHIV5A","Samadhan patil,ARUN,govind,kishor Wankhade,Rawal Singh Bhati,Naryain,Renuka,Shim",samadhan.patil.arun.govind.kishor.wankha194@example.com,5558801872,2023-07-28
"AH3JHXC477GL3HYXL4XPOZS5SXRQ,AGRRZMYNQM2QIJEBJO3W773FCOLA,AE3OXM4Y3HH35IJQENWQU5RQFS7A,AFBW4KT3H6ZMT3WZRTRIDEV7K7WA,AE6MJCSRJU3RFLB23P6WJWLZ6GBQ,AE7Y2H4FKICIHTQWHKJTBPPJXTTQ,AGHNCNSJPWIRLZVEL62ATH5PNLKA,AG76ORLKGH52WYE2ATIRZOSVEZXA","Arun Rajappa,Ashish Singh,Venky Iyer,Tushar Goel,Uday Vasant Gosavi,Venkatasubramanya Narayana,Samuel Abhishek,Dr M.",arun.rajappa.ashish.singh.venky.iyer.tus195@example.com,5558014514,2024-04-13
"AEFJC2FTSOL3UWEG42NAOBRG5VTA,AFLEC3GF7O2FVX6GUCGKKV3TB4OQ,AE7XMCKQKQD4EJTIJ6INOTML43WQ,AGS22KKIZJIISSOCL3BTJ75RG4HA,AFFY22A65MTFPCUSS6I7HLIGXFBQ,AEL536EYPEYQO55ILXXRUTC3UETQ,AFK6DW5LVHZG5WLY6E4ZAQC4QKYQ,AFI2FV3AXQSNQA75L3GDFBY2RZPQ","DINESHWAR,rubhaganth,Gurinder Singh,Nathan,Clyde,shadkhans,K.S.Tanwar,Manish Malhotra",dineshwar.rubhaganth.gurinder.singh.nath196@example.com,5551667780,2023-04-21
"AGLYU2PCAJAWMX2SQ7Z44TQCOB5A,AGDRICXTUNSMXWXMHQLN6OCXUMLA,AGSXMG2VUWYJ37O2V2GTTXLBETQA,AFEWCMFADY4UQITWK5LT2T7RG4UA,AGWS7IVUSEUAAU7PS2FBIPJEDX3A,AF34BSUCKPG3GK6ZXXDGJ7VMWZCQ,AF6Z372PW3REL4X6S6TJC6Y3RLIQ,AHEF5MO5EL3COCLOZA23CFG4IKVQ","Vikas,Salil P.,PESI MEHTA,Dr.Sukhdev G. Punjabi,Satish Pasupuleti,Dr. N.,harry duggal,Nilesh",vikas.salil.p.pesi.mehta.dr.sukhdev.g.pu197@example.com,5557833202,2023-04-06
"AH7NTBDGAMGOFFADEVWJL3O4YQ2A,AEJUIUF6CYKRBWLSOPWPE7KMC3RA,AF45WMWXMOPN3ELUJ2H2N63JWKGA,AH6MPOEE6ICQG3RBULF7TOQVMMEA,AH7QLQDC5BMOKDDRGGWSEP3AQ6IQ,AEIXFEXXMTDJNPWUMOIEA34ZLC7Q,AEQV4U4ZGMGZOWC4RQSUQZGHYSHA,AG7DCRRGNMM7FSENOSNAQTVYBHPQ","Jarlina Nath,Sona,Ranjit Harchekar,Myneni Suneeta,prithvi,Srinivas,upender,Ishita Bhadana",jarlina.nath.sona.ranjit.harchekar.mynen198@example.com,5557461746,2023-05-11
"AGIZGHZQQHZLE5L3CHVG7RHBP32Q,AEQ6N6MXEZYWGKZZIWZW2I75WFGQ,AEFAY7OKZJMR544YASL7AUXA7ZOQ,AG2XLW3HTVW2IH3H6AVNZMR3HQYQ","Sayan Dutta,Harish,Saurabh Majumdar,Ajay Kumar Gupta",sayan.dutta.harish.saurabh.majumdar.ajay199@example.com,5556191403,2024-07-27
"AFHYWVMTDKYPL2TFEVYTCNHJPJZA,AFUKWUHPUS35ZCB4XOG26NR5YBXQ,AFNVGS6M3PUPVK3FR55C5AVSIR7Q,AFWQYEZ5HVIOG5VRTHLIWRYIGD6Q,AGMINKRG5YTFK5A223RNNBJ3ID2Q,AG5YTR237OL7QUWL7BV45DZRDE3A,AFL22C5ES4DZSC6N27NNFSYLU3TQ,AGKD3IUKEWT5HRQB56DORJJVJEWA","Amit Singh,mahaboob basha,ponnada suresh,Naveen Ahamed,Pritam,Gurvarinder Gilhotra,Sibani sahu,Raviteja bachu",amit.singh.mahaboob.basha.ponnada.suresh200@example.com,5553697597,2024-01-31
"AEWC3QIWDPNHJSLVO6MS62ERGB3Q,AGHUOIOWEX6YXURWDJ2GKP4N3EGA,AHSL36IV7KOAEVLS3T42EFK465DQ,AEVLT4QCRE27WKCLR5VR4PZBSYYA,AGQ6C3N3XSQHBM6BPN3L4GPDHMYA,AEBISQTRTH3NWC7NFQ4QOZVWLHDQ,AGHLM2F6LPX3PYPF4W6YUX52R5OQ,AF7ZGA2MQVDGPQEW5EUSVLMFVHLQ","SUSHANT,SANJEEV,R. chatterjee,P.Krishna,Avi Rawal,Ashok S,Gagan Mahajan,Madan lal Mahto",sushant.sanjeev.r.chatterjee.p.krishna.a201@example.com,5553478715,2023-02-21
"AH2AV6EDMROMZAYJHVBRKP3R3MZQ,AHPYDFW6Y3FIQGD2RJPBFF5QNVRQ,AGC7YKC4IBEXTYNOEMYR2RZMAVCQ,AGV4R2OFUZRBY6VWLPLJ42EQMBNQ,AHM725LQ355H254F5MB47EVAEV6Q,AHTJBZQ46RC3BYJPDCRO7I7SNZQA,AHLJGXR7CFWP5MUJK3F4KZSE5KNA,AGLWAY4KNHP67SQG4DXGZ5PPEY5Q","meen rajan.,AV,Sreejith,SANDESH P TYAGI,cranky,Yash,Amogh h,contactarvi",meen.rajan.av.sreejith.sandesh.p.tyagi.c202@example.com,5553656377,2023-10-23
"AEE46IBP3ZPVE6S3HRLREKFHW6WQ,AHCZL4KQ7ZU4CFMWNTQIPSUARIEQ,AG5CLIZS2FGTT6QOMXOTFTVZDKOQ,AHJJEWUNINKPTB27KEAWF4S5QC2Q,AEYJBPPJPJY3GLI7RFGSRG2WMKPQ,AHVWQ47S436EPOQ7TOH4H2UFEVNQ,AFAWTNLFTSBNDJQYBPF3EIG5UJRQ,AFTVEU2XSMJEKMWGXDIR27UEWHXQ","Ajay Singh,sanahanrajkumar,Andy,Perfect Communication,Badru sarkar,ajoy,Ramesh,Abhishek Lad",ajay.singh.sanahanrajkumar.andy.perfect.203@example.com,5553300098,2023-08-19
"AF7BXYFKSFYOMLSKCZE4ZVWITELA,AFC3WW5ASWRLFETWSIFW4DUFAXEA,AG3YBDVYC4S2ROATG6F73M2GDOJA,AHSDSN3MIGD4LYSPAEYNR6CLUMSQ,AHF7FOM3HINVCDH3I3HLPB7B7N2A,AH3MKPYMOQYNRPSGQ3ZC3YFHNO3Q,AFKPV2TBH6JBO7XK3E4EMJDEEGTQ,AF4YOKQQSLTSO7QHYQUEF4KD4MIA","Rohit Bhatnagar,GLEN ROHAN,Arun B,Shankar Subbaraman,MD O.,GT,srbhkr,Prakash",rohit.bhatnagar.glen.rohan.arun.b.shanka204@example.com,5557024811,2023-08-25
"AFLOBYPV2H5LSTBAHZWAMF3DHSBQ,AEJBLJCXEPSNHY2ZOQ3DFROYQ3TA,AEL4JOGDAJ63SDCZSTXIVEERDRUQ,AEKXW4AP5AGSAUWNXWEFINI2IMVA,AGWTBZZLBB4NGTUCNSTQON62W2AQ,AECHOPWYQWIMRB5UR6FLCY2AYKYA,AEW3UJPJQKE355K4WCWGR5CUM4GQ,AEATK7D6GACRLCZSW4SNRWKVSYZA","Ahmad,punnoose wilson,Manoj Kumar,Somujit biswas,Manpreet Singh,Placeholder,Manoj,Neha khan",ahmad.punnoose.wilson.manoj.kumar.somuji205@example.com,5558468195,2023-06-11
"AGWAYDRCPJOSWY4HN36O4426WURQ,AESC2XA7GTS3MWJPWIDTYCEI2IHQ,AF6FFBO27Q2ZHS3XLEOUHWYQO54A,AEAGYWE74P5OI4Z3ORHAZICQDQRQ,AEPRC35M4Z7QIXQHVEKTQFXGRF5A,AFUZEMCPQIOHL22WG2RGLYM2K5RA,AFNCOFWA5EFVOLGS76TME4OZIVVA,AHBJBV6WJVE3MCI2KEVCYKVO5QDA","Praburaj,Dipen Giri,Santhosh Badhavath,Amit Kumar,Parveen,Monu antil,Vishal,Harshal Gosavi",praburaj.dipen.giri.santhosh.badhavath.a206@example.com,5553360777,2024-10-01
"AERUC72DWRPOM2EHX3YBTBPKYV7A,AHMH6RNLYI2G65HY7POX4SHBVD3Q,AEHIVP567T6DNMLNZKGOVUENP5YA,AGEE4II4FA6IYCAZ47PLZD7XRPSQ,AFE5HMMFE5Z3EJZYWVIOHHTHDTPA","Amazon Customer,Amazon Customer,Akul,Akash Yadav,ambika",amazon.customer.amazon.customer.akul.aka207@example.com,5553452465,2023-01-18
"AG5P7BKN4M3JH7HW64UV4Y2QZGHA,AHDAOL3TEKGCQABAYFZPBP2ZYFFA,AESBDPT5NJJQVWGWS3PL6R2QOCMA,AHNB5VMFI3KABWXMDVQWOSYUTGFA,AHSRABDEXI6YGGABA5VV6JPKXISA,AHLR63PRHYHZRWZST4RFYKDX7HBA,AGPOF37T2T45CVYABSTSCPILMNZA,AFLXEGOLHUOVKYQTGGKQHW7ROJKQ","Sachin Dsouza,Ashrith S,Sheetal Prasad,Vibhu,Bobby,Taj Mohammad,Sm,Mayank  Arora",sachin.dsouza.ashrith.s.sheetal.prasad.v208@example.com,5552016076,2023-03-28
"AGYH5QJAFM2JTPYPHRVG23I23RZQ,AHPHDXV7KUK5GISJLFK33FD7NULQ,AEETUTB5Z5Y6IVW4JTMU3MXWSGWQ,AGCBAXARAYJVHBJU33KDND5FOVFA,AHNXGGCOI6LKO2LN6FMM6FCZSHEQ,AGGRPJDBEJ3LJVAGGZBCMB2FP3AA,AFS5JAP2HQ2QBKREEO3BP6BJ2QHA,AHXH52XW3RFMDWRXJ5ET2BI4XQVA","Amazon Customer,Rahul Bansode,Anuj Jain,Tummala subhakara rao,Vishal Magadum,Rajesh Shetty,Purva,Deep shikha",amazon.customer.rahul.bansode.anuj.jain.209@example.com,5557055463,2024-08-02
"AHFLHYGGLNAPDY7RTZ4NA4OFL22Q,AGXV2Y3T7XYMFK2FO267NVT45SAA,AH3JOYTPESFXSHHS4NH7Q3IUV7XA,AGDGRZRK4YI6KTKSMMU5CLNPQG5Q,AHS3SCERDRS52VXFXJPAQ4CGKGBQ,AEYK3URMJKPW7BVYYOM62ZM7VGCQ,AESHMIQQSCBU4R44OBSD2UGIZEUQ,AFUVXBNSNS67SWSMSPANIXHTHI6A","Mahesh Janardhanan,Prakash,Mohammed Amer,Master Mohammad Farook,Soumyak Bhowmik,Govindan,Mr. Jamir,Anand Kumar",mahesh.janardhanan.prakash.mohammed.amer210@example.com,5551518917,2024-10-31
"AHVAHTQWBVQ564OYZLFO3ABDUUMQ,AEL2DJG4RDMKBB4U7T7FB2D4QL6A,AEZLG2GOZ4US63MFG3TTGRIOWQVQ,AH5FQ2OMFSPNFEWKR7XRHAQXYDNA,AHCWB47L2VDCBKURUGKDLNC3BLAA,AHSLVN2FXVPUVWTY5Y2GW5STS5ZA,AEU3NDBYUVLPYDRFVCIY6IPVUA7A,AFH4EKSLJGS4ZDREEEO5PLDGDWUA","Mohd Arshad,Yogesh Maini,YOGESH,Devaraj V,Sasikumar,Ankeet,Hemanta Das,satinder singh",mohd.arshad.yogesh.maini.yogesh.devaraj.211@example.com,5557650949,2023-08-07
AE7CFHY23VAJT2FI4NZKKP6GS2UQ,Pranav,pranav212@example.com,5559082896,2023-04-01
"AHSXEBRVZO6MAYZRN6O6ZGT6TQIQ,AE3WP33376SA5IZT4Z5P25RW5SNA,AEP577REOPX5HAMEECZZKMOYZ3OQ,AHXFU2NP5EL5BNCYY3V2BOWDYX4Q,AEPLVXU6CECEGNG6EUUSHMERYNRA,AEQ7NM325SUT6YB62ZG376GF7O7Q,AEBV2AUCTSN3QJO4LJVJ66HVYSTQ,AHCLG7MIFKVJJEAVPYJPW2OPWWEQ","Rajni Gupta,Lakshmipati Hari,Sriranga Pudupakkam,radha krishnan,Nandan,Dr Laksheswar Bora,Laxmi Narayan,KONGA VIJAYA NAGARAJU",rajni.gupta.lakshmipati.hari.sriranga.pu213@example.com,5554978244,2023-01-04
"AHQCV7O3JOMFFMD7EGIZ2NGSU6JQ,AGTB6FEDSOBJNAVZSDSY73YUVTXQ,AFHULRP4IR7O4FQKWKI266O7VZQQ,AFKYLJ2CLPR7FIWD2MBXNIER7R3A,AFJRW562LETJUBBZYVI6VZA35WPQ,AEEMPL2VIRNJTYATMFPHFSHI4IOA,AGKQQC7ST26N5VFAHMURX3R2RAJA,AFICI6GI5DCTRS6JVCYRPATIPXSQ","Logaraj m,KIRAN KUMAR GUDLA,Sandeep Kumar,Jaydeep Shah,Nagendra,Sumit pandey,Harsh Bhatia,Sivakrishna",logaraj.m.kiran.kumar.gudla.sandeep.kuma214@example.com,5553820812,2024-12-28
"AEOHCZKNWRXT3H4Q66WMEMB672IA,AGUSIMQLSTJXNHNX4OT5KEJZO2NQ,AFLVRNJ3FWTYVR2QR7LMMAXOR2VQ,AGYNRF4LKWIYRL2EOCVDINQ62RAQ,AHUGZ3YEQ27J3KSESPRFRAKNF3LA,AGBP6M4EOJSBHZTYTH2T4BKNJ7MQ,AECZ7LYEACIXJTSOCFWLHVZLJPEA,AHOHKZ6CPYXLBXPKLZCDT7HHD6CA","Shilpa M,Akash,Aman.MD,Manoj Yadav,Ashutosh,Patel,Saikrushna Dyaga,Amazon Customer",shilpa.m.akash.aman.md.manoj.yadav.ashut215@example.com,5552183040,2023-03-17
"AHILWO2P2PT6EKK2HS4EALRJIQ7Q,AGBF4IFXPQPS3KTL2RET4NAYKSZA,AF3WE2A3BJW3ZK2XTUU7GTQ5P2IA,AGWS7K3SXNU4RJUBPYYEVO76HULQ,AGDSPVKPPJG2FSNEYACD45GIJ7WQ,AFSG7IWPY64B6DNMUDVXYCEK4G4A,AGABMXBJYA3LSM5LIRNXL3HMHTLA,AHBNWKWV73LMUFENL6T43ZEP2ASQ","Sandip Shingrakhia,Abhishek Gagan,dasprathap,Pradeep,DrChirag Rajpara,Atanu Sarkar,Puja Das,Shankar",sandip.shingrakhia.abhishek.gagan.daspra216@example.com,5555820837,2023-11-13
"AHH74UTDYQPVBMM4HEEMRAU2DNMQ,AEZYVA7F52G2DCIUPCDUKGNHJ6LA,AEZTZPXHRSWDF5D35QHDQE7QJJCA,AHR6VGN4EOF4UK4ZISINZJ4EFUTA,AEPLVJ2BAVC57LGFBTZCH2YBNJMQ,AE7BIR5NP6B6UA6DSJE23BBYJGHQ,AHEJQ5MN7YJB4A3XTDSTTZID3WKQ,AEHR3J2Y6MUL5B3J5KJNJAH24JDQ","Harish Thirunahari,Gajanan Hirde,Tomi breeze,vasudha,Sowmya,Arpit Narula,NAVDEEP GUPTA,Vikram singh",harish.thirunahari.gajanan.hirde.tomi.br217@example.com,5556404710,2024-08-13
"AFKKM4SXCCLJDRUQUZ6J4W7HLDYQ,AHHPWPWUPOBG2CH3CD4GHCKZP3VA,AGS3GOEZIOT6QABCS7GSKSRF6ZOA,AE2NS3LUBQ33MFLYXAFBOTZOUO5Q,AFMTLEM5MPBZOB3YBELL32ZO7W6Q,AFNCKSDO4JTIY2GAW4HZDSB5AXYQ,AHB4PR4VAIZKTQDBHC5P3IQ2B72A,AFTGBV2EOMQJUYBEV47YD4UEI24Q","saatwik,Mubashir,Arup Datta,Amrut S,Kindle Customer,Rasheed,Amazon Customer,Akash Pradeep",saatwik.mubashir.arup.datta.amrut.s.kind218@example.com,5559827795,2023-12-24
"AFXA73X6367FW6C7AQNXOTR7BZ3A,AF5B3NOBEX5PXWD4SBDB5KE7JP5A,AET2WYQTCLGU3TB7VHZHJYJ4HMWQ,AF2LCFC5G6OATXBE73BMIXC5PNHA,AFJZOVZXLGXGULVMNOYLFI5TO4GQ,AEYQETW4Z4P4AT5KURWYCVXIV6QA,AH7AIXAIDIIIIZOPOOS4T3B7UI4A,AF537NCMNYM56KBWSILNOUOEI5CA","yash,Amazon Customer,Nagababu,Krunal Patel,Omi Mayekar,Irfan Hussain,Arif,harshit",yash.amazon.customer.nagababu.krunal.pat219@example.com,5551428439,2023-10-14
"AH34W5DLRK5DLTLP73YKFLTTKWAQ,AE7KUNNQKS6JSHH7QVFPPRKCS4BQ,AEEWMW6LV5AVBCW6OTUO2TRYKY2A,AFYNKZR2T74OJU2LN2FKK7FM5BLQ,AEE3BW7DUIDZY367EH44OKNKDJDA,AEVZZKWDBY3YYS4AKWTRMY7ILF3Q,AFSFGSG745WPTJKCZ2FOAR2DMFCA,AHFYGVFMNT5FXKSBIHW7ANUJD22Q","Jitu,Shan Raj,Brajmohan Gaur,shiv,shameer,Debasish nayak,9618259608,Lazy Lion Ankur",jitu.shan.raj.brajmohan.gaur.shiv.shamee220@example.com,5558277293,2024-12-30
"AH42ECAG6LPCU22T5BYN5OXQO74A,AEW6XI52IO3H37U4WJ7TT4MQUIQQ,AGGWS4PPWKSNOVP2LLYNQK2Q7NIA,AG4GACSXM3RJ2UR3NTYNNR4YSHYA,AF7MSVVI52V27OGZ3FTE62QFWNBQ,AHQTTEDMJWGPWIEVA6T6SN2VOJ2Q,AHI3ZFOPJRASPDNKTIADQFUDLCJA,AHLHAY6IT22ZQX7BOBY6TV2PHC5A","SOURAV DAS,GISHU,Bikkee Bakchi,David Gomes,prasanth,CK,Akhilesh Singh,Khushi",sourav.das.gishu.bikkee.bakchi.david.gom221@example.com,5551691605,2023-11-27
"AESPOE5Z2FMNU577LDO7HKJCEDOA,AGMOIJFKHOE7RTSMQPHKM5AO7EPQ,AG5LV4HJ776YMIPUAONDNCHP4VKQ,AFV5EVUA4PJBMGHSXA52AUFPNYFQ,AFHFWBZJFIRZ46VUYROTK4I27C3A,AGFJLPZONY6JLPA2KQ4VNSB23XAA,AHEUTDIM7FTWKGYKMVGV5M5DK66A,AFRR3XZWCZR62FMNGFE563EFHFUA","Abhijit Mukherjee,Swetha vijay,Soumya,Srinath,Sarvesh Yadav,ashish kumar,ZOIC HEALTHCARE,Amazon Customer",abhijit.mukherjee.swetha.vijay.soumya.sr222@example.com,5554167404,2023-08-13
"AGTN6JPEMBFO4TWE6KBORDHUBFLQ,AFGCP3XJSMEMPBXYIAUFFT67QV5A,AGEBCI52WW5TLSTSVXEQKIUJXNNQ,AEURGK5J5MME7FDPQAWLXQ3NI7KQ,AETRLUIP2W6M5SWB7NYC3MEVREZA,AENQ5OYP5QJ52IWF3GFV6YCUUERQ,AHKUL2YWYC6CI5RC4Y4XYWDU4LKA,AGOCOZTNAN37QJEUVITGZMDAJV6Q","Kalyan Matamarugu,Amazon Customer,Saju,Digbijoy Dutta,Amazon Customer,Amazon Customer,praneeth,Shareef ali",kalyan.matamarugu.amazon.customer.saju.d223@example.com,5557780441,2023-05-25
"AFSQ45FBSMOSSRWIPLZFD7UKF6SQ,AEXEH7MY5BLDF6JHEMFGCJFI7GAQ,AG2AMJAUILIEJBYCIPJKKPED66RA,AGGJ3PSUJFRST35YO4YJEXGNAYUA,AG54CPQ6JMC6VNF5AIYM2PF6TOKQ,AHLZ4BAUP3UWCSJILDJRFZTUIHNA,AE6WKGXVWOEVM65BYKLOK56G2UVQ,AHRSILXKLF25Q42JTRAEXSLQFKQQ","Geeta,Amazon Customer,Melwin D'mello,Aneesh Kambhampati,Placeholder,Alekhya,Amazon Customer,Naveen Kumar D J",geeta.amazon.customer.melwin.d.mello.ane224@example.com,5552703448,2024-10-07
"AGJUSTWREQRCTY3KJHDL6I2MZDTA,AEHIS3XIFCPQPLDPWVW2LYQDI5FA,AE4QKV65VW3ZO4ZOHL6GVNGFQ53Q,AHPJLEHK52YTIPKAN63FJGMGACEA","Chandrabose C,parveen,Sid,*",chandrabose.c.parveen.sid225@example.com,5554393606,2023-05-03
"AFYOI4QB47I7I4QHNU3PF6ZZCAEA,AECSYXIFB6BFWLLNK6ZEL322DPJQ,AHKFVSIKREMFQWP77YNTYVY6ISVQ,AFVFESCSU53NQCSYPCN3XRE66MIQ,AGIILTCR7DSBPR6GQC54KSRZ6P7A,AGNPYOMLPA6EEFLNFQ6ZZCP3RGXA,AFEYG7JVPH4TT6RU4PT7JJBT5HUA,AFXP7JLR5C35B6IL2IVYWYDMNZVQ","Love,Jaidev singh fojdar,Harikrishna,Bosepandiyan B,Meena,Ankit,Shailesh Singh,Vivek B P",love.jaidev.singh.fojdar.harikrishna.bos226@example.com,5551595583,2023-05-26
"AG6BJSKUOVW6DOSEHJ6OLIDCO5MA,AHW46EWYPFF2DEN5KWQJXNSBGF2A,AF6NCPZJVBXRJBUQIDXQTKRIYDOA,AFN75IAOL4G6LP2VICS6ZGRV34SA,AGTAB4DQVASRJVC7NHMWVEIT3SMA,AEBEAFP5OFFPDEF73JDC2QJUU6YQ,AECKQLXBHYEZN76LUT45XCGPGUHQ","Bapuni,RAJESH SINGH,venkatesh,Rahim R,Sudheer,Neethu Akhil,Ganesh",bapuni.rajesh.singh.venkatesh.rahim.r.su227@example.com,5554400592,2024-01-13
"AFWESPH2F54JGI3PJYU2NINBVCAQ,AEL2MRRMDYHQPWWAOIPUDDKZPI5A,AGOQL3YF6UXVBS7ED52R33WT2V4A,AHIO55R3HT4HKDOPYPNIDKDONGHQ,AEJGQGJN3LJ3HSID37QXUVSEJ2JQ,AEB67NVL2DZCG3IKQOWI3752NDVA,AGCFDQLGMBIDSFCUH4A32DFOAXMA,AFWR2F4YGS3OG3JB6U64BDM3ELAQ","Shivakumar,Bijoy Debnath,Pallav Pathak,Ritesh nishad,DHANPAL H.,Jash shah,pabindersingh,Pritam paul",shivakumar.bijoy.debnath.pallav.pathak.r228@example.com,5552836385,2024-05-13
"AHCVVEWW2RUKPIMC63N6LXF2DQJQ,AFATPF5UULFKGVJINQIBWJEXL3ZQ,AECJOC7KZPYXOULLW43TTOMQJCPA,AGHWV3HO2KMHJ57FQWMB44DPA3CQ,AESMUJJJV2I6NQ4OMHYNLTW7H3PA,AFKUMZJL5723MB5JTWMAOVXHVXFA,AHHGYTDS6KX64NEIGKWHCG7ZNDCQ,AFH4LWW2SJ3GJZ36UGIO5CSYNQUQ","Suvaraj d.,Rai Sahib,Kindle Customer,Vijay kumar sahu,AKSHAY RAJ,Akshay Gupta,Ajit kumar,Santosh",suvaraj.d.rai.sahib.kindle.customer.vija229@example.com,5551743993,2023-05-06
"AGT2U62GEVEA2CAXYALEPKOKBLAQ,AHQ5G6EGXY74B4KQMOZP3VR27OEQ,AGBM6XWLSNKT4IOFPFVWRDJLA5SA,AENSBNWSX3CB2UXZ3NFNR3PADA3Q,AFCHMGFUXDLPXOASREGJC7GTZZHQ,AGIKKX3BWXFOK7ELFIHSH2UH6NYQ,AGPIXFD7PBE4NDKHEUNQ4FBFT4LQ,AFVSDNS5AEWGUFPXMZO5ZUOYOVFQ","Willgo Green,chittibabu,Deepak dhummansure,Amazon Customer,PRAVEEN.R,Industrial Infra Tech,Aadi,Viswa",willgo.green.chittibabu.deepak.dhummansu230@example.com,5554235838,2024-06-27
"AH7535IQDY5KVV2I6ASNOZJC4KAA,AHP5TFGAPXAL6K7M7LXIZUC2QMAQ,AGE4EHGVL2UE25LAURR7KYET2ZEQ,AHDAZJHREN222RBVCN5TTXZFFUKQ,AFHMLCTD3ZAK65UCZUDGPLMVRE5Q,AEHBFH46VYKCD4FWZ3AQ5GFSSILQ,AF7NGHQSFHIKMD3KTJGPRZ2SC3GA,AHX44XKUX5DHSXDUZBLZCC5SDUOQ","Mahesh savale,Sameer Mandal,Sree ram vasanthada,Pulak ray,Abhishek Chauhan,Bsharat Ali,vipin gupta,Bunty s",mahesh.savale.sameer.mandal.sree.ram.vas231@example.com,5558570708,2024-06-06
"AFRFZ7MZMMLKCQJ726M5IWMCUUKA,AHAOEIGBCS2SYKYY2ICAPLIYOGPQ,AE5IZ2UOEQTGU5LA3MHBKWIGQ2GQ,AHJOQPAW3DZ6NX2UWUY2X7BXV3KQ,AFB6MZQQWWOGIDPMRFWMIS6KH2KA,AEQ3IH2E5DAMIRDUFHOTNIEWL23Q,AGQC6MGGRXLF2V7XAYSUI2D26GVQ,AHRPVGGGZJZFR2WRX3YOTB2FI7GQ","Pranjal,MAHAVIR,Aiyappa Nayaka,Bharat gupta,Satyendra Kumar Gupta,sumit,Priyankasingh,Sreekumar.P.S",pranjal.mahavir.aiyappa.nayaka.bharat.gu232@example.com,5556584590,2024-09-29
"AEGZAYS4PGUN7JSO2F4KZDPBJTPQ,AGBXHU37JYAN7SI2HJWOHRPONMUA,AHEDSBYCVNXRZQXM3RHURJ2OAVJQ,AHGFMDVEL533SHTU5ZLYSVFYBWTQ,AH7LSWBDB2U6ZL6UJUXR3SH6OVNA,AEGM6LOP4B2ZZYZJQVFSMBGEY63Q,AFT4YEF4C5XN725A4JNN3KOIBN7Q,AFWTJUGLV54OEGCP3BM3ADUOJBMA","Ajay Kumar,Chetan prakash,Nitin Wadhwa,BHARAT PARMAR,Mohammed H.,Adesh Kumar,R Sorout,SNRAO",ajay.kumar.chetan.prakash.nitin.wadhwa.b233@example.com,5551145578,2024-01-07
"AHLV4POL25DONGJ2Z2BDVAI72QEA,AFGH45ZSJMWCXSPLJSCXHMGAACSA,AGROCLIEK7CWB7EN6KEGYI3OV6AQ,AFKDOXOXP7HNZMXU7N6CLFCUSE3Q,AG5PQBEQ6IWIZNMYDDK4K7NQKWSQ,AE7FMASDWJPQ4VPAOQ4OEI46T72Q,AHJ7NZA7ITERDVQAZREZMU6X74KA,AEEWJRWNATTBY7SQIK5QZEUELLXA","Sparrsh Sharrma,Pradeep,Sandeep Sharma,N. S.,Amazon Customer,monika,Kritika G.,Atul kumar",sparrsh.sharrma.pradeep.sandeep.sharma.n234@example.com,5551065955,2024-09-15
"AG6CREU25N6P2H7RCHNIU6GGJ5BA,AGMMXIU64ISPDGM3NMKNJYCTUKPQ,AERWNTV3FQB42AN6DXOZ24NJGOBQ,AHN62JA33HWZG3PBDEJGF7VUVCAA,AGXYC7N7S7AW24G2FEFDFQ6YP7XQ,AH6JYGGLUQK2H3O53BGJFOUB3KIQ,AGGUXRTUUBYS4F3OJMC6ZARL2GCQ,AEMCWVMV6Y54NDS7ATPFHVTWVAXQ","Aakaash Ramchandani,ashok g.,Keyur suthar,Harshal Balasaheb Bhise,Anand Srivastava,Deepak S,customer,mahantesh",aakaash.ramchandani.ashok.g.keyur.suthar235@example.com,5553763754,2023-04-06
"AF3KXMJ35ELNULRGLJMSPONWTBLQ,AF2GY2M5UI7P6K2JHL5C6NOTQ6MA,AHHPP7KV72ZCVMFDBEPBQE7KXFKA,AE36KAI4PDY27JY3SBFA62OR6TFQ,AFXXE66PDZJEYLRJFXBVKDQX5WAQ,AH374DUL3BPYKQGLTWIP5UXDB4CA,AEOF5PFDHSQRCVD4E4PHG7ZQDHXA,AGX2PGENWLBTPLJJRL6EC4QZ6UBA","Wasim Mulla,PrItHvI KrIsH,Chandra Shekar N S,Devi sree Prasad,mrudula,vijay k.,Sanjeeta,Anu",wasim.mulla.prithvi.krish.chandra.shekar236@example.com,5558178148,2023-09-18
"AFSOR5M3BW2YXCRDCQKOL2V65TGA,AFCE74YZAML4IHESYR224MZD4D7Q,AEN4WTJM4LZPL4GF7CQJLZDRUJBA,AFDZ5JKR7YVO5FBAT6XGIZH3P3OA,AGQ6XAIJVAAWQFJO6OA3UYVHJF2Q,AF3CZBMZFMU3N4DAM27ZJR3QVTSQ,AG36CQHXVY6RQJO3OYSVWO6MT4EA,AELYCP5LN46WKAK7WQMEJRNRXJYA","jegadheesan,Ajay Kumar Balusu,Jyothis,Harkaran Singh,Rohit Verma,rohit bibwe,9436168244,Amazon Customer",jegadheesan.ajay.kumar.balusu.jyothis.ha237@example.com,5554396509,2023-11-23
"AFZT774FU3LOJGEW7JSAXOD24OBQ,AGSEMC5UI32EZO6GAW4KKT5OVMOQ,AH53RLKODGV2UFIZLUG6BMHDDZNA,AFJJ4SJN2GXTYC7637ZAKSONPJWQ,AFFCEWUI7XY45CEM76XENJ2RUO2A,AHFTNP5NESJTIHQKP47SJV73TNUA,AH352HMRF7DESCSOUBMHUVJQZM7A,AEVN7RMFICHOZR6CD2KNIV7LW4IQ","Uzair Drabu,Ravindra Sistu,Pranav Dhumal,Amresh singh,Palash Gandhi,Verified Customer,Anudeepika Ankam,karan",uzair.drabu.ravindra.sistu.pranav.dhumal238@example.com,5553901408,2023-05-07
"AHNCUNHIZXTMX6V4WVDHJVC6YOHQ,AFQC7LKYCPLAO2WCV74G6AQCPYGA,AELBTZWCD3IGAZLTBXFMB74SLJBQ,AGYOEKFFNLWV5GJKLZ2OLGTI5P4A,AGEUWYJQ2D7U7S2NLLXE6UEOZRKQ,AFDIGTDJTTB72VVFZGILZDH4IROQ,AFTD5POM5OT7DLU3RP5SHEUSLFZA,AGOIORQP7QHLAXDRGTUPAA5TCJEQ","Hemal Jani,NITIN BHATTI,madhu,Arnab Kar,Daniel Charles,Ajit parida,Annaveni Jyothi,Mohit Gouda",hemal.jani.nitin.bhatti.madhu.arnab.kar.239@example.com,5553619901,2024-05-14
"AFQXCIIKXSM2VN3IHACSKPZ3PEGQ,AF4ZVWWNBPL33ZOSUV4OCQBKAMMQ,AGLMV6TJSJRZ4MUKZMZ5OAXIII3A,AHJXAF4EZJDUTIRPQ5FW7ROHBBLA,AFPFJW4OK5K6DWROJOKAWSCEKLOA,AFVAWQEMKVO64IW4CBMKCU7NVWAQ,AH6L6S34BGTASSORZMSZ5DCTLU5Q,AGM6EGKUOFBXPCJTFFF2NIGJO3UQ","Baiju.MS,Preetirawat,Ajit,Ramakant Bairagi,Amazon Customer,Wilson Joseph Nadar,Amazon Customer,channappa Balehosur",baiju.ms.preetirawat.ajit.ramakant.baira240@example.com,5554537255,2024-04-05
"AHM35ZOWV3MFJWNPDZOGEEHDWCJQ,AFWZ5Q3PHBYL3G3HO24T2Y52ZJWA,AECSY43DVEY6JFCK3RGGCNDWTPDA,AFZE7KG2W5XOGLTWA2J4CSAHNXWA,AHTBRKH2BLRY45MBURKSTKR4UF5A,AEEZYJZPB2KSAO2LICWVJHFBDZYQ,AH7AEVKNO7LX5VXZTSD4ARUUYMEA,AEHOSAW5XG4OCCNCREYA25HGLFGQ","BRG Goud,Vignesh,Venkureddy remala,Sacchidanand Pant,Sivani,JOHNSON KACHHAP,Misha,Sandy",brg.goud.vignesh.venkureddy.remala.sacch241@example.com,5551876870,2023-08-24
"AG3J37R72LBQQ44KNHS3X3ZYQK5A,AF4DZ5N3WE57SPWX5PHKFIFPZYAQ,AESMTZYLC25VNVZDJALPOZC3RNAQ,AE56BTAM4RTX2OYG7NBKUYADHE3Q,AHHQN2SYFUS6YB7LD7UTB5FRTYGQ,AHPSG666QPH6YL6GI2LRLFEQSI4Q,AGBGJCAVRX6E476FNYSSOIYPGHPA,AFM5OTAMVBNMRREYZ2PYBYDGIOPQ","Manikantan V,Murali Subramanian,Amazon Customer,MANJUNATHAN A,PRABUDDHA BHATTACHARYA,highly critical,Amazon Customer,Fabs",manikantan.v.murali.subramanian.amazon.c242@example.com,5559236265,2023-07-15
"AEFVBBYV2B2FDYETNBPLPC5ZBS4A,AFCPUUTQS6WV74RYCXZXCPBZV4YA,AED7TRAUSBC6ZNGG5Y6OIPXINVEA,AGNTLUBEFGL4AL5SN3XMQ3RRDTNA,AFQA55ZPGBR7T7CLIKCCRHEDDDIA,AET5HI2MQ7ULIQI6M246745L3F2Q,AH4U4N56KSPWJ6TCMMGR7X6QLL6Q,AG46WHSZVVRGRYQ5PW3PSOIZQMRA","MATHEW JOSE,Ks,KARTHIK,Kr Vijay Vir Singh,Ajay kumar maurya,Gaurav Thakur,SBV,Kapil",mathew.jose.ks.karthik.kr.vijay.vir.sing243@example.com,5559583126,2024-07-14
"AHUXDK77R5GLFKEDEMYFDNCN2OQQ,AHWMZLQOYRFQBNX5WSQO5G5ULAVA,AG222PEM6CMMGSEWBM2Y4XT3HDOA,AHGWEVW77V3AN6L52PJ7NYI5LTFQ,AFUUKNORZP5UBT6H2Y7FYLPNQRWA,AEX73DBTINDK4QCFTA6LM3TQCWXA,AGHQDGVBDMDTD5LOMLY3AHSYQGIA,AFYTDFPJTAAXZIU6LKLWRFJR2HTA","Naveen..navee,Tenzing Nawang,Anu,Harie,dena,Anant Rao Kandikuppa,Ajinkya Hingne,Santosh Kumar Gupta",naveen.navee.tenzing.nawang.anu.harie.de244@example.com,5555440549,2024-06-09
"AG2CJB47VQE4AVBUYWE7TYPVMYHQ,AF22S3IGZ42YVFNOUDYNCLY4PPQA,AGXGNV2SG2KY4LW4NEOUHYHRYMBA,AEKFLRYWL3QNVPL7XAUSHYTELVEA,AFKK5EPGR2CMH2TV2EUSQM4END4A,AG6KUA5QTEDKKUOCTE2UCBTYFTQA,AET4Z7TNR2S4KEE6OHUGLTJQMNFA,AFULLSOLYZR7NWX4TA6GFPF2UQAQ","MUNIYANDI. D,Rathod Ganesh.,Pankaj,Arulkumar M,S Anil Babu,srinivassan,Recardo,Suresh waghmare",muniyandi.d.rathod.ganesh.pankaj.arulkum245@example.com,5552175347,2024-03-18
"AEXKMEVDTMU6TP5NMM6O242XCWHA,AHH7XVKA2LEWAG2VZMB624JSNDVA,AFMZTR56AXEJGRYTH4LOKDHD27BA,AF74UYGWHEFR2GCAY6QHBNBXZLJQ,AGMIGAXQAVXGZR4S2UHUNBUGQ76A,AHDVBO5VEZENUC2QNSSZSNYW4ZXQ,AHYDE266M6GFYYUA65OOK6NJSTPQ,AGLDRTUTXKGPR2GM3QZ53LGRKPIA","Partha S.,Arvind,Blueraytech,Syed Umar farooq,pritam,Hriday Gohel,Gulab Yadav,Nitin Jena",partha.s.arvind.blueraytech.syed.umar.fa246@example.com,5552471670,2023-11-19
"AGJ42BXEHWTZHDEWDT6WH6PRY62A,AG2VO7W4S2AZ47V6O75TD7YVUE3A,AGT2DMEHAZSUBARHBTHUFBCJYBPA,AETJUR555HOF4TNUIRWFWKUDO72A,AFZ4C7KMK5UYX5GM55VQD4JRCWUA,AFEGEMHIRS3I5YMTIK7J6PLAAUXA,AFX2XYBWOEXU7XMUUHDSBSBS7UUQ,AH4ICLSEN7RPFV3ZNYHOPGP3CRHQ","ESAMPALLI ANUDEEP,Pooja Purohit,GAURAV SINGH,Rajiv Abhyankar,THIRU,Akshay rajendra kothawade,KB raju,Venudevishetti",esampalli.anudeep.pooja.purohit.gaurav.s247@example.com,5558807755,2023-07-03
AGJC5O5H5BBXWUV7WRIEIOOR3TVQ,Abdul Gafur,abdul.gafur248@example.com,5556903101,2023-04-09
"AEY5PQYPSQDGMJCPRPSLJKFM6ELA,AHNQOEGE6ZB5DB2BZKMI3GXO2YEA","Shankar Raman,Johnnie Sinclair",shankar.raman.johnnie.sinclair249@example.com,5553426568,2023-07-03
"AGL3JTQ3ZE2OROHL44I2WVDP2Y2A,AGQ77RQV2RP2RV3V3ILVPKJZO4PA,AFU5YK2ZGL26FL7JSOUCS4NJIA2Q,AGJCHC5GBZXUFZIJC3YHRLDBF3OA,AEAPKDGJ23GWBHSLTG3OQ4ZD72SA,AHI75BH7J42XPZ3GSVJINRNDIQGQ,AHF5BKRYGMVNIVA4ZZEYP3O4MTWQ,AHUQL2OJQVXUN6KU3XE4NNXDYWXQ","Sony Soniyal,Anshul Gupta,Ajit paragond,s.neelakandan,Amazon Customer,Sourish Saha,Amareswara rao,Sandeep chauhan",sony.soniyal.anshul.gupta.ajit.paragond.250@example.com,5554878648,2024-07-25
"AGQYZLWPXBTZCFFSJ7N4E5MU6FQA,AGXCSQZYYIGXCSMQD7HKL67TZBRQ,AHBSBZBVPHQ3DNFSVUEISWFKZWEQ,AFZLNTIDI2YFJVCQS4EXCTGWVWEQ,AFCDITQYYSHB5DVHMFMO6M3PV3NA,AEZDOXSJW5A65GIYXQSDYBWNVTCQ,AGJZ4GRH4YOMZSQ7JWZDVPBSW7RA,AHQSA6UQCAE7UBCWEVA4FSRIKTNA","Amazon Customer,Chhaya Singh,Ankit bisen,Amazon Customer,Rajesh Raj,Krishna upadhyay,Ajay p.,lusang k",amazon.customer.chhaya.singh.ankit.bisen251@example.com,5558661904,2023-03-23
"AHOYUSKWQFXDLOTRT43FCSHP3WIA,AGUVNZPD7JF3AK422LRYK6R5GOJA,AGVJMKJLZZGBV7VOYJGQ2HZKELXQ,AH7RKVVU3Y2ZGA4WEW5RXKMQWDLA,AGSODW32ZSTEY4AMCL24COIXUV5A,AFK4V6NRIQGVYQCCBMQCSLRG2ZXQ,AEK45RYTIY4GBPAVTYBHIA6OGYDQ,AHVNGU6PZRRCJEDDJMZOTR5K5K4A","Mohammed Auquib Hussain A,Yashwantrao chavan,jesna j.,Saurabh jaybhaye,Yash Patodi,Maaz Shaikh,Amazon Customer,Suraj S.",mohammed.auquib.hussain.a.yashwantrao.ch252@example.com,5557769342,2023-08-17
"AGTBGMKWQPUZJ2GA2XPICHD2VTKQ,AF3TVTF3FVMHGLCA2QB2GTUTCUIQ,AH52X5G5PGIEWVC5D7TPBTTVJR2A,AEA6UPUVSSMVOTGA6JN7GFG2AZ7A,AEDU5UVD5ZMYRMBTNQTU7QUFLDVQ,AF4VLR2GRW5ZRKW5QXT6IB6QVLOQ,AESB32BXL4JEWHLRLUHZEDXYSDXQ,AFYSLM4L6FC755CARUNV6FXNANLA","Amazon Customer,Rampratap singh,Arjun vaidya,Apurav,MAHESH KANCHARANA,Val Coutinho,Pravin Bhati,Nalla srinivas Reddy",amazon.customer.rampratap.singh.arjun.va253@example.com,5551176212,2023-03-06
"AGHG6WZFWKAYCOJU6QMZHYDRE54A,AFWQNHRUPQTARC3F4UKWPQF4TRSA,AHU3VEDJKG6OTDUXLAHJRKFXZYFQ,AFT4RR5NOUV3SV4DAF4EMMD3U43A,AFWFSLAC7CL5SNIGOEERFGNG74SQ,AFGYFEYGHTS5QRQ6WTYBPJUADAMA,AGSY42AHUKI5KGZBZU3SAGJBWHQQ,AEIEQNRYFSUJ4WYXO4BTUHBCC5IA","Manoj S.,Placeholder,Vanchinathan G,Vicky dhruw,Gandham gopi,harmeet,LAKSHMIREDDY P,Ajinkya Pathak",manoj.s.placeholder.vanchinathan.g.vicky254@example.com,5558692936,2023-04-14
"AEC6UDCEAUIBIFHGQDQ4KR67GC4A,AHRKSUOZXKKDERRY3VZBVMMWX37Q,AH4F4OZIOIIBXGLL6IZIJAXSTDXA,AEGBGS574C35NMBICCMQLC5ODEKQ,AGM7ETOYBL3UFKCLZW36JM6POQ6A,AHM4G7MHKTEAZ7KQ6ADSZOTL5BEA,AHHYFEVKBVQB52YMNNKAZT6C75LA,AGZ54F47MOFAEMWXXR76OUBC75SQ","venkatesh kg,Raghuram,YOGESH,Manan Parmar,Nikunj .R. kukadiya,Shivansh Sharma,KAPIL NIMKER,Suriya",venkatesh.kg.raghuram.yogesh.manan.parma255@example.com,5555332512,2023-10-30
"AHUGCKS7YANTMDYINXQG2UDTU4JQ,AGHQ2VHXMPWZV5SV25S5N3OENXSQ,AH3GZWZM5RVOFCJCXRU7QFBAJ5NQ,AGQ2RWOECSEFEQMIGE7VTXP65OKQ,AEVUBEFT2MRH2PRVW53SJEL7H42A,AENY7L4XGCQMI627A27G3NVIBJNA,AHQISETKX3OXMZ4IX3YO7YV4UZ6Q,AGESGUTIYJQOZ7PU563DHLYSPRTQ","yogita ratre,Arun k.,Amol Basutkar,janarthanan,Naman,keshav Chelmeti,Hritik jain,Jatin Shah",yogita.ratre.arun.k.amol.basutkar.janart256@example.com,5553485723,2024-12-22
"AHPYDFW6Y3FIQGD2RJPBFF5QNVRQ,AG7DTVYZDY2NWU6V2G4KSIB67TDA,AHNQJPSI4I23HHMRHCCCI7QOBK7A,AHPOQQONRLZMHYLDKYP5SQOKRIEA,AGDD5ACY3AGTMTVBQOC3DMUR6REA,AFZV4ISJSNGDUD5TU3VYMTYQ5JGA,AGKPRGZCV5XK7ZNVLQWUGRB6CVVQ,AE7DX25DQCE7MXLEASO6I3YLWHRQ","AV,Mathan kumar,Amol Manjrekar,Suraj_nirmalkar,ASIF ANSARI,Jugalkishor yadav,Chinmayee Ninawe,Samba Shiva",av.mathan.kumar.amol.manjrekar.suraj.nir257@example.com,5552851381,2024-08-05
"AG3SQH676VN5EH4NDNGVVLML6RZQ,AFOCDYODRNB2UUBOTDLWKH76GP2A,AE2EO67O5G5BPFX5QGUUBOF22LQQ,AG2W2BFO5CKP4J66NZOAEIBQODVQ,AF7GDUMJMOA6YGT4OT7X2KWFRH4A,AF4VQ3FUD2OLAGRSLKACCEMSMJCQ,AHVGJKIR6HAOI5KIYL2BC52ROWEA,AGUJFMAHKPIMDPBVFWG3LBGVLF4Q","Mahesh Paryani,Tejas Panchal,SUBHASH,Kushagra Saxena,Masthan,Dipak Sutrdhar,Nitin,pushkraj_4_ever",mahesh.paryani.tejas.panchal.subhash.kus258@example.com,5557199934,2023-11-10
"AHIBP55ZTOTM3MNBFPQKJIX4TONQ,AGU6ZC6U27UDCAPG7KM7MPQF4OYQ,AGGVIDBKVQ6APEQVNYKXEWBVKGIQ,AEQUX4IJE2NRRE65ON4AAUXNAH6Q,AE6PRC54EJZUTOB4OST65EPVDWIQ,AFN2DMTSHR5SU7A7L3JRLM6E4C5Q,AHPVBTYWVDOZ2JHLMMC3OLMZK34A,AH6I4SYUVW5GTDLCBTUE5673SHFQ","Vaishnavi,Rahul meja,Talo Mosuom,Subodh kumar,Sayan Bhowmick,Mayank Singh Solanki,Nagendran,Kiran Garud",vaishnavi.rahul.meja.talo.mosuom.subodh.259@example.com,5557322352,2023-03-29
"AEREO7C5GLYYYV6YXK7X4UCCQTJQ,AHWISRUJUCJG6UH4FFVSPKDJS2BQ,AFIKGABHNR4JSITY4CNM6TMO54EA,AHTWYLMZUCB6QUCNPXWZ2PCKDGRQ,AGBIS5BRLLI652XO3V53YOJMZXXA,AFUT3A3MXCM4JN4XUGMFUMFDBACQ,AHNV3R7QZYE5QVEV7QEEBFO37HTA,AGSZW5C5GBRQXPA2MZ5XNZ7LCRQA","ASR,Amazon user,Rama Rao,Vinay,ANIKET,NAGA SHANKAR.K,pawan k.,Ravi",asr.amazon.user.rama.rao.vinay.aniket.na260@example.com,5551388673,2023-07-14
"AG44HJB2AMIVHAGQZ2WGWONERKCA,AHL2FABQV6XAHZN547DN662X5RWA,AHJE6QFY5XEOZJJWOIOHHIDFWWFQ,AEDMSJ2CEQZID62NXPKEQLMBG2LQ,AHF7ZBKNBLCLFHGJG5KXKPI7QVCQ,AGD2S7EXXSXHBCJHTXUAV6FLXAZA,AHZRUY7MR4SVM3HFJ2SZDGHZJ56A,AHEHKOZPPOVYL75KDU52PSBYDEFQ","Prashant,Sumesh Sundararajan,Vijay Baitha,S.k nahak,Vikram Kumar,Manish,Jm,amit nayak",prashant.sumesh.sundararajan.vijay.baith261@example.com,5555847570,2023-12-16
"AFGHRQK34D54OXQCRGX5K3XTR66Q,AHNRGHNIKN4JHV2RVCWX76B7ID6A,AGIBUP4ENAQTEYCKPWASWCUJ7YXA,AG5G6IU6RDTR24OHO3LSE24JCVEQ,AHWCNVY76F7IBUHM7EBJBMQV7KBQ,AHGYR3ZSYI6EPPK3N6SJPQIP53FA,AHT76IZRPXLMCNSF377LTR6CNIPQ,AGFHRUWQ7C3KCBL6IKJ4BC3JSZKQ","Sumit Nath,Aneesh Mohan,Yogesh Badekar,Manisha,Nishtha Goel,Sanjay,RAJINDER SINGH,Priyanka Chowdhury",sumit.nath.aneesh.mohan.yogesh.badekar.m262@example.com,5554286997,2024-08-10
"AE27UOZENYSWCQVQRRUQIV2ZM7VA,AGMYSLV6NNOAYES25JDTJPCZY47A,AFHS33MWRQGSS64EETZJGCBWXXXA,AHYXZVXUY3QTBP7IBFIUBSZVH2XQ,AH2SHWYEWDAK6A5Y2ZBEMZ2KIG3A,AEYMOGP2CYRKYZ7TIDNLGR5QPZ4Q,AGPGDCCXPI3EACMNJKBCNT57DVFA,AFPBMRYRSMD3PP3CBKLFF7EKOCXA","virender malhotra,Vikas kabra,Das,Naveen,Amazon Customer,Adv. Manish kotwani,Vinod Jadhao,Priti tijare",virender.malhotra.vikas.kabra.das.naveen263@example.com,5552315209,2024-04-04
"AGPBZBEFPFL64PWRZX32JSZUHDMA,AH32ZSUDD2AINXSY42RIVL5RBCIQ,AEGEQUSFQ3L5GTTYJEM34ZLSZN5Q,AEXNZJKAL3YMVOOAUSE3BZFP4JPQ,AELMNMBT5LVUJB7C3PHTT4NTETXA,AENLU2UJ3XK6A2ORODWSHIRNY7SQ,AFZ5LXQHEOBA4QWHTTF3TQNP7XIQ,AGRWOS52HI6TPUBXFRJUH3M4Q6DQ","Prasad Pavithran,Mahesh Chandra K M,Pannalal singroli,vinod thonti,Mayank Dunkwal,swarn,Rekha H gohil,Vaibhav Sharma",prasad.pavithran.mahesh.chandra.k.m.pann264@example.com,5558539908,2023-08-10
"AFE54I72EV2YOL6POJCHHP3Q5NWA,AFKLES3QOCRLIMJWHPEJVGK4RX3Q,AFLBOY3G7HT3TAYCHSRFBXF7M2MQ,AF2NZ4L5OXBCMZZ742VSQGWU2F3A,AF6562TF5CHMMJIIAO2TQPNYVMBQ,AGO6LBIRJDSVR7FW4BD5JS4OGLZA,AHSO2XARBV6CWGPNXNBK3CJU7FBQ,AFNLIVIY3LPQ6FEX2UHW4WGNOUAA","Sunny J.,Praveen Pavitrhran,nitesh,Yadav,vansh gurjar,Krishna,Pantiphun Gonmei,Santosh Panhale",sunny.j.praveen.pavitrhran.nitesh.yadav.265@example.com,5556698790,2024-12-24
"AGOWF5LLDDKUJTPYF4WOO5RKT4JA,AGIJWXZQV3F5BX3NCSWDZVKK4RCQ,AFJH7QKP457YR2ZYLVCPSMM5SWHQ,AEUFJD6BX2IQCSBOKNA7MQFE7QKA,AHCBFTWURJCUA25OV4KMXCRKG64A,AFBJK7AC7CHF64YGGCYORLZKDJPA,AFS3FJBEMAQT6KHZEAOPUHRCVQ7A,AFCWNR2KVRYPLSRP4RNLWZVM6TSA","Vishnu VP,P S Agarwal,Rajesh Kumar,RAMA,Vaibhav saxena,Venu Singani,V Arumugaperumal,HariBol ❤",vishnu.vp.p.s.agarwal.rajesh.kumar.rama.266@example.com,5557589616,2023-09-14
"AH4OX4YZN7FYK5EGLIGSPL7V5GEA,AF3P7GAMRCSCUNVGINN76GPSEFFA,AEDMNVL5UD34C7NFQD5HN32ALFZQ,AHLYJZWIMC42O7FTHBOSUFOXBTMQ,AEOT3342QESRJ6Y53VNRADPFKTXA,AGGYPM6XG63MKRNTABSKYFJZNJLQ,AFSWPIVS5VSLL7M2YWCUFUSLJWJQ,AF6JRCF4K24OBBTF456CIYJKFYRQ","Suleman saifi,Nidhin Nair,RAHUL MEHRA,Uroosa sayed,Asish sahu,Ayush T.,yamuna y,Basavaraj",suleman.saifi.nidhin.nair.rahul.mehra.ur267@example.com,5552438571,2023-02-20
"AFIJZPIDNQJFJUO46X7TVPBDYSCQ,AHIQL236HODJPRW5A5IGB34PXVDQ,AG3JTCWKG2UKPLHVG76QRTOFWTVQ,AFZVNM6MTDG7IXBRRNT7X5OGJXUQ,AGRWWPE6U7HMEWIKZ6GAN2FY2SBA,AEDWWKMEJES5SUY5QRGMWWMM7CWA,AFR4LD7PJRZE7EJSDW3QW5GINNLQ,AGWO67H5CHGZF5AAAUAD5QQCZODQ","Mahantesh,Gaurav Chaubey,uma vijay,Asif ikbal,Lomish Kumar,Kavya Singh,Sagar Mahata,Meherunnesha Sarkar",mahantesh.gaurav.chaubey.uma.vijay.asif.268@example.com,5558554690,2023-03-13
"AEIYWH2ASVIR6LTJ2JBXPQLOUYNA,AEYBIV3UZ3VQECGKV6QRO7PLR2EA,AHEAYHNW5FVLH6XD7RRKIG32OUCA,AGKIV4JCOJQGPNWBBKPXVME7T7NA,AH32CT6EKUDWLGELKZDK4TEUWZRQ,AHPRFGJEPXRPFJBR6CEZR45ICAKA,AG4ELQEFRPWHH2ADRUMUJW6XP7JQ,AEVHROK7EARG7XEZSSNEJNP6DPEQ","Rakesh Roshan,Kani,Amazon Customer,Amazon Customer,Cheekoti Rameshwara murthy,MBS GOLD JEWELLERS,Durvesh Sawant,Wilson Rodrigues",rakesh.roshan.kani.amazon.customer.amazo269@example.com,5559060123,2024-09-27
"AF4MVO4JNFDEPWFKZO62OAJKRIWA,AHVPAXEWPATRASBKHOBI2I3VRLGQ,AE47PRQCNT3YFSESBLAJOH6MSCFA,AGUOSXCR3PDNC2K4X7O7QNRGPAWQ,AH5L6KKTP5ZQSN6GVQB4ZGXOM2DA,AEP5OZFTG32NCC34GCOBFO24W6RA,AEQXLMRCT4ZS65M3ST5YV6AOZG7Q,AHZXKAGAJPIMZJD5XJ5QUIYR3ORA","tarun kumar,mahesh radheshyam tawari,Blackspade,Manoj Kumar,Kartik Sharma,Placeholder,Arun,Yuvashree",tarun.kumar.mahesh.radheshyam.tawari.bla270@example.com,5557748021,2023-01-25
"AHHN6OTOZ24Z3BWFJHUPDGRMSVCA,AHVUKBEDM5Z6JPKOPSFAFKCB4OPA,AH66GAHYTI3BUVCPVV4IXBI2DRGQ,AGO2YRYQBY33JCVUJS66EZ2KL3MA,AFRF3MH2AZZR7AJQFT7A73H7D6LA,AEYIR4EXCJIMOQZ4VP3SR5JLBYFA,AGUIWK76DI7WDRB4G4MI43257QFQ,AHOQN5US2WQJA2BOZTYDAS7VXVQQ","Topchi,Laiju,Taral,R.vijay kumar,Madhurima Dutta,Amazon Customer,DEVENDER,Abhishek Nigam",topchi.laiju.taral.r.vijay.kumar.madhuri271@example.com,5552980197,2023-04-19
"AGHVT7WT5L4HJE2K7U2JG2YCED2Q,AEG6NCZPUEEC3YY267IS3YMFRBWA,AGD6H2VQE4PJ7QKTSCXBXPBYS4NQ,AHNYPGI5E7UACOC4BRKLLMHZKRTQ,AF4O7QE5UR2B3SBWJHEG56MP3SCA,AGKJZO3JZK7WKO5FICXBLGIOOGRQ,AHIKIHUKNQUQQWRBFB2ZP2CMWCFA,AEKCZIJF3SIFEWEL25GZDECRFQCA","Debanshu Saha,Dhineshkumar,Amazon Customer,Amazon Customer,Raghu,Ramesh Boratkar,Varsha Diwakar,sangram singh",debanshu.saha.dhineshkumar.amazon.custom272@example.com,5553764933,2024-09-20
"AH6ATQVI2YBUXDHJEADXMVOBBT2Q,AHXO4AUAOUTAX3SLS25652BOVQGA,AGFXT5AP3OGXVESL6CATDNFL3U2Q,AGIFAPAG7ZOUZL7QOBEUSHIYQHPQ,AHLDMLQTWAHHYBUVIS2J7LU4U7BA,AH3E4JX5L3FJKASHZNBWYRLK7FWA,AH4BNIVAY3WHHW7YVDRUQZBSUX3Q,AFOETT7EEXRU3TJKS7XWPRW2WMLQ","Harsh Saxena,Rishi Kashyap,AJAY,Amazon customer,abhishek,Devi Guru Prasad,mahesh madhukar sardeshmukh,Sridhar",harsh.saxena.rishi.kashyap.ajay.amazon.c273@example.com,5558600674,2024-06-29
"AF3JE3MHGVCOATHASUTMN3VGF3UQ,AEDSNOOD2D6SJAET2BTNBHLV2SSA,AGGTMAPT4WBWP2C62I6CGW22QNCA,AGC6NVLEXXVXAOMXP46RL2622EBA,AFMZPE7XRDTD4DOUAAMZOME6HG7A,AFOTHR4JPCQC4JXBR3WV4C6T5XHQ,AHHA3DXLSJ3LS57KWW56FPPV4OKA,AEJMCBDH3VXRL4SPYOC23J4OG6OA","Ranjitha Parida,Shubham Pawar,Arul,Lokesh K V,Nandita Talukdar,Sushma Pradhan,Vaibhav S,Amazon Customer",ranjitha.parida.shubham.pawar.arul.lokes274@example.com,5556876303,2023-11-27
"AH2OARRWRYKQNYKCWGQKO3NOINQQ,AFIIBGWYNYPKBPVV3YRZPI3PYGBA,AF6HCCU2LSBC7VI7PXDP7BV234VA,AFOFD4PXG6Q4MMOSO5DL3Z6SPH3A,AFJLVCFIQOLK52GX6GEPNDVDXMLQ,AEQQH4MFXL57BHAPR5HEDWJ7IYSA,AHKFAQZRUQBRNNHBMARKC5YBCLBQ,AFU4L7YEY73K63B4VWGPBWQVAYWQ","Rahul Singh Rauthan,Sanjoy C,Prashanthi,Aditya Singh,Satyajit Patale,Owais,Amazon Customer,Himon Roy",rahul.singh.rauthan.sanjoy.c.prashanthi.275@example.com,5559069245,2023-06-18
"AHJJY3GFDJFTDTX5536IMIXVNCNQ,AEYIVONPYGGVCE7K4Y3PNQPKVHSQ","Atulya Sinha,SujayZ™️☑️",atulya.sinha.sujayz276@example.com,5557192882,2023-06-27
"AGAELRYPMTG5SADZPDYB343EASAA,AGFN4JODOM2NTFCJQOHDBQLVDJTQ,AG7EZVSAXIVGMNDLSA55K7URQCJA,AGGF75HIEMB67OU7J3RDALBSUKQQ,AHY5CI4SU6JBYPIZ5RLAGO6W3F4A,AE4KODNBVTDCZWZO4HZM4GTRERPA,AH6HFHSYOY2OHMODD7244DHG7FUQ,AHRW5JERWYAJCZO65PDKZSOEPR6Q","Satheesh Kadiam,Pritom Chakraborty,Vishwa,Simranpreet Singh,Saptarshi,Amazon Customer,D.RAGHUL,Dharmendra kumar",satheesh.kadiam.pritom.chakraborty.vishw277@example.com,5554871067,2023-11-03
"AEJQT5NMTAM2ZRPQDNGLOL6NTKRQ,AHIKFQ5VP6QGYQK3GJICMV4U7ULA,AHWEF3345QLMPIGGOW6VUYJZEFDQ,AFLEQIFCKD7EUBQTHJ7T7XF4MWMQ,AHLORXFV6I3JRBNER3O6DIOVWM5A,AH445QA3XXIV6FPASBU6OBICSLYQ,AHT6SE3YNTHR76UT4QDQKBHEH5EQ,AFFKCAWOTYV7EXKMDMQ5NVRRUV5Q","Deepankar G.,Babu Singh Rathore,Liton Das,Biswajit Udayabhanu,Anil p.,Anoop Sharma,Rameshwar Singh Rathore,Palash Santra",deepankar.g.babu.singh.rathore.liton.das278@example.com,5557351158,2023-08-28
"AF526AFELIHNPVD5FL7SX5YLF35A,AHY3GOQ6D4GPVJOY2WG4P7MH7NGQ,AFUI6TGJ2TLDSR4PDBMD37RSFDEQ,AHRRCKGSRMDGY56SV4ZGXHBT45EQ,AHBFSHWP4NHWBAUP2AUWUTX5MZYQ,AHAF6FEINTAVNBMIRK2RCOT6KZAQ,AHJQMR2KBHVM6PAPM3OXBGYHRPRQ,AFV7ZA733ZLME4KNLZPMPCBUNPPA","Amazon Customer,Soham Dere,Amazon Customer,kumar Raja D,Gopal kumar,Chandra kant,Nijamuddin Kuraisi,Shankar",amazon.customer.soham.dere.amazon.custom279@example.com,5553621947,2023-01-29
"AF7B5AJJZP2WKRD74Z45L7YDOEHA,AGEYI2JEUE752XDEXSTEIO7LJI5A,AGNNZL2OXJSOP4LC4PWWYSTCZAAA,AF7O7XT6CTT6WPOITPUURTLR373A,AEI3CRGT2GQUOOD67T5H2NK6J32A,AFVNPALAXLPTQV7PA3A6GG6GNKHQ,AGFWKP74BJOEEMWDPDRITXUIW45A,AF36F2CYTEDAZ7XUT5FIVJV5WIFQ","Roshan Renji Cherian,SivavaraprasadPV,Kranthi,A K Bindhani,pravesh,Subrat,Max,JAWAGAR T",roshan.renji.cherian.sivavaraprasadpv.kr280@example.com,5556601373,2024-11-06
"AHQIYGWISGS2IQAQ3OM4IZHKIV4Q,AGXCRSJZ5RYOGMFVSLNRCILGSATQ,AE4MORXG46LGABI76KRVGV5BCLMQ,AHPN4Q3AZDX3HSUYDT7MHYDIL6QQ,AGBOBQFRZDOF5XPJRLHJYOGRFKNA","Vineet,shreyas,Amazon Customer,shaurya,Kartik Yadav",vineet.shreyas.amazon.customer.shaurya.k281@example.com,5555961430,2024-12-27
"AEL5HU25IP7YT5WK3LXNC5M36NBA,AG6OO5TADBKM6RSXLN54U2LYYPXA,AFBICZEMDBBG2PL7T424USBD3PNQ,AH6KGRI6O5D37TRWQAKYLMWIZMKQ,AFQY3C6LSFBOO4FUHKKVD7Q6LFIQ,AFDTYPH2YS7I3XDWEY5I6RXU53MA,AEUXJSPLBCM6V4UCEVFPF53YC4GA,AECKQGFXRQ5NR6PHVGTS5TCIYKQA","Sanjay G.,Vinay Bucha,Amazon Customer,arun,Rohit,Aasim Ansari,Aniruddha Joshi,Rekhabai bhoi",sanjay.g.vinay.bucha.amazon.customer.aru282@example.com,5553302084,2023-01-15
"AHWRZWPCTG6ICA7WTNLNNZXWFI5Q,AF2AASVYVSROFD7FXA6EFDS6N2LA,AG6YHIDBTRF4SWXLDWRVMRS56AMQ,AHELRKIGSIPF5VMAGPCPAUJYKOLQ,AH7HRG7P5VGMMU4PN7CEDU74Y2AA,AGPO4HV54G5JLGEZYJJ7NC63V6BQ,AHIMX6EL6H3CLBEVJCWLIQHSAA3A,AEITUHHOUWUNZPQDSHA2ZWQGJUMQ","siddharth patnaik,Dr Sunilkumar H,Krishna,K. S. Rao,vinayp,indhu,Jogi,DRISHTI VASHISTH GUPTA",siddharth.patnaik.dr.sunilkumar.h.krishn283@example.com,5555836533,2023-02-17
"AHPBU5B6HIJJUIPIX6GIPYKPNZ3A,AGTIGA6CWGOALBOCA5TMGUUDSPPQ,AFOYNH6UHFBRCWDLEY5GKAX2BGKQ,AEYCQ3TR2DE6XHPGHBNF5EW6KUDQ,AG7HMNN4W6OF7QVRDK3MKTR6DY7Q,AFWUBPDUKGCKVGAIFGZ6WMR6EJ6A,AHCAUACHVKPTT5MN5NGYZW4HLH4Q,AHIQOWYOEAPXFI3GJMNRV4Q7BJUQ","Amit Kumar singh,rajendra,Paramhans Jiddanand,Vijay Shanker,Vicky,Aslam T.,sandeep singh,BRAVO!!",amit.kumar.singh.rajendra.paramhans.jidd284@example.com,5553716868,2023-12-30
"AE4755NP2P2WIA3W6UZ4GBQUMYJQ,AHKCM7P5EDDMQZBKYYE75CPAF7FA,AFDRB56L4VXGIQHGTVK7NJM3WSYA,AHNAZDZEKS6VNCJWHR4ESXYPU4VA,AGWXSRHKVWHYZILFA5BDCT5XBCGA,AGXQDXGZIHZGK6VZJAMINA4COD5Q,AFEMVPAQZ54XJP3XZOPH5T4AYQ3Q,AHVAPI2PL242EH4HOBT3XMTEYFTQ","ANURAG,RAVINDER RACHERLA,Tamojit maji,Barhoo prasad chaurasia,Srinu😎,ARYAN RAWAT,ArchieFreud,Amazon Customer",anurag.ravinder.racherla.tamojit.maji.ba285@example.com,5557118484,2023-03-06
"AGUFJYDE6UKS5WLQYUXYVT5OTWCQ,AHOQDY4AERBRQUTZNXDGE4VONOZA,AGSNTULCKL7K3VTGVWZZ2LFC5MWQ,AE7XNRKCIQXN2W5G667XOUMKDGGA,AFA6RD2OGIVARNPAOXV7MW7LSO3A,AE7A3EKW57EKUTLWKEKWLVQV6RUQ,AFXDZ3POPMDGLR6PH7EGPUAXJIRQ,AHV2FJH22467V4ULH6KKQIWFVGLQ","Shyam,Tushar,vahida,Kapil Chaudhary,Kritish Ganguly,SARFARAAZ AHMAD,Deep,John",shyam.tushar.vahida.kapil.chaudhary.krit286@example.com,5553896019,2024-04-15
"AEW3QDKETJO6JJTGK5JI2ZW2PA3Q,AFKWBZELRCG57S5TPMOTZNE5KANQ,AEGUNYKUOOKYLZ5EVFG2RZ3IL5NQ,AF4R7KKPJVNKJC5D3CWKKX2JZAHQ,AEMRQAGETOHECPURDR3UBRHG33FA,AEI5XMVBEE4RLXD3B5VKGLNLH2JA,AEXU4Y3XLSP7AIYF33J3A7YN6O6Q,AFTK27OS7TXVU5CISEGTE75PPGEQ","Chandra.g,Shan Mohd,Suvajit Thakura,Radhe,Jyoti,Amazon Customer,kajal Kiran,Arun",chandra.g.shan.mohd.suvajit.thakura.radh287@example.com,5555173139,2023-06-11
"AHALPOEUQFGXEZR6NQ64ZI3EIYXA,AFJEOV652OA6P6CPXI6U34PC677A,AEMQXD272M5OGFOTZDB3PBM2KSWA,AHTNHTN3WQ3NHVW27TWJLRMQDG4A,AGXGWVE46AD3MXJRAA75U5VYV4VA,AEQIOSXDNEWT7VHJIRG5AVN2L7XA,AGZV3QEQWGL37PYNL6FF2FV25Z7A,AETFDFDDPV5V47KNM2ZNBXJ3BCJQ","Indro,Bhavesh Bodat,Amazon Customer,Ambalika Sarkar,Bhosale Techno Solution Pvt Ltd,Agnish Mallick,Radhika Arumugam,Krishna",indro.bhavesh.bodat.amazon.customer.amba288@example.com,5551854187,2023-10-21
"AFDRGTOQGLLJ3FEYVGQHQY5XYERQ,AHRXHIS73VVO2ABYNN2KGKQJBUEQ,AHF3N2HPJZG2DWTJFC2THLYN52QQ,AGCBDQPRT37LO3J3CP5FYVIQ3OEA,AER2ODPYVD5JB5RTN7HIZZH5F27Q,AHNOI3BBY6UCQN6CNJRZF23YTFTA,AGSEYUOK3UHZTWI44ZDFKIDSWZYQ,AEOJO73NCLD6U7WZ653AZ5LO3LCQ","Akash V.,Sanket Virkar,Ashwin Sindhu,Ajithkumar M,Mano,RAJAN KUMAR,Reshma Chandwani,Sdayal",akash.v.sanket.virkar.ashwin.sindhu.ajit289@example.com,5551784062,2023-08-26
"AGB2L4VZFZQISJ44XSXNEQOKSTVQ,AHQDTRQWUS5MPV5MBLSB6HTSJ52A,AH5GUOO3UWAKJD7PAMTZ6UUEYRPQ,AGKSB547ASUKUVCC4SCHFKIH7XWQ,AHWXPJ2XKKVRT2AQLZKFXMQFJLWQ,AGCVMGZJMOJNXWMAAEQPG4KMLGUA,AGRREQL2U4HCQ6K7METWAYVM355Q,AFUGCO26OHJAF7LMREGYHPS2MMOQ","Sankalpa Chakma,Prachi sharma,Manoj kumar,Sunitha,Sonu bharti,dsdewat,Asif Awaara,Arpita pal",sankalpa.chakma.prachi.sharma.manoj.kuma290@example.com,5558188607,2023-11-16
"AFLMOZFV4PMKSM3JHJ7ITUT6OVBA,AE2TS2DBYLAJ5WY6FFWFNXFY24SQ","Goutham Giridhar Kamath,Antara M.",goutham.giridhar.kamath.antara.m291@example.com,5554478544,2024-12-26
"AFBVVELP4GVFVUNT2JCI5JHVGRWQ,AGN6VHI3RRN2EETVG2K6AU54UJ2Q,AEGXNXBUADLS35GCQLX7K5EIFU2A,AGRLRL4UJ4K36QPX6NY4X5ZETZEA,AFB7KATBZJ56CDSFNRN5GVI5WLWA,AEQLEDKX266NBPOVEJSVR35XNFYA,AH4EQ3AD64V4T45VEG3L4LK7IGQA,AH4EGLGTSXX4GYBAOERNBPVIKD6A","Andy,Deepak Karki,B J SHIVA SHANKAR,Shakil A.,Vikas Jeughale,Priti raut,Vikas,Amit T.",andy.deepak.karki.b.j.shiva.shankar.shak292@example.com,5556466490,2023-11-16
"AHTVBHRLCBX5E5GBPONFYZLCNBGQ,AEXRBZRUCAA7B3P4I2W344GKKEKQ,AGCRWVPOVID3SCYSXUIFZNEVZ5KQ,AFLG2PW5COQFF4ALCTWAHMWQ5XBQ,AGTYNRS4BMV64TFKAWN5BGOC3RLQ,AH4SGJXQP3YL7ZSOBVDVA6EF6NNQ,AEE6GBKI25S2XX77PN4SZTH7KWTQ,AFQREO7QQWGS5QZYY2VUNQKV5VPA","Shekhar Badola,Pravin,Kishor,Ananta Bhaskar Somawanshi,Anonymous,Jyothi,Rishi,Amazon Customer",shekhar.badola.pravin.kishor.ananta.bhas293@example.com,5556893312,2024-04-27
"AGKL2QQZYTI6LCC4CDJEGIV3EDUQ,AGFI73CMZKYLOYXJFEQBOGGVTTMA,AELXR5NQFM7D6VMAQLQ75LZKBRQA,AEOFVQUVTVP7AU7TM7IZBXJC3NOA,AHG33QRWJPAIDBY3URAHOVO67T5A,AEWCPYNJLQRK7UW54HDWPA45R6SA,AHLDP6L4GQIF7MJWWMNALXNQXYEQ,AG5TXJG5DJ554EJX2GMQL67ZCP2Q","Soumendra Pattanayak,Kumar.katukuri,RAJULAPATI MARUTHI VARA PRASAD RAO,Souvik,Mahendran G,It's Me Swaraj ...,Vijay prajapati,Dewang",soumendra.pattanayak.kumar.katukuri.raju294@example.com,5559938556,2024-08-30
"AE5X7F5K6HASKKQZGUJEF3VZFRRQ,AEKVSWRDHUU76ES43EFWKAWTDYGQ,AF2CYQ4QUO4JYJDIRRB5R3YZHYCA,AGXAFZHSGPYKI3IF3CUMM3FKCT3A,AF5H5CZXXSPIJL6A7CRZRJQPMJWQ,AFMFLXBICTWGULWCOSXF6BRBQCNQ,AHUVRK6VJOSRKW2RAD6PXS4YVCUA,AGP365OHRJ23BJZKPU3GJ7NVQHVA","pawhnai,Santosh Kumar,Dhruv Shah,Rajeev K.,Dev agarwal,VISHAL KHOKHAR,sreehari,Subash Panda",pawhnai.santosh.kumar.dhruv.shah.rajeev.295@example.com,5559541997,2024-08-03
"AGRV2QBB6JEZZOFFU2SXQ6MD4FKQ,AE63YMXM3DHXLPTNVJHJ52BUA4KA,AGVIZXWQFUOANBYPMIQ6GY5XG2SA,AFOEZACEOW6XEVSVUCJEGHS6U2KQ,AE5JZKPJIR4HTZPWNC6ZPYMMGNBA,AHDF7YP2MU5KXG43ZVYWMMQNHJMQ,AEHGQC3G6B3IWI6OD7AGD353D6ZQ,AG44OTCJB3ZNRPLXK2KTM3R4RGRQ","Bhathresh,Rohit Bhambhani,Amazon Customer,NAVEEN G.,Yash,Ravi Prakash Jha,Abakash Nayak,Anil",bhathresh.rohit.bhambhani.amazon.custome296@example.com,5559221071,2024-07-14
"AEQ2YMXSZWEOHK2EHTNLOS56YTZQ,AGRVINWECNY7323CWFXZYYIZOFTQ,AHBAT6VLOXWGYDL57KHCNCLPXAKA,AF7NDY2H6JVYTSQOZP76GCATQ34Q,AFV7ZA733ZLME4KNLZPMPCBUNPPA,AEP4MK3EKOBDKTGPJTRN5RBDIODA,AHFAAPSY2MJ5HYOU2VQDJ7AQY4NQ,AH2WGV2PEBUTICRPBEEVKF24G5LA","Jayesh,Rajesh k.,Soopy,amazon customer,Aman,Shankar,Ajaybabu.O.M,dinesh,Chitra",jayesh.rajesh.k.soopy.amazon.customer.am297@example.com,5551832139,2024-09-07
"AE3SQVHSPJCIM3FT4MYLZOLX2ZSA,AGVJFS4QXURZUT34VBLXILIVA64A,AEC3CTKKV26PO32KOGUKKABJ4OAA,AFWLMSZPLJIABG6W6IFSFLEVHETA,AGZGIO6G2BKPLG4SN6O4ZRQOA54Q,AH3NLKVBUDIHF6LUVBM3CJI4WFXQ,AH43NCUTAEIE2WGCFN3DV6PM5LTQ,AE4CJM43GFS4KYQVZRKJSGM5MIPA","Syed Musaddiq Shazeb,Amazon Customer,Khushi singh,Mayur Pradhanadhan.,Anonymous,Sujeet Chandra patel,AARYAN,Chirojit",syed.musaddiq.shazeb.amazon.customer.khu298@example.com,5558685233,2024-11-05
"AHPK4PXDZS4FBECPMPFQOZRLDPAA,AFDZPGN3IBUCVS4QG4U5YCG4QZMA,AGXRKO2ZS34CPIT4HVKL4ZVP7UMA,AGAYLHB4FT5IE4A5NXOCGX6VDWUQ,AHXFVLYGYVEDJD4JY35L425PK5YQ,AHTHZGMRK6ZMTCCPSKOGS7GTFGPA,AFNZPK76SJ4OIOZUZPZUKEDOMJQA,AHDSEBUBYJQEKVHY277BC2ZKYPYA","Chinmoy Saikia,Zuber mutvalli,PARTHA,Bangre M,arjun Roy,dilip,praneet arora,Niraj Jain",chinmoy.saikia.zuber.mutvalli.partha.ban299@example.com,5554656277,2024-10-07
"AENDUJB5OZB6K4DYJJ6JCWFTSRCQ,AHRWY7ICLIT3SPBQFPD7V7C7NJDQ,AFSTHMXFUDYHM43NKFYVF5TM2DDA,AGVOU7UYLUAX4S7LCOYNNEXUCD3Q,AHARTLP3RPKXFY37PX5Z5T4JHUEQ,AHJQYBWVOKGBO6SND232KLREKCSA,AHJYRK56SVRBAQZMLOZWPBQU2FFQ,AF5ORZNIXXXLMFXXPZYZLTGPTQAA","Diamond heart,Amazon Customer,Pritish Biswas,Sriram Ramanathan,Srinivasan Subramanian,zubair,Amazon Customer,Amit Chotrani",diamond.heart.amazon.customer.pritish.bi300@example.com,5551634176,2023-06-08
"AHDANFLZ6CRP3NUAFEG5KMPPZOFQ,AGP2HWARZOUPA3CD452G55XDOVCA,AFIXXDE6EGSPL7Z3V2HM2ONLKILQ,AHHC4X3NGUIXBDLGBNSGVCEBBWXA,AFMR2SQ4JJENHHZXWTUYOXFAFBDA,AFSN7XEYM3FYLA553HWSFJIWXNLQ,AFBFWTKCL3QGM752HHFGURNACKNA,AFH5MQTFGQYYKITYYBH5CFON3PEQ","Isfahan A,Anurag,Bhushan,Siddhesh Yadab,Rakesh,Sai,V S GUPTESWAR RAO,Amazon Customer",isfahan.a.anurag.bhushan.siddhesh.yadab.301@example.com,5556962162,2023-01-10
"AHLYJKN3B45FGUXNLI7HBJRMQXBA,AGU3XNDQ5OIFEYL6W7FGAB4QNOPA,AFQQLWLDOYRTQWZETYX6CFXNEOJQ,AGJLSJO25FNAPTAMQITAMV2DTV7A,AGFXSW2YQHNS2ZPAMQHQLDH5QBZQ,AFNQRKRC76QTV3ANYGVIX3WGB7AQ,AGJU6F3B6JF6P3W5KKTWBRLGQFRA","Dinesh Kumar,Saurabh,BIDESH PATRA,Prateek H,SHREYANSH KAPADIA,Vinayak joshi,Zarafatima",dinesh.kumar.saurabh.bidesh.patra.pratee302@example.com,5552403828,2023-07-21
"AF535RV7I3GDWBJZWB7HOLHYAUFA,AENGUPOM2EDK3DTX7BZUWYKZIDJA,AFDSO2WPP2FVD5GLVREORVV23VNA,AG36G3XPHERLKRDG7XYQ2IWJWPIQ,AFZYCNGGJWPEVKRYOBQCJFBFPF2A,AFRJUP6OCPKPDASMS3ZF4CXWXCXA,AEW2RGBB7GXPNUGFBMKMK4OKGE7Q,AEGZCGGDNS4ZRNPG3CDULRVB5Z5A","Rohan Kumar Gupta,Harshal Jadhav,Banishree b.,Amrut K.,Surajit,Rahul,Vishal,Jai kumar",rohan.kumar.gupta.harshal.jadhav.banishr303@example.com,5559629015,2023-02-22
"AFZRJWGYUFNULZQLL27PLZYMTYFA,AELUUSXPQUT3DD5LODET67QZYXVQ,AHN5GP2G4PSPXMVTCK3D7FJSUMFQ,AHXQK2APPFORQPV6E43FW2W6DVVQ,AGH3POHLPXABF3I4ASSGTRXAUPPA,AGUKWQ7OYGHXWZQYRBDSP2V77KDQ,AGRFG6LVUVOX5TDHEZULKHHKYK3Q,AGXBRUP77BK42TS3EE7MPBX2OBXQ","RAMKISAN,Pawan Kumar yadav,Nikhil,Drew Arsenic,nisar,kanishk,Amazon Customer,Kulveer Singh",ramkisan.pawan.kumar.yadav.nikhil.drew.a304@example.com,5556030147,2023-11-24
"AHCZZTKJ5WN7WJSQU3HWL2LK6XQA,AE6OITGK4Q3JK2PM6CA7Q5YVED6Q,AFPXC62PG7UC6DQ7WET3HSXJQ5XA,AG2KPNJXAZXHKWUMAM3PTCO4T7RA,AFLB34EOC2F37MXTUPWYAUBFLXKQ,AGFSZ3NBVGWR5NBRNYIEBHLMSZGQ,AGQ3O74IZOTXX6NCRGUU5SSCAHVQ,AG62MXMQ7L2PI4B757FPQYANBH6Q","Chyanika,Suprit Sagar,Jindal,Kiran Kumar,K. prasanthkumar,Joney aheibam,Anand,Baby",chyanika.suprit.sagar.jindal.kiran.kumar305@example.com,5556147639,2023-05-05
"AFAKEZV7KMVT2SGF4KYWXGQRIW4A,AE33MAZWYRVAAICGNACZAIWACK7Q,AGBITVO2DOMNZU6DB4QF2WXXELLA,AFNFUGSKHFEN7D2XJICFYQIK62VQ,AH3HGPTMWGF4FTGDEKIODKTU5RCA,AEMKH7NSGFU5YGYOC54RHG54WHXQ,AGUTBT3QDFUJECX3SI4FAX647CZA,AGZJITIDEQNYDGVCPZDNXLBYDYYA","Vikrant,Ganesh Gholap,⚡ Pushpendra Singh Patel ⚡,Gaurav,sumegh,Jigar,Dhruba Jyoti Das,Anjeela",vikrant.ganesh.gholap.pushpendra.singh.p306@example.com,5558217880,2024-09-26
"AE6CROVUGPHR7BRT5JASNRWSPBVQ,AHL5MROK5N63VXVBMKVZJ3GNB7ZQ,AFPCHRP52XCWFQ625WEACPUTXO7A,AHIUG7OVT3SRXSCNUZPNKHTQH57Q,AGVPDZ73B6LF5BBIZ3YGX2WRGJ2Q,AEQEIF23AAXTOBTLBICNMLFK662A,AGDPIWXL6XEBCXAGBYTER5S2JZ4Q,AFPDHMQW4AYII5KK7CLG4MMTIAHA","archit,Arjun Sen,Divya Devkar,User,Vaishnavi Sonker,Santhosh,Sai raj,Mohammed.afsar",archit.arjun.sen.divya.devkar.user.vaish307@example.com,5558094402,2023-06-26
"AGAPGK7QBUJDHYEHVEZIJSSU6RXQ,AHIFRP4LVADODLWKJGA7DHAIPUJQ,AGB3OGP22I23IZANKYBMKYK6XQRQ,AHJ7766YC7CZ4ORPCHZLOOCANFNA,AGMV2R3JWUMMQLCUPBCLXPWI6PPQ,AHFDXAEDNPG522UV55PCCVEILKOA,AG6VORBMIHPIVWWIAD64NXGEHWAA,AEKYO3V2A6SECGKKZYSRLHFMMA6A","Dongay Rajasekhar Panda,Harshit Rajoriya,shekar,Steve F.,Daipayan Mondal,Amazon Customer,Naveen Reddy,Prabhat Singh",dongay.rajasekhar.panda.harshit.rajoriya308@example.com,5555502150,2024-11-20
"AFLBLMPC4WUEDUWHLHBQVY5AKH2A,AE4ZXGSA2CQOGKH3N7GS7WNS67MQ,AHIQ7HT7HDEW67HOPSLTFF2TH2BA,AFWWWV4JHTQ4PJI5WUC73YTHBQCQ,AHPI2KLLZMZK5CGEZ6ILSIA4FHJQ,AFGQKKARKUCRSUEBE2EETDPNLTEA,AGCD3EP3GKDT4URL7GHQPM4Z7DFA,AEUZZSADD4LNC6NNCPAYMKDKGUKQ","Velir,Dileep Venigalla,chakrapani p,kuldip teli,Shanky,Rama,Saurabh Srivastava,Vineeth G",velir.dileep.venigalla.chakrapani.p.kuld309@example.com,5555393437,2023-12-25
"AEJLOEHISUISLO2Z4RE2TO2V6NGA,AEJ4UYFD3M2WGB3WEQJOZ3GGJY7Q,AFJ3CVFC3MO2Z3MYQTCELWT4TTKQ,AEEBECR65JN34YC7NEJIFAQB67TQ,AE5XN2CICXIBA4IK6F4ONOJ6TOCA,AGUZQN2LWKQXLXBJO2NRTXGV7EUA,AHWQSD5JHCOHW7JYN7F52ABQCJQA","Meghnad,Partha Dey,JAIDEV CHOUDHARY,Mayank Singh,JeneZ,chetan kamerkar,Gangadhar",meghnad.partha.dey.jaidev.choudhary.maya310@example.com,5555294979,2024-08-14
"AEKSR7FVH2XR55S47DZZLAFA4KHQ,AH2Z4CKZS7LRJGKNN7CBOZMQ5SNA,AGZOQA4S3KYQ5XWA2NNCVAPL5NAQ,AFAI2HVZTWZTAN4VOOOMVS5H55VA,AEQ2H25C6M6LFUM7FSHRKM7MMHOA,AE562XMNDX7ZSE5LXF3ML73JYBFQ,AFVF4DJMF7VPQN73T57F4CZT2HGA,AEN6F63NGBECRWCS3ZXU6TVDF2XQ","Samar Kumar Das,Jamshed,Jitendra Prajapati,Om Parkash Gagneja,Pavitra S,Dona Sreekumar,Souryajit Swain,Shreevathsa NC",samar.kumar.das.jamshed.jitendra.prajapa311@example.com,5552182817,2023-08-31
"AFIC3QEUDEWLWIHED5B64254Q5QA,AEKAQEDPX7S73J5RW2YU5SZKTXGQ,AH5DWYIRRSDMRTEU3V224I2UCBUQ,AFIB4S4TTITWHDPKW5U3JISOCALQ,AGIE63Y7UCQUKSDR3PK6IUPRTX3A,AH62YA354G4U5AD2BG3YI5H7MXMQ,AEONKCD4VUEPQ3YEK5JMVPGLCDDQ,AHLBCSKY2R74QDIIG43AIMBG46NQ","paul,Amazon Customer,Atif,Amazon Customer,AISHWARYA,Deep,Amazon Customer,Amazon Customer",paul.amazon.customer.atif.amazon.custome312@example.com,5555511365,2023-03-28
"AFLKEO2K6COQHU2DXPFV54VSZYDQ,AE7CRGIWRNSZMTVAHR3SWOUQVFUQ,AG67CGR3C43TNGHCXQDEHUMT5QSA,AF3ZXSDNA4OBYAYA7DKTZ6QOZOZQ,AFD5PNXQHWWDULY26SXS7SIYRG2A,AFNOEGQW7O3AHVLS6EBSUQP3VBXA,AFYHQLI23FMT3VQTHL6MTDZUMRVA,AGRKUDIXVSUQBXB2VMMCZZZ7QPPA","Santosh Verma,Saravanan,Dr Sandeep Rana,Bal singh,Ashokrajan,Anirudh,NIL,MaGe",santosh.verma.saravanan.dr.sandeep.rana.313@example.com,5555264796,2023-03-02
"AE2OFVZSIE6KSBAPG6GMKCER35LA,AFEOAY5PB4XEYIOL6DY5WJBOYSKQ,AEJTETVJ7NY3GMARSTJNPOG3AY3A,AFMQHAPYUAV7ZSPABOAVTNZVESWA,AEGYHN3DWMVH2RZLTP2H2A2U6EHA,AFIWP2JBBUU6SH3MK355UEG4TZGA,AF7XGOMQWMA2ITB72BPIVHL23EJA,AHBTDCFI4HA6ONMJZRTYUXAEP46A","Ajit Kumar Rai,chetan tandel,Tanankirambabu,Mohammed amaan,ashish bajaj,SUMIT KUJUR,Yajnesh,Raj Kishor Singh",ajit.kumar.rai.chetan.tandel.tanankiramb314@example.com,5558278036,2024-08-18
"AFG3EU556AXTCQXSTGYD2ACM5H6Q,AF65DDTW2IWXZ4TJJ7ZMVMH7J35A,AEVPRYZLGHNMEZA5BYGIX36LYZXA,AF2YGWDQLV72RCMMOSU2FVQCMVTQ,AGGMCQ2FU6ORE3JKL6VUTHPQKZZA,AGJK54UTZLRAIC27TJYRC2FITPNQ,AECA5GYEXI5PM7SREQZXQQBLP5PA,AGVJCBYEOVBLWDFZ42IPRVYU25RQ","Tanu,THENNARASU,Gatij saini,uday,Rohit,Akshat Sharma,pramod b.,deepank Sonwal",tanu.thennarasu.gatij.saini.uday.rohit.a315@example.com,5556461059,2023-06-18
"AE55KTFVNXYFD5FPYWP2OUPEYNPQ,AE7UFVGPV7KYAP74UQJAQYE5PEDQ,AGCMESD262GPMVIP77LD57FWCOSQ,AGHNDMYRUJOLLYU3ZCO7FZJOFJUA,AFARAZP3IF343NCQTLZA27FJNIQQ,AEGGIMWBMF527D35B4MPSIRF7I3A,AFXYNRL37KVTOBVKIVMSHZPZWBCQ,AF7Z6AXMT4QMKJNV6CH6XRIVGVPQ","Sethu madhav,Prajwala,Amazon Customer,Manikandan,Abdul Kadhar,Anil Verma,Mahesh kumar,SATBIR SINGH",sethu.madhav.prajwala.amazon.customer.ma316@example.com,5556042967,2024-04-14
"AFFOR2CVZKO4LFXRBJ2WEQXRHDKA,AEE5DT5BRBCBX27LOGB5EIX3GVHQ,AHCHD46P252E5T27D26CGOAVD4PQ,AEMUIOWHXS3X7TCLNOURVJFTE2BA,AGWO67H5CHGZF5AAAUAD5QQCZODQ,AGFY3ZBTCRZXSPRR4NXXE7N2SKQQ,AFFVMKWXROYV7F5GCRX72SOBBEUQ,AEKAEWCGDYUP75CGK24GI3RWCBQQ","Aditya Jha,Aman dhiman,RAMLAL Khadav,Jagan,Meherunnesha Sarkar,Karthikeyan.T,Amazon Customer,B Suersh",aditya.jha.aman.dhiman.ramlal.khadav.jag317@example.com,5557766637,2023-07-01
"AFDITJCB5D4EOPYZKGP5RGRJFVLA,AHFCEAPRZ44PZ2EVRAJ5SBCDGSBA,AFXDLSR7SKWLB4PKF5SSF5Q27WIQ,AHHBQDFH6KWPFVI3SBXHZNTYK3XQ,AFLRNKKT3DOOAGGWGYWTKEQMGZXA,AGYKT5FSJDBCXWNU74MA2M4OGXKA,AHPYSN2CUNOSXL6BZG6G2LFLV27A,AFJXJVGLO27UBT2KSFMXD2QDKGZA","Abdul Moiz,Rupesh Patil,Devashis,Amruth Ramesh,ALOK NATH,Santosh Bharathan,Hemant W,Abner F.",abdul.moiz.rupesh.patil.devashis.amruth.318@example.com,5554679309,2023-03-15
"AHECNVXSW6REC5TOGBH6OJXIBL4A,AFWAX2O5B5I36ESHPOWZKN25BYPA,AHSDH2Q4Q2QSUYUGEAGPIR22MT7Q,AFSJOIQSSLDDJPOWX3DDKXDA6T5A,AGUXZXNTCLWNP7Y5QA2KYEJLBMKA,AHOZLLUCMPI33IIR3Z5Y7UT2LCLQ,AGBT7W456GGMVOR73SNSIGLSK5DQ,AGYF2BCD5W756VOY2V5HJQCX4H4A","Ankita Dwivedi,Malathi Alunkar,Shubham♎,Oishi Basak,Dhananjay Sevalkar,User,Manohar salave,Kareti Naveen",ankita.dwivedi.malathi.alunkar.shubham.o319@example.com,5558862214,2023-08-16
"AELBDTDLN6LH4TEVDSSVNVRMHOTA,AF6WQKW6OFXB56NMHLIN4Z3XRTNQ,AFH5GFI3ZLDKRPX7OOXJDZKNTTTQ,AEQCU4OWLDASI2OKORSLGN4UFUXA,AHKQFWVTWLZQYGV6ZA6OCY333SNA,AHX5S7C6OWULLEH2WS5TSQFATXPQ,AHTWMZQ36LO3QXAIALC6VJ7OLTCQ,AHE3N52C6VWHPAF36U7GF7W2UV6Q","Thukkaram,Vishnu,Vyshnav g nair,Vijaya lakshmi,Dileepkumar,AJAY KUMAR,Amit sahu,Amazon Customer",thukkaram.vishnu.vyshnav.g.nair.vijaya.l320@example.com,5554536246,2023-08-24
"AEJKUZQM36XSQ4JKVC4UBWE5YJJA,AGQWUC553PFV7YGNWOJPLCHRBIVA,AH6U3UC6OTD65UGQF6RMHGEE4UPA,AEG5SODTEGYP3IUXIGCGFJBG4W4Q,AH2EAMUTPTX7PVUNPFYL4RO6DQEQ,AFO7YXLQXSGY3DH6FMRQW2AZCOHA,AGIMUNQKIQNNE3SPFKQ7LZIWGWPA,AE3NK5I2NAFOPARL2APH27FP3HBQ","sarangam guru prasad,Aniruddha Mahamuni,Naresh kumar,Meet Rana,Anoopranta,Rushikesh T Warade.,Priyesh,sushil",sarangam.guru.prasad.aniruddha.mahamuni.321@example.com,5551222851,2023-10-11
"AGPVN62QTZNEHCVDPA4237YQ5VMQ,AF7KNSLEDN6UCGACICGMVXRW6FZQ,AERIRWR6GSTILA6LAAFDAG3FENNA,AG3SI2KQY3UNEQJOKH565UD4Y6FA,AGBDMC7RQ25U6AEK5YA5TLP4S5HQ,AGS23EI6FG7FXH3XR4HGYLJF5UAA,AGLDR4PNZ6ZWNGFV5EEV7BL6LAAA,AGE5JVVFCOPUTGK7F2PUUST4OWOA","Suhail Kazmi,Shivam Kagda,R.Srinivasaraghavan,NiTiL KUMAR/SUMIT KUMAR MAURYA,Mohammed S.,Rupesh,Iswar prasad kar,Giribabu",suhail.kazmi.shivam.kagda.r.srinivasarag322@example.com,5554361439,2024-05-27
"AEN657OFUBBVTAFRFCOOUKFBNQ4Q,AESZZZXVFKLKXWSQPL4ECENSVBWQ,AG2UBCLWPOQR4QN5YCLXLC3XLHCA,AG7LUOL4B7W4Y5AWCZ5MK47P3OUQ,AFKWQ4PQTTDZKB7EET3UOXALXIOQ,AFTRUR7C3BJWFR5KW4W4SCBXU6NQ,AF4QNWLEXCHDBQ54GFXNI6N72XZQ,AGURV6CHVKSHPRM6VV4FSRY5NYKQ","Rajasekhar,Dimpal,rajat kumar,akanksha,Noone,Hemavaraprasad,Sachin Katyal,BUNGA DINESH",rajasekhar.dimpal.rajat.kumar.akanksha.n323@example.com,5551645901,2024-10-30
"AGQIXFPHABUZ2WPETGRYDB7VSMXA,AECPF7WFMUQ3TR7YTLSL72GHF36Q,AGL7ZQV5GFVZMHW7CKCENRGWN72Q,AGUHK5ZM4TY34VNG5TPPNM4XKBLQ,AEYDG3MS53N2AXAG22CIKKLZ3H7A,AHCIMCXVSX6LO3HH7B7BP23VTPWA,AGQWWZTXBNKQCTJHEYL7R7U54SHQ,AEX4JSF5BMTK2X273FGK4OKW6SAA","VK,Siddhi Prabhudesai,Prashant Nair,Srihare,Nikhil Upadhyay,Rohit,Harry Thakur,Deepak ojha",vk.siddhi.prabhudesai.prashant.nair.srih324@example.com,5554474476,2024-06-01
"AHJHHQWQ25VCIQHG5XMZN5MRZFYA,AFCFHU6B5RH4YN6DNTLUMY3CILHQ,AGLNHKFYTWDPKIAIQTE4UPB5I7ZQ,AEZKRUEG7M7P4JGJEVHMWZ3MGFPA,AHXWYJUQTCQRTQG3XYEAAYI3EURA,AHYAIOJLTBNK23OEWQ2BELX3PVXA,AHPP7A2M3LU7BWBZVIWXBNIVAPNA,AG6FKYZZA7HPN54KNFM5EIKJNDSQ","Ishwar Singh Sankhla,sai k.,Prathmesh Acharekar,T-y,Jasmin Gosrani,Pankaj,Mahesh,Muzafar",ishwar.singh.sankhla.sai.k.prathmesh.ach325@example.com,5552470168,2023-07-07
"AGZD3RPRHHX2DKW6TEB65JLH5S5A,AE5UEABJHMKBLTCBIQYEFKFG3LAQ,AFCJPD4OYU6E3CQYH32MUOX26A5Q,AHOKPNT5H34CQXR52YBMVLR6GTZA,AGTM5FVKPGPRP7YEKY4F46BYLKAQ,AHMTIK5UNPKUXAZEYS6SXOQLQ3MQ,AF367Z63Q7PILESRPHP7QHMMT2QQ,AH55R53RN3UWSSDSNBGV6BCQL6NQ","Jeeshan,Siddhant,Amaan Shaikh,Nishant Bhandari,jagdeep,Shrek'O,goutham,Subhadeep Ghosh",jeeshan.siddhant.amaan.shaikh.nishant.bh326@example.com,5557146915,2024-11-12
"AEYLB6L333GKGCRGR5N6NDB335TQ,AEUZYVUGRR6URWHTEQR3NCGWN46A,AHYWG4RZCXWYBUPMUCNYX76JWF4Q,AHKCYSBVKKLZ6TZEUYSMS7JK7O3A,AHOLDR6WNL5GVEDVEX7HEK7KGA2A,AEVCDJRYLA3LTJCNTFYX53MAHAGA,AHM52LICMSWL734Q5OL4BUM7YWLA,AHFK5JSZGYMOMOE36LRSR2HC3V3Q","App,Dr. Rinchin,Priyanka Devaraj,Yasinlove,Anand Patel,bhaskar,MUHAMMAD ALAU DIN,Mantu kumar Sahoo",app.dr.rinchin.priyanka.devaraj.yasinlov327@example.com,5557004152,2023-07-21
"AH7LW3BCJBLCZTMWBOFL33UGIRBQ,AFSJYBGBY2U6KAAUR23KS3COL5SQ,AGCLLMGPNMO4IGCQ4253BICGDADQ,AHHC3QIX44VPXBB4HHGJ2RNFV67Q,AGBJ6SKHL3RD37OYZ54U52DAIIPA,AHDPRYTLYXKEPSTVF2LRV5SQJIYQ,AEIQA6TZQ4Y2SMVJTGE27G4MGBXA,AHE7VTTWP3YUKXVDZDJP6NZUIHLQ","anurag,Nirmal Singh,Vikas Keshavrao Vanave,K. Sarath,Abid Hossain,Mahesh Kumar,Amazon Customer,Vinay Kumar Sadhula",anurag.nirmal.singh.vikas.keshavrao.vana328@example.com,5556243260,2023-02-01
"AFTS5BKDRY7Y23B27UVBE2V6TOHA,AHRIDJXYEBQS7MXFDZ7AAX3AACRQ,AEDHFXMKZMTSZUD6ZDT2EAIJBQUA,AHBMWXLEXHMD3QWGJ4BY7XIDEDUQ,AGVSEPNAZEEDAMS3QS6KVA7XYXXA,AG2ITB7GSXUQM6CODSEUDY2P64DQ,AG37JT3DBXZLS3HJHIAJZUA7A3LQ,AGYBSDZV56GWQP7LHLWIBBYLJF4Q","Ranit Barman,Ravi Singh,Karan Rai,Amazon Customer,Saurabh,Jayesh,Amol kale,Sankar Prasad Dutta",ranit.barman.ravi.singh.karan.rai.amazon329@example.com,5553665872,2023-08-26
"AHCJOEQEARI6IQ2XGJ6HTGQSRUXQ,AGBUKPO3CSYIJA4C4IO22UUEGBLQ,AG7EDX6NV5CSHGLF5QKGWTKGYRVA,AFUXZLDQRZZW3OBIZHMMRKKIEC3Q,AFCSX2LUWQ3TNV2RUG7G7PGO4V3Q,AENFYL3PYY3GDTSKARQ3XBN5RGEQ,AED2V75UUU3LKRDYR6C7JKBSMOOQ,AHCDZR5MNGRRU7NSOZZCWA5ZIURQ","Prabhat Chaudhary,Anil Kumar.M,Prateek,Nilkanth,AmazonCustomer99,Harjot Shah Singh,Advisor,Nitin Pahwa",prabhat.chaudhary.anil.kumar.m.prateek.n330@example.com,5554285040,2023-09-20
"AGYPVBWZGS5N6B4LBSHETPVHMKUQ,AE7WCE4G7TDHHYVS72L46F2VKMOQ,AHF4VUNETUB7FQORZINTQG2XOEQQ,AFIO5M6WIUKDYTE7PYCYGYW2Y5WA,AG3J4S2BFDNPWLWKFM4JZ5ZZGRDQ,AFGCSWFB6JCB7T57BVBCLPAXVEKA,AF3EF5QQOHLKBPEKFANXBCUG5NPA,AFX6DXBXJZC4YETE5ZYXJJCE3PFQ","Sweta B.,YUGANTIKA,Amazon Customer,Anindita Dhar,hari,G Manohar Reddy,Shubham gandhi,Satyam Kumar",sweta.b.yugantika.amazon.customer.anindi331@example.com,5557355033,2024-04-25
"AFB5KJR4Q5FICAHBOPDPUTB3O7QQ,AHW3QBHDOUMXODZ4EAMHD5JMDIDQ,AGXRGH7DLS3RVFS5KWU4PGR3H3GQ,AFLIHOX2HH7S2OJAD63UAHKMY34Q,AEHBE4U3HD6G2TMSHKE7TNZYOWCA,AFHKIURZM4R62UEXTOCZLI2FPQ6A,AEW6K4E5A4RUWRFFUDINQE5WWBSQ,AGAHH7PWXC4ZX235QLJVVHU76USQ","Rohan Narkar,JAGWINDER SINGH,Gursewak Singh,Avii,Amit Sharma,Ritesh Agarwala,Rahul hardaha,Renjith Harilal",rohan.narkar.jagwinder.singh.gursewak.si332@example.com,5557743361,2024-12-12
"AHZNSNBVKQR4OGJAQHE4DCDA4YHA,AFBW6COTZXGHQMWVDUOSXVUCCIHQ,AFFRU7QVLXG4LNG6JKQKJ23KBA2A,AF5E74KNXXYBJVMG7HUYXNRNYY3A,AF4F4SKVD2UU7ZBJFZNNBK7ORIGA,AF3IVRFFILSUOKAXKRZBFBDRF7MQ,AF23WB7B2XKLYCA3KXEGKSBWYKOA,AHAJNAQDV3BHN5AYLY3LOWFJCS6A","Anirban,Abhi Khaire,Sachin,Tanisha bhoir,Jitendra vishwakarma,Archana,NILESH,Ajay",anirban.abhi.khaire.sachin.tanisha.bhoir333@example.com,5552988564,2023-12-16
"AFICHFCZ5WJJOZ6HM67EQ2L3YYTA,AFRGLG5OYGNQX7XQRZUL75X3IRDA,AFA6Y4X6JXUJS7K3ALWAK3B33GZA,AHMMGE7E7A4MRWPCBASIPVF3AI4A,AH6MNV2WOAZU6TJAQ2HR5B7UHNDA,AECZ74YEI7GUHN27KFQKRVIEFCHA,AGOPT5ISDG5GJG2LCY6HYOV6KUDA,AGWJ2WGTJWSGOVXK4FZTGLJO6LLA","Deepak Rathod,Yash L.,Jeevan,Salai Mani,Sumasree Atmakur,Anil,Alainoreo,Mr. Kamalakanta Nayak",deepak.rathod.yash.l.jeevan.salai.mani.s334@example.com,5556828503,2024-01-14
"AGGXWYRLPMULBPR7OXPEV6SNOMIQ,AHBKNSJNHRF22KZYCFRN4CQJG3EA,AELCNLLIFS2RDDTYTLT4KXJRIG5A,AHHS23JALEPKBIT7NAIJDAW3U5NA,AE4ECIOVJONHQF4A4G4GYNVQNPZQ,AHRWF3BGXKDJ4HR7NMPSC4BBMM6Q,AFJ7OTPT4MWWC3XXZCYYKIXEXFGA,AHU2SCYTK66DFVXSMANJZRT2LPKA","Shaik John Saida,Nilay Kambli,Amazon Customer,Harsh Kumar Shrivastava,Tamzid Hasa Dipu,Yatin,Arty,Anoop Chandran",shaik.john.saida.nilay.kambli.amazon.cus335@example.com,5559004048,2023-03-23
"AHFDZC2Q6XYLTF2H645HIE2ABOTA,AG5KYNRJXLJG2YENX3MQR6FSYMNA,AFUPCMP6RPBTIAKVTGCGKCKMDMLQ,AHPUB6PWTLZFJNEIZJFPKADKX6HQ,AFXLD7CM6FII27LC6W7HHACGDEAQ,AFKM46JT4BN64WI6WKVJ5A4SS7RA,AG33SHKIV4KLY4PPGUGUNDNTIAMA,AEUOZUIXQQSUHC3EVYRKUXQS3IRA","jagdish,Gore Sampat,Amazon Customer,Shivsingh Saini,Shanti Lal Tailor,Vansh Sharma,Abhay Tyagi,Vishal Kapdi",jagdish.gore.sampat.amazon.customer.shiv336@example.com,5552137405,2023-01-17
"AG2WVO7W7ODQCKIFZ4EEIQSC5Y7A,AFDCDOCRT7PK5OZCUBZJ3WGXQC5A,AGY5MU7BF5S7NZ7H6FDZC7BM7PAA,AHVGSKRUJAMOKHD3LI46BE322UDQ,AG4OAYEMGQAZIBMSV7SJPYDXICXA,AH22BJULNDXPJPJ5NZEBHQRAUS7A,AHF3ANMCWYYADVLTRUTKK43XXLPQ,AFH7NASUMH66QSOAFC3OEXCF5LNQ","Sneha Suyal,Maheswaran,Vamsi Mohan,CK,arya,Nisha,CSK_OFFICIAL,hiba",sneha.suyal.maheswaran.vamsi.mohan.ck.ar337@example.com,5551578095,2024-03-06
"AHXMSMSLFDG7IIBBIVO6DY5RPVCA,AHD6BOJBLAFIBLI2KIGGMNFRRCXQ,AE52UBBUK555IYRGTS5VX7PO44IA,AGYGPHX5U4GJVA3MHCWSGZIHBMFQ,AH3BI36C3I7GJFS5QMG2MKJEVQKQ,AFHKKUWCQRUBPCUAOMO5OJML5B5Q,AEUIUWBD6LGQOYOKWQBFV4IL2Z5Q,AENIY3OVB3WZJOVPBXQLMTGCJM2A","Rajan Raju,Ajay K.,Neki Bijarnia,Sahil Gupta,sarlongki ingti,Himanshu,Aaman Bhat,Girish",rajan.raju.ajay.k.neki.bijarnia.sahil.gu338@example.com,5559150585,2024-01-11
"AG2V3QSA4MVD6RPA5UGUMYMH3PXQ,AGHIZULBQOJPXZ2EUBOVSCRTBI4A,AEFNEVSP4WMJVLBSRPH3YKKRSDWA,AFW6KM45ORMBEVYBQ4QMSGG2ODOQ,AGB2EEPBUR5MIG35HYFKQFWBDHNQ,AHXTIJOG7AQRG6AAFQC6P74S5WYQ,AHSOOVRJXP7QJTQUF6JLK3WGI3AQ,AHK2ZYSXEGSQYPDXT53GDNFSEWXA","Santosh Kumar,Prateek Jain,shubham,Ahsan Shaikh,Munish waran,Lalitaroat060682@gmail.co,Nancy Arulraj,Nevil Gandhi",santosh.kumar.prateek.jain.shubham.ahsan339@example.com,5553447425,2023-04-08
"AH3PBQI6DTRU4WDPCYH47DK2JQ7Q,AHO4SAT62OYFF6SLBDKX6EPDVPAA,AF7GOEYE5GJO744YPMKRF75AERWA,AF333KSWESUJI6F56KHX6T6PKBIA,AERMLOT7BN7ZXYSFU5IF3C6RJWFQ,AFWQG4DPBS3OFVH2BCUERQSOSEBQ,AFHSGIPKQQMN6CAZL6LCCBHOXJ7Q,AF3XSVAYCEHUJFKDS6H5ES4FYDFQ","ANUSAYA KAR,Sathish,Sohrab Raj,praveen,Sandip Ghosh,Ashutosh Suryavanshi,Bhupesh,Hardik",anusaya.kar.sathish.sohrab.raj.praveen.s340@example.com,5559303395,2023-06-24
"AE3JIMEZHC22EA7YZAUQF7VOUIFQ,AEHZS2RWOOR6UFKXAYRXJMQMJ3MQ,AFZAJPI7LJPDCOSMY6ASVRJOECMQ,AEY7NLLYHRUBHDIAFPM4O6PALCSQ,AF3IH3T2BPU4MB3U34MNSKQRHJ4Q,AF5IMXZIJ7WVPW4XMKAEJCJNGVFQ,AHHTWGSVW6ENNVUTEPAFHRLQJPFQ,AEIWPJPP35D2MB5KMUWLI4LTICBA","Unknown,KRISHNA PRASAD VL,Sagar Bhalerao,Mustafa,Parminder,apoorva,Mathivanan,Kindle Customer",unknown.krishna.prasad.vl.sagar.bhalerao341@example.com,5559012656,2023-06-02
"AEJHP62NHRVRCWIMXUODSZLSBNUA,AF3U4PQTRSBX3JB6NUI4Q652IE4Q,AEBM3UFSICAMJJ63YZUBAFR6DZHQ,AGVN2YMSW5XV3H7H2MLRNDINPITA,AGRZTDPR7I75A5V36SYCPXIXHI5Q,AGECH5TXOT3LNZSNATG3E7NFATBQ,AGSAHTWECW2CLZXM5NWAEUDBU6OQ,AF5ZRMB3EOZXTXOOBVEVJTGZ2XFA","dhruvi,Sujal Negi,NAGARAJAN,Sreenath,Placeholder,Waseemakram,Shivi,Adnan Malik",dhruvi.sujal.negi.nagarajan.sreenath.pla342@example.com,5554290843,2024-10-01
"AFO7LXSMPQDD7JG6I5QARG5I4N6A,AFWFOKIGSV22T2HT62VTTV6LUN3Q,AHF32Q6YAAQ7QNHEROCDCCWFUOPQ,AECXZYGASHXD24MRMRWAS4JAHENA,AF2GDZL7TSXL4TIODN72IU3MWGMQ,AFDOG7VEXVBQAS7QZY7S4S37GKAQ,AFZUN3PXHMWKAANEXOL22647UYBQ,AGQQ5YMVO337YAMQZFRARULONQ5Q","Kindle Customer,Arun Kalkunte,Amit Kumar,Dhanush,Shiva sai,Moumita Bhanja,Nagaraj S H,Maneesh Mathew",kindle.customer.arun.kalkunte.amit.kumar343@example.com,5556319578,2024-08-07
"AGW2NIO4JHGF3E4YYX74PSRCAKOQ,AGFAIQUG5PIPGUXTO6LP4TU2GSQA,AFXRMHZQNO7PQW3EFY7KUMXVWMGQ,AE537L5FIMAIM2UYHZ3YQEUC7WJA,AF5VJGOWRIVRLRYH6OKAJ3GXAC3Q,AHS3PKPC7A23SHSLIDRZJZBFSCIA,AFOCVEQFZDYB3EGYKJAY6P2O7EMQ,AGUZMT2E4HNC5VF25OWLAUF6KBGA","PTS,Jitesh Patil,Manoj,Ab,Badri Prashanth,VIJAYAKUMAR,sanjocherian,SunDeeP ChebrolU",pts.jitesh.patil.manoj.ab.badri.prashant344@example.com,5555414834,2023-10-27
"AFJ4ZH2VBT7VFHQNRMCEX2L2LBUA,AFFPHN5H4FO3XR2OZ3O2WJU27FCQ,AFYW2E6QX62PBJAJEIOE25GCKXOA,AFRF3MH2AZZR7AJQFT7A73H7D6LA,AHTRPDYOHYTPMP53RQDET3NIEOKA,AGIIYMV2W7KQZQA7G4IAJ2KT5U3A,AFC7G4ZMZALNTMXSNZOXFMWGXW7Q,AGRF7QVYGI7QVV6BKP6POB3OLT3Q","Ajit Srivastava,praosv,Rushab,Madhurima Dutta,Nilesh Suthar,Amazon Customer,Amit L.,Rakesh Gupta",ajit.srivastava.praosv.rushab.madhurima.345@example.com,5556017451,2023-05-05
"AES2J44MJ3FMUE6NIAJTOUQCQIWA,AHQ7LIIQZN6O7YA3EYZ7SV2RIYFQ,AH63HFCY2DBQCGPIVKPHXNHTA7WA,AFYA4YKSMUOYCP7QOKA4UULLVOVQ,AGBNZJLZPYRHG5ZBJ4XSL4ZIUUMQ,AFVC6JKNNPRKNPVSGTKTDVE6S7KA,AHYE26O7K6TJKC36JVCCCL27UJPA,AH6B3XKTUGRPKW7TPUVUY46L5WYQ","Gojo Satoru,NOORUL RILWAN,hrithik,satyanarayana,Tanishq,Debasish Saha,Anu Manoj,Prasad",gojo.satoru.noorul.rilwan.hrithik.satyan346@example.com,5555460826,2023-02-28
"AEIOP36AQPGVLNNTDXHSUSVIRO3A,AEU76NMTP5BLAI4YLE37G5UXRMMA,AEVEJZ2RUY6RZ6GY5EIRES4BOUNA,AF2CSU2H5EC6MVKB3PWJPY7EITYA,AHRQKUYYOLHECU4IUH6OSL7AYM2Q,AE2Z7NYPJLUYMZ3GNEMYZ5RDRM6A,AE2WCZU5RXVCKNUTUJ4HCDTLU6OA,AESZ7VB66VS6APYVPSMUGOFI536A","Kranti Telgote,Sandeep Shriyan,DIPSUNDAR MAJHI,Rahul Nandwana,Swetapadma panda,Ashish,Manroop S.,Sharan Yeddula",kranti.telgote.sandeep.shriyan.dipsundar347@example.com,5551645367,2023-11-19
"AGD5KTBDTS26I2SB3B7LCYBR6U3A,AFE2LQATN64EXU6NVTTEMV5XKDGA,AEJA3E7VLQFEQGJGJLV3KOZPXJMA,AEE6AOZ236TYFSCLGHGXIIG2SFUQ,AEZR42M5D6YTRJ732HWXBM5YEGKQ,AFCR3Q2LBT2KWRN42AOROJEDECNA,AET435JGPEIORB35LT7EZ4ASDRRQ,AENNEXWQZKHYRUEMUASXQG6O4GDQ","Kapil kumar,Rajendra K Jadhav,Nazaf beg,Jose Febin,suresh gaur,Rinku Barota,Jagdish Joshi,8826277722",kapil.kumar.rajendra.k.jadhav.nazaf.beg.348@example.com,5559332471,2024-07-10
"AHVEG7WUVHTOAT7YZ2Z6VNJCBYYA,AFX7Y424L7A2WXEKEFTRAATHZTGA,AGKVBPWUJ5SHPUHQCCYNHWBISW5A,AEC2T4BCBJLQGM6767M73GQX6THA,AEUUGGQ72VZ33Y4WLZKDODUA3XZA,AGGHAVSNZUQC5BOOK56TT6TQJSGA,AEZX46Y3IHTKWR3QYFI34XQKFJ6Q,AEZZ4FRTICGTE5ELNL2IAZYRH3QQ","Amazon Customer,Abhinay Kanth D M,Himanshu,Aadi Raj Uthup,Gaurav,Kiran das,Santosh Bakare,Suman Sharma",amazon.customer.abhinay.kanth.d.m.himans349@example.com,5559647405,2023-05-20
"AH3LHRL5P4YAVOQQCH72G2PJFXSA,AFA332YHUPB6I7KMME7SOFX5RKQQ,AGUUHLF34AIEIOE5KULXXVWKBCMA,AEYA6LQE25O2P6C7XV62XM3YV2EQ,AHWY6IG3PXBBJMLVFMHHKM25BVCQ,AEOKB3ECJUM6UQOBFKMEMQVVHL4A,AHMKSLALVS62JUHSHAI3FUXWDYYA,AFZIZOK5KDBOB5QCHUQRR2ZWUYKA","Amazon Customer,GHOST,A Vase,Ganesh Inguva,Mani Jha,Anu B,Prabhu,Amazon Customer",amazon.customer.ghost.a.vase.ganesh.ingu350@example.com,5552349210,2024-03-31
"AFXUMOU3PMUQEHSYTB7SBVYFN34Q,AFJBVZGNIZISS2EGIUZRHMIDD7AQ,AGLIJTPBLLORZ2E35K2DFO3V3FXQ,AF5JPNCVJVCR3EMLVNG3MERJYU3Q,AFZDR5KNLP6HTBN33LC3AZ472J5A,AEKW5FURRS4HCH6MS7RL7FI2GC6A,AGKBXNKA52CUF4OZMIFDDTKVI6LA,AHILS5IGSFXF4SM2DAOB4LLULPHA","Mukul Ghosalkar,R. V,Deepak kumar,Nikhil Dalvi,HIMANSHU JOSHIYARA,Akanksha Srivastava,Amazon Customer,Sathees",mukul.ghosalkar.r.v.deepak.kumar.nikhil.351@example.com,5555141516,2023-09-30
"AE3XH7AL52IBMYH77L5KO4DGTCDA,AHZHIHTLOMIHI5DFCYLT2ZIBMUCA,AEFZB452E6G2IGBYI3RXU7C5QGTA,AE56M2JBQC5JI3MSRAM3VTYP36HA,AEEVA2YRT3OJQTU2U7EWDW7EKPPQ,AHDGC4HI43BOPM4AH4NOT4SJNL2Q,AHQLC5YA473NA4RJFGR33PYO5GGQ,AHRP5SYVMJGYNSHAWBCS6AKC5VEQ","Vishal shah,Sameer,Joshilla P.,Sunil Govind Jawale,Pawan kumar,C.Rajeshkannan,Manisha tyagi,Wizzy",vishal.shah.sameer.joshilla.p.sunil.govi352@example.com,5556875538,2023-11-26
"AH3DPBR7M2QD4UAT3SOYSFP4WTAQ,AH7YF74D552LEEDO65OAPQU5EXYQ,AHGHZUAWSZHBYY7LU2UTO447DP3A,AEN5AYM227HQJ5KNJ6DH6T3TFFQA,AHWQK2QNBGWHI7PRLYLJLBEE5LVA,AFN6XC3BAISXNBNSU2JN3D3KLIRQ,AEKRHF4LHGITVJ45B7H73OOEYNNQ,AFWUGSDFT6MHTAGQWD3KBFOSLXRA","Amazon Customer,Dheeraj,SMD FAYAZ,M.suneetha,ameer A.,Manoj Kelwade,milind,Shivraj p.",amazon.customer.dheeraj.smd.fayaz.m.sune353@example.com,5559674764,2024-06-06
"AGWQCZIF4W7MPCFGEWBBYGVWS22Q,AFDZC4D7R4555BAGB45PI7V7DNEQ,AFDCKNT7PKHIXJGOE5KTS2T543DQ,AFVF7AJZSBE46XHJTIQKCTOWZIAA,AHWYTMSJ7KUHHJOOCNC6WQI6G25A,AE64VTXK4VOBPNSBG2EGZS62YF6Q,AHV5XE2XBBMMQTGCBDR5QB54FJYA,AG77NL56ZZCL5IZXNPYYVIMOGNHA","SYED SHABEENA,Faizalmalek,Varun Nair,Chetan,lattaben parikh,Amazon Customer,Simran,Majid khan",syed.shabeena.faizalmalek.varun.nair.che354@example.com,5551939582,2024-12-05
"AE5DHPL6NSPL4NZU5YM6P2U67ZSQ,AFGLK3RB6EJGURQ7WAJ5OCSYZVZQ,AHCEM32SEYJBW2IHJIAF62AVK4VQ,AGUP3L3UQTAMC3O7ML4OKIQMZJGA,AGZWO6D4BGO7B4PZ57VBFVKYARIQ,AGZTEQUP744MNZ7EOTLOHQSA6CWA,AFTKUCFRMCTXZQTTCJZLOSNFVTDQ,AFUVA7UIKBWGLYUMDJ5AUS64V2QA","Amazon Customer,Harshil Sheth,Aman Verma,Nitendra Rohit,Prerana Wagle,Sreenadh Raveendran,Jaiba,Rashmi",amazon.customer.harshil.sheth.aman.verma355@example.com,5557809259,2023-09-24
"AGNJW4JB3SQZZEVJCOR6EXOTNMOQ,AFTBDE5KEINLXCQI2KBACSU4VO6Q,AHG766GX32WE357IIFA2PJWO7XRA,AG6TL6KXOCB6HW6QITVEZ3NFPYFA,AGD2H2SMDLQK62MH7BFWQ2INBP2A,AEHKGBC4LAMAC3AUCAWLJKKHRTAA,AHB6B3AB5OU3ITBYOSU2YSPVJ7RQ,AF7JC6AKO652RERHTNJ4NFM6NN4A","Bristidev Burman,P VENKATESH,D.Dutta,Swapnil Patil,ABHAY SINGH,Rohit,Manikanta,D MANJUNATHAN",bristidev.burman.p.venkatesh.d.dutta.swa356@example.com,5556658783,2024-02-03
"AHOQPLT222WN4LQV55XMUEZY6MAA,AFNKDB2UZ7JPX7N53QPPTXBDCJXQ,AFHKQPCPHXZP3ZYZE5AN7VSCVDRQ,AGXQ7FB3Q276VMKWFLEWL3T23SLQ,AGLMYJKO4AKOSRJGJSMVBCDD2X5A,AETHGZYL2OPKWCDKUT5CWOO6ANMA,AEG4RN3E6SIUFNUSICKYE5VPJMMQ,AFIPC6U53NW33X7IKK7KRDEA2TCQ","Kirti Sardana,Daactr,Shubh,Mayank K.,Vijay,Saakshi Pratishruti,Amazon Customer,ANKIT",kirti.sardana.daactr.shubh.mayank.k.vija357@example.com,5552088561,2024-02-15
"AEJHP62NHRVRCWIMXUODSZLSBNUA,AF3U4PQTRSBX3JB6NUI4Q652IE4Q,AG64E4GTHGCK5JAQJBFV3GPWYWOQ,AEBM3UFSICAMJJ63YZUBAFR6DZHQ,AGVN2YMSW5XV3H7H2MLRNDINPITA,AGRZTDPR7I75A5V36SYCPXIXHI5Q,AGECH5TXOT3LNZSNATG3E7NFATBQ,AGSAHTWECW2CLZXM5NWAEUDBU6OQ","dhruvi,Sujal Negi,hussain khan pattan,NAGARAJAN,Sreenath,Placeholder,Waseemakram,Shivi",dhruvi.sujal.negi.hussain.khan.pattan.na358@example.com,5551497191,2023-10-06
"AFAKLGJPBTX3EWCXJWB6TF4LJOXQ,AHR5LL4YACXI5EFTGVBU56XUEG3Q,AEWZWQVWEH3665BOU2QPVBRLTTSQ,AG4K2GZXDJUJR73746BVI5ZCXXAA,AHRRE5O2H4IOLL6MP6GQDG5WA7CA,AHXDIZAFO4I6IXLPNGBHUSK7UZBQ,AHTLGCL5SZOQA3Z7FN2JPUWU2FAA,AGWT3N6VGOTZTXX4EK53LSAV4JDQ","Sean m.,Medha Garg,DEEPAN CHAKRAVARTHI R,HARIHARAN M,Amazon Customer,IQ,Tessy George,Aman Rizvi",sean.m.medha.garg.deepan.chakravarthi.r.359@example.com,5553368476,2023-10-31
"AFSRFIJ7SMY5WDUSEHB4FW3ZJHBQ,AEEK7DYZXOHAWSCKMMKJYMOMDS5Q,AHW36WCBK4L6CVEGYNZELYFAN66Q,AFBU23LMK34PMRYBIIPLRVFPP6WQ,AFO4M4BQ2WS7A3LPKJY45B5C7DYQ,AF25RSBVLDMIXQZLIJSBVHHU7HJQ,AE2H52BMLK7G66D6ALAYEQHW37PQ,AGSMYUPKP2KNRQPZ2URY75DV7OYQ","Arijit Mishra,MOHAMMED JAHANGIR,pranav,SHANKAR,Abiram,thirumaran,purti,antony93",arijit.mishra.mohammed.jahangir.pranav.s360@example.com,5554362262,2024-08-17
"AFUDD2HQICGHV2X6MXURZJ3FFKTQ,AHFWTVQF2PV2OSERO2BHZXE6OKFA,AGH7ZYNYWARUASLXNJWFVBMBQ27Q,AG5CZPAP4OJQAWDOFWDX5DEQ23JQ,AHEWCJSLDVOE5SZ7AB4VZ7GWOSCA,AFMCJ44W4DCNOIZZWGHT4II3EYZA,AFYNVZTVIP3DSF3J5C2NCUYYSHBA,AHUW3CZFOWPFLM3DYDHP3N4HXD7A","Amazon Customer,GopiKrishnan,S.md riyas,suhail khan,VIVEK KUMAR,Subba Rao,Sumedh,MK",amazon.customer.gopikrishnan.s.md.riyas.361@example.com,5555961099,2023-08-09
"AGPLH6XWDVSULDCZOFJRM6XNTNXQ,AGJA524SLTMC75HT355BYHZ4SYZQ,AHKBD2IJWFB65Y2C2W4J2VOMZQ6Q,AGKPXBE2NL6FYBQESVEHL3RA6X5A,AFKTDJKT5X5JYXWOH5SMI7ZBB42A,AFN6SNPXWBPQF3LKVCMEV42Z66EA,AHBOEAQIX4ZVKW7XTBDVCH3CWVSA,AFWQEIDPK36M5BVEIU5MXV4HEMEQ","Prashant,Ranjan S.,Trx,Misika,sourabh chatterjee,parth,basnayee,Dr Jerrish A  Jose",prashant.ranjan.s.trx.misika.sourabh.cha362@example.com,5552196539,2024-01-19
"AGY4ILCL5CCENO25T2FOKOESHJTQ,AH32DGGWA7EAENDTHYGGGHBVNQPQ,AFNU4IC55QLKRUH3HO4F5Q3IFMMA,AGOUFAD56YMVQOAFUWLW3XFVWX4Q,AFSM54B2B2VV367PWSU7PU6PE4HA,AGFXR3KSCZMQCGC4PF6KV4YYBI5A,AF7767UQSOLO562YELBYVK7LKB4Q,AE3DUU4DR7FZFATXB6EAXVQ2XXHA","Sheetal,DADA,Tanmay,Bala chalapathi,hamid,MOHAMED ISMAIL,Rohit,Chandni verma",sheetal.dada.tanmay.bala.chalapathi.hami363@example.com,5554839016,2023-01-26
"AFBPBZLHAOY5FLNKXSMY7R5NGW4A,AGRIGBJGBMM4HDFVZRSR6KNFCZQA,AFL2RLMNGDTJED222FJJLDX6BN2Q,AGO2GZLUYPY2PUV7F5YM244ODJ7A,AGZT23MB5BA7JK74E4NOOJEWQVAQ,AEEK7J244RB5UK7OFFLH5QHEQ3RQ,AGHSNUIUGMFHBLKEXG7CRIF5DC3A,AEPBNLNECBWYCIHCV4MUJDT5WCBA","Bipul s.,Nigen das,Ranjit N,Placeholder,yogesh kumar,ANIRBAN  GANGULY,Patan,Abhijeet Padave",bipul.s.nigen.das.ranjit.n.placeholder.y364@example.com,5551450938,2023-02-23
"AH3HLGFYASB5KSFZRSQVOQF5BKKA,AGTPV3RAU44JP5BCX4LCQJD4WVLQ,AHPI2KLLZMZK5CGEZ6ILSIA4FHJQ,AEZZW5Z3LUJUY5RPYIDDTT64QVQA,AHBEND2UUAP6UNJZVH72H7FKZSMA,AHLQIXPRTNN5L6C3CBOUFKA5BJ6Q,AFJVOXOQOKVDW2MJ24CT2NJD6Q7Q,AELCTVZ7X3OEG62M4JR2TL2VCHDQ","Saunak,RAJA PANDIAN,Shanky,Bhabagrahi Panda,MJ,SOHAM B.,Marion Noble,J. M. V",saunak.raja.pandian.shanky.bhabagrahi.pa365@example.com,5555466527,2024-07-26
"AFPMBWVYFY6T7W3RZXDGZUPYNKPA,AG5QSBZVK2PROVFXY6NCIIPZCBMQ,AGIZ3WNZX67YKD4PT46PBZS2V3QQ,AEZRQDYOBPGOJXGYBF76TP4PVIUQ","Subhra S.,Omkar,Varun George,Atul Anand",subhra.s.omkar.varun.george.atul.anand366@example.com,5554271264,2023-09-30
"AEE5XXQWRVZSVDNYTBDR3BY4PHAA,AHBJI32NFYYFJRSI2NZ3RGNYYNLA,AF2H7SUW3MQY6BK7UCPQQIEGRMTQ,AGRZAB2LJP4QQYHXKK3B7UW6YF2Q,AHOI4MSGDEZLYUHGIGUGTGYJKDXQ,AGVPR6MD63A3AKMWVSTGLXNYTXQQ,AFOIHDXLNQ6URAZKGT3UND7PPAQQ,AGQJUVEAZQS64J4PFY7EENAHF2QA","Rajkumar,Amazon Customer,kamal,Nishan singha Roy,Mehul Solanki,Rajesh,MAHENDRAN,Sundar",rajkumar.amazon.customer.kamal.nishan.si367@example.com,5555548800,2023-02-20
"AEZH7UN4SKV7VKJ3NYH7D7CBHA4A,AEEMDECLMB6ZOYW4MZDRUTMPNDMQ,AGCDPH7XJBZZ6ALNCA6XYKP3BZIA,AEZHGBDTPEAIDEC4HF753JL7NDNQ,AFNGYI4A433E2ZEIJ4PTRXTOFSCQ,AGGWFNVDN6N7RMXJH3DXEDO63ANQ,AEF27BA6AC4XT2HSGW57TG3YS2HA,AF5WOBBT3ODEBTFUCW72L3P57TLQ","shiv,Pankaj Bhatt,Dipanshu Kr Biswas,Jeet Jangam,Ekta,subhabrata paul,Anurag kumar,Manish B.",shiv.pankaj.bhatt.dipanshu.kr.biswas.jee368@example.com,5553341398,2023-01-03
"AFWOX5BA5QS5TCVTNV3EHQXOSCLQ,AGGM4C652EG6WSDEOWBQCR7UXG7Q,AFZ3S6RJS6RVOXVK5OAIT4AX76UA,AFRUXOMHPM4OTISKC4VE3PM45DTQ,AFGX776XSUUA2LIYKLHSXN3PHOXA,AF6XZI4LVIVFP2UTPNVFYGF7JPQQ,AGYX7IY6ZHCU2J6DXRW5SN6LGEVA,AHA3ODJCWS52ZKJYWV2UBFR3AVBA","Sagar,Shreyas,Arjun Thomas,Sachin Yadav,Karthikeya Reddy,Raja,Anku kumar,Sagar kate",sagar.shreyas.arjun.thomas.sachin.yadav.369@example.com,5558860828,2023-06-23
"AGQVEI5FN545VZMNGYRR752JCSUA,AHMJA6VNTL3MQGWVBYXNUI26DTLQ,AH4OTB7KAP7IRL7PQDKLY5C4M7YA,AFIWQPGVVMPXHXEOCBSOG7COXDDQ,AHAVKIJW3GZCEMG6GGBR2KY7SJBA,AE42NSELZZ36ILVUWVDCPYWS3HDQ,AERT4TSCBIG3ZL2UH52LZBPXJCLA,AGC3K2VMDCOKRMMB2TRB3JZU4HAA","Manoj Nagabhairu,Mohammed kabeer,umar_ _mohammad,sam chauhan,Tyson D'costa,Nevith Gowda,Satyanarayana,Abhishek K V",manoj.nagabhairu.mohammed.kabeer.umar.mo370@example.com,5553301154,2024-03-21
"AFF3MID2VKCRG3UPIGY4OPDLKNBQ,AGYZOVT6JVQNGFJ2WL62EMZ2Q6XQ,AGM2GCYQPQRIRJYCQBKBUOCD6VJA,AHKM6B5F2SLXBFKIBHFHGBXNF4HA","Vishal Bhardwaj,Parvathi M.K,swaraj,Simi",vishal.bhardwaj.parvathi.m.k.swaraj.simi371@example.com,5558485733,2024-04-12
"AHJTLVVBATTLS7X3LPKL2MVJM6VQ,AF6TX2WLPW4DJJZ4DDZMEXKMVHPA,AGDLLU2SF3BJPMEHUPCBCSHW7YOQ,AGY3ZSD5TYCTKJVVU2CUU2QS7XXQ,AHV25QIEQTDUMOJKQQ77WG7X3TAA,AG6ISZK2C6E2PVIUWTIBAMHO4KQQ,AHG3XDBDEPOZ2PQAIQ7HUSSRMANA,AFSJ552FEBIZBYEP7AKKXOTOGO7A","Shyam,Tom,Rajneesh  Kumar,Bhagaban badatiya,eps,devaraj,MANAN DANI,Amazon Customer",shyam.tom.rajneesh.kumar.bhagaban.badati372@example.com,5554177197,2024-06-23
"AHUKIXVRPVVYYRQOUGWBDYO7RFDQ,AGGFXEMEWUIDSSL7KN6EJW42DQ2A,AGFUEPQZZPYTSQIL7UBTDIJYUGWA,AE4JBCKONTM2LRZA546FASO3KV7Q,AHQXFZDEXSIE427UGMKSKWNFS6GA,AEJM5FOA2D5WGIYCT5VSKHMSL2YA,AGQXKHGGT3Y6QOCEULP2LJ44Y3PA,AHJLV2V57MWQV4UA37TJ2ORGQLJQ","Gourab Kumar Patro,Amazon Customer,tuhina mamotaz,jeevesh parag,Sujata deva,subham dey,Mehar Bano,Gautam Ghorawat",gourab.kumar.patro.amazon.customer.tuhin373@example.com,5554882318,2023-03-31
"AFBLFBJHOW7CQX62SQP7S3QJCFVA,AHRPOOH37D4FX5UHQEWKJ5RL4DVA,AGYYGL7JDT7YHKFH7HKAQH5DPBFQ,AGB77J7O6BH5OYGIU5PPZNLCB64A,AFUPOIQZH7NDPJN6S2SA7FUJUC5Q,AHIUAO5XZ6A6KCCQVX7IX2DWQSAQ,AGPM77A4UXCNYQ6QY527N3FQGXCA,AGTXMLVIUZKUII7RXIDLLIN4TLZA","Krishna S Mohan,Jatin Patel,Izhar Aazmi,Thambusamy,Uttam saha,shaiksha vallii,sandy,Godfrey Mathais",krishna.s.mohan.jatin.patel.izhar.aazmi.374@example.com,5555292862,2023-08-09
"AEYESC4XEIJ23NANPR3BK2GGXS2A,AH5ZM42ZT35ZFEILY444IJR5KRXQ,AHHUUUD4XBXYHTWDGSEQGER6S5ZA,AGEJRNVD42CVJLY6QQULGJVX6J6Q,AHYCGGRP7XQVIYP6NRVZI6A7FH2A,AFMG67GYJL44TDSFMSA2OFXMGTQA,AH72QVCCGUXFHEAFLJB2IHSIDGWA,AHWAEDGCATZFN3QCEBZVXCLIRDTA","Ashish kumar,SAFEER SHAMSUDEEN,SJ,Aveek K. Upadhyay,Arghya Roy,Harshil,Udaya Kiran Mutnuru,RahulAravind",ashish.kumar.safeer.shamsudeen.sj.aveek.375@example.com,5555033131,2024-01-05
"AHSYI7EUDN2RNS2IPMGAS5MKLXPQ,AHHLJNBYVOGQSFG2Q4UMMRU3V3UA,AFC7PJA3XS6MHXYAUF3JZDHDUZWQ,AFL6U5G4P2KLLZU4HCOXES7ME2CQ,AFSSRLUEWTKDHYSAS36MDQQPYTKA,AG5UBF32OIHPW42GLXLBS4QOKKVA,AHLGMGTL6FSAFU2INPKH5ISUODTQ,AFL2ZLTGQ64RMXKWRI7QSA3457GQ","dk yadav,MUKESH KUMAR VERMA,Vishnu,Shaikh Shahalam,sushilkumar dubey,Roshan Narendra Raut,Deepak thakur,Aappashaeb Barsale",dk.yadav.mukesh.kumar.verma.vishnu.shaik376@example.com,5553611492,2023-03-17
"AFZECWTOM2GUH3T67XW26DXUIJNA,AEIEKF6EFHH26R4DTUACQKMPJXDQ,AEFLPPQ4RG2KHSAOJF53X2CIPTEA,AGFTSZE2FTF4SUTZC7ONQ4JZDRJQ,AE5SY7U46GVLNQWM3GYOBMBKCVQQ,AGAOZJQ4WQAODOWE4K6CSPUDNG4A,AHTX2BOQMMX45RTHRTRK2E6PASUQ,AFC5XSGIOQBZNVIN5UVP7IOUXFSA","Jigar panchal,NOOR MOHAMMAD,Vikash R.,hari,Muscledark,A.Misra,Alagesh S,Jerry",jigar.panchal.noor.mohammad.vikash.r.har377@example.com,5553434881,2023-01-03
"AHCY2NLFROLZAQ3YQAKVF3DMHB7Q,AHH7ZBKQ6VW722YSK6JZANJAO7VA,AE6TWJIXPTWPLBA6HQBQSCSHMXVA,AG2KRPXT2HVJMBECVLAOTO7CNI6A,AFDUBGK37QSYU5TRFFFN2GO2ZIIQ,AEGFQO2LSWCXXPUILBB4B4GDIOWQ,AF7NUBGRCKGFYSLOEUO4Y2UC4QZA,AEYKETLWPT5Z6X2DVORJ76G2E23Q","Placeholder,Qazi a.,Kriinaa,Manivannan,Santosh kapoor,Srinivas,nidhi,Anshuma",placeholder.qazi.a.kriinaa.manivannan.sa378@example.com,5554917665,2024-06-16
"AHH26HAPTOI5Z52DFLNYU5TOLWCQ,AFIPAA4KT36MSZTCVAITRIUVJCNQ,AEYXCHSBU6NC4ZKH4OOFYZZTQJFA,AG4CH37VZG5JRJCAEYYGYTFH5UWQ,AGGCXXWA7CJVTHA22YE7PTNWQ7NQ,AFNQO7B5IZKARACZBIO74VFTU6EA,AH3ABVXQTD6ZA64V6NTEJL66RV7A,AFKY3NTT4T35K67VJ2RIO76YDK2Q","Ram K,Ankush,Viswanathan,Sanchita Mandal,Malhotra A.,Roy,ravi verma,Pravi Gupta",ram.k.ankush.viswanathan.sanchita.mandal379@example.com,5559058361,2023-06-24
"AHR4WZ6M4WXGQP65Z6SSP4LBJJ7A,AFWCLXKTHZPXBGFUEZSMLNWHGHNQ,AGEWKSFDTAPPBDWREYVDDGF54ZLA,AGTWAL33XMDTWFE7KCCBAPV4HHEA,AELBVPKFN3ACEWFOHW6PO7WU6HSA,AEZYTNF5ZWY4QEOAAJBW4HLB2U6Q,AEN3AIBIBGI7VSC6DSJBWDF2CHKA,AHTHIO4VEWZ6SO3MIQKNNZMDUJGA","Richard,Venkatesan,shakeel ahmad,Mohd Kaif,sakshi jolly,Nitin Agarwal,Nadini,Rolan B.",richard.venkatesan.shakeel.ahmad.mohd.ka380@example.com,5557536920,2023-04-30
"AFEMYJODFSKRPR4XTYKCPXMCO4YA,AH7PGDCSET6C5NOBBY2TLG2GX3IA,AEU243XCV5FGTBUI3KKCC5BGXH6Q,AFIQV62SLZITCC4FDVBUSBXBBIEA,AEHSXJA4C4V3JQWZMSE6FTILXNXQ,AEOODTBGBG2EUG3TEFGVON7V5NLA,AGMO4AMM5IA4MMUHGAXVMUHY37LQ,AHUIRRUDX4AQRQM4N7WNVLAJLSPQ","Gourav Choudhrani,Mustak ali,Amit,Pankaj solanki,yemcee1954,Shekh ismail,Mukta,Penchalbabu",gourav.choudhrani.mustak.ali.amit.pankaj381@example.com,5559653007,2024-04-12
"AFQUZXA3JPEY4SN7Y772C3Q55IWA,AGUHIAX34GIKOODYIJPF3WLC7D4Q,AFU2GGLEYBWH47VH3HVIR3352MPA,AFHP4M777XP7BFZDMZBUR755IQWQ,AEUXG6K2NIXVHWICO5AUEZ5TZX2A,AHWNDRVWM3DJTAWT2AXHUU2QMVMA,AGPCRJBUW6U66EYH5WARIXLIWLVQ,AFK6EVINI6JZPXK6CRXGD6G7V6VQ","Rajesh Martis,priyanka Gowda,Velmurugan,Nitin,Sowdesh K.,Kumar,Vinod kumar,Jayan Menon",rajesh.martis.priyanka.gowda.velmurugan.382@example.com,5557735244,2023-05-12
"AG4KZO4DB3TYVVMBWPWMMJGD4ZYQ,AHE6VSQN5XCADFDWC3TZMMWKYADQ,AHRNAZGI4ZD7G633XI64QAT6F3WA,AHUX4GCB3OYN52TETLMI7OO4JJGQ,AET2XG6WT3TJSTOJRZ5UFC5TYYHQ,AEOIVRQ4ELTA76SML2EVSFT4UM6A,AHEXJOGQ4ZOV6QSW3IHMLRYGFMQA,AEWG5SV4CCM5NUDRMA22BMJDGZVA","shaan bishwas,Anirvan Kule,Tannu Mahanand,Sunil Sharma,Anuja Lad,Sankar Agarwal,Amazon Customer,Jophin Joseph",shaan.bishwas.anirvan.kule.tannu.mahanan383@example.com,5553869635,2023-05-13
"AHN6E6FWRU4KL6CALQVHR3IUMIAQ,AGHGAMWSDB7XXN3GEC4YFDG47CJQ,AGMDO4P3J3J6EV3C7KL5LNIZ3OMA,AEJVKFNPY3U6JF4OWLCJ2XMZNFWQ,AGSVPPCUSENUIYUPBIHKEYIG2NCQ,AF7HMPO2QTCXQ3LHWO4WXXWVH63A,AFF3B5BNL52NXU2E3X5MOBNVGKGA,AFX7BRLKONY7SL2HZRE7RXKZRPHA","Shanti Devi,Amol B,shamsher alam,Ravi Shankar Sharma,Monesh,mohammed Junaid,Akshay,Sachin Singri",shanti.devi.amol.b.shamsher.alam.ravi.sh384@example.com,5559503117,2024-06-15
"AHROIYVXUABAGL5GUFHMEZK3WQQA,AF4VIP5F264O5O2GKFZICPZ52E7Q,AH5ZOJA5RWLFQL3XE3GPOEXYDENQ,AHM5SJCQQWFMCWZ5776MEZGW5VWQ,AE7NBFOB3OSILKUH2JW5D2E26VFA,AG3DYTM7NUZADEFMPATX4TTIKH6A,AFGEXNVVJZMM7UZDPN6EBCUWSQNQ,AFZZGR3USTVT3SLKK2EJHBPJI7XA","Rajat,Ashray Tyagi,Ritesh,RAMESH BABU K,AstroQueen,Vishal Salian,Doctor,raj y.",rajat.ashray.tyagi.ritesh.ramesh.babu.k.385@example.com,5557184197,2024-11-05
"AEJSMM2J65DGILOOHC24C74VWPBA,AFC4X5UHL2LN4PBS2TWOMIZ2GHAQ,AEO5TWJ7OMCWVSYFCFNFE7IPHZYQ,AH4V7BEA2Q4XN6RTECG52HJ2HQEQ,AEQ567MMOMWFLO5Z2P4L54R4M3MA,AF3VFLFIMQBQ33R3XIVUEAEERSHA,AHQQTNBM4SFZLLOLXJXA7N42YTTA,AHOF7ZRAY3XJT452UT7VOSM3FSXA","Mihir Deshpande,sejal ghuge,SM,Pavan,Mallikarjun Patil,SM,Vigneshvikiy,Payal",mihir.deshpande.sejal.ghuge.sm.pavan.mal386@example.com,5558377112,2024-07-10
"AHZWXUWE3RGLDH4JJUK3HT3VMBJA,AFWUWJMEO4IQEMHKMUXYUILK47LQ,AHESBMCCD2JGQWVMDSW2G6QVJS7Q,AGJ2JB67X6WE4WZMZH4NWXHEGP4A,AEH5FAS6HXOZKYQOUM2YV5KKCNHQ,AGZYICOVCDNGVWXHJCDF63UTU7FA,AFIAREIU3BQVJUNZTYKC5I4TTN7A,AGVOPDVJX5H5BXDGMWPRSWAJSJAQ","N. Lalhunchhungi,Ramakhilavan,Narender,Kotteeswaran K,Gaurav Chauhan,Rajesh,ullas,Vetri",n.lalhunchhungi.ramakhilavan.narender.ko387@example.com,5559078754,2024-01-26
"AEXCQMYUSJFK3Z4POJQTN7YOHRVQ,AHETGN27YLTEFPHLK2EM3JEE7JJQ,AE2NBVHMJEM7COMHX2XJ4UPZ7D7Q,AFSIUC3ZDSMMALO7LFNQ46WZMU3A,AHAO6YBR3EDW2EMTABK3HCGJ6LDA,AFHUNQB64BPF4MYZRRLEYY3KW4JA,AE4VZLYVX3UP3NDMCIFWLLDGVO2A,AHNKMCRLNHO3LUTYPZ5C4WBK5JYA","Sudhir Kumar saxena,Ashay Arun Sawant,Sahin,Thulasiraman,Rubel,kuldeep,Jaswinder ali,Akhil thukral",sudhir.kumar.saxena.ashay.arun.sawant.sa388@example.com,5556869941,2023-11-22
"AFUWV4HNHDWYGFGEHEMCKPR7HPBA,AH2QS2327TLYTXS5YHXNAS7X7URQ,AHWO6S34K43AUMEEVHEVFHHPOVQQ,AHRPIB6BCK5TKG2R5DH5H3AMRIHA,AEAYBCVEBO7ZZ4SXPQUEWWYXO7IQ,AGE6KNDSGW2KYR7DTGGTFWVWTGGQ,AFRRGE2IZFVEUFIY6PUKMSGSMZ5Q,AG5WZLHPQHKNWCKK3EZQG73THRGA","vivek vinod,robin mohanty,Sadique a.,Harsh,rajat,Jay,Janardhanam,Hrishikesh",vivek.vinod.robin.mohanty.sadique.a.hars389@example.com,5557933241,2024-08-25
"AEQRBL6PVEWH7MEXRN2ZI6FDU54A,AH365TQ2EE2HZM2YUGEBUUA3CBVA,AEIRPCB2GKJMM2D42JI56EZHN2PQ,AEOPPOFRNOWYNA3NCZ7FXRRILVBQ,AFGBMMBD6NTVHNHMZSTDYVKFE2SA,AHTJ4RNDSCXMGFI5GTVYAQNM6DKA,AGOJBMYF6L6P3HQ4W5N46QQIAPUQ,AFKWNS6UYCGBMT6TITLEW7DRFR4A","Dileep,Amazon Customer,Sharath N,Shubham,Himanshu Singh,Bijin Kurien,Surender Kumar,Sahil K",dileep.amazon.customer.sharath.n.shubham390@example.com,5556155019,2024-10-18
"AG3EJCPDMWMFHVD75JLK6447GEYQ,AG6U76PUTURMNUURSZUAARGW4JGQ,AFUPVR34RLXDQ4KH53C63MQSFISQ,AH6TCUCBZUAI6HVVV3CRMHOYA7EQ,AHDLB7WWZVSRDGIQWDPGPKV6MUZA,AGPTBPJMGFIJOZ7TDQYIDTKYELCQ,AGWOADYNA3ENWC5E2ZTCG44PPUVQ,AE4VHTKSWGIZRK2VBPA5W4BVVW6Q","Debasish Bhukta,Swastik Suman Sahu,immort4l,N,SB,Sitaram,Suprith,FAIBI INDIA",debasish.bhukta.swastik.suman.sahu.immor391@example.com,5556881007,2024-09-06
"AEGEOVAES62OFGQTSPSDSQ5U7SHA,AGMBYTP5MS3JCQZ2NHRA3L2FTC6A","Mohammed Suhail,GVR",mohammed.suhail.gvr392@example.com,5551963608,2024-01-07
"AFPYH3UF3GB4RNX3MX46AXFM2FTQ,AGWEQHJSUA4YCG44RKCCKPFNHNYQ,AER7URKAHGBZZUO54FO5YIX3BOJA,AEPCLRI6TOAXADIFPVP6BVUV6ZYA,AHMJGVHC6Z2PFDPRVL3FFO6HVWEQ,AHV4FNKMIPRVWQREJHBT3T7KQH3Q,AHHJWO56X2DQATPTWFHER2LAVAGQ,AGXRHQVYZUCT2IESEBL3JYAJ7ZNA","Sujili v,Paras Jain,Shailendra,supreeth achar,Anthony S.,SUMAN SEN,Wellwisher,Richa",sujili.v.paras.jain.shailendra.supreeth.393@example.com,5554601919,2024-07-24
"AF33ARIIERSZ4KGYWLBGIJO3PUQA,AGYPPUPGC6R6YHQ34BXG47EF27SQ,AGJETGMWID7POEU5LDGFS4RPXSAQ,AGRA45O5QGXARH6WCZBOIHOCESJA,AHJCD4A5IUH54M6QRKEW4LUHVJ2A,AHUDJY4VCIHRMXKXIYZEDXGGXGZA,AGXYMK52TU4YHFTS64FNCTDPJENQ,AGJBNYIE4GPKFMI52C33ZNTMSVAA","PREMAL H. SHAH,Amol Sangolkar,Abhishek Bairagi,Somu,Bernard Rocha,Ram,Naman kumar,Amazon Customer",premal.h.shah.amol.sangolkar.abhishek.ba394@example.com,5556281656,2024-09-16
"AF3JE3MHGVCOATHASUTMN3VGF3UQ,AEDSNOOD2D6SJAET2BTNBHLV2SSA,AGGTMAPT4WBWP2C62I6CGW22QNCA,AGC6NVLEXXVXAOMXP46RL2622EBA,AFMZPE7XRDTD4DOUAAMZOME6HG7A,AFOTHR4JPCQC4JXBR3WV4C6T5XHQ,AEJMCBDH3VXRL4SPYOC23J4OG6OA,AFE2254KL46HW7HEMQMQAGTC2LUA","Ranjitha Parida,Shubham Pawar,Arul,Lokesh K V,Nandita Talukdar,Sushma Pradhan,Amazon Customer,Datta Dhanwate",ranjitha.parida.shubham.pawar.arul.lokes395@example.com,5551636078,2024-10-24
"AFQ7AUYJOIE2HH63KIUQK45ENQ2A,AHT7TTZ5JOTUL7CYSG5BBVPKD37A,AFB2AKARKRKHAB2PUCALX2GXOM3A","Prabhanjan,Chittiprolu Ramya,Litu prasada mahanty",prabhanjan.chittiprolu.ramya.litu.prasad396@example.com,5555408796,2024-01-12
"AHYXJP46LXOTLZ5FXX53OWHFNWXA,AGJH265WIJJRU5CH6R2T3KPDUHUA,AGURQUXEVAYTPSF26X64GZTYMTVA,AEDNDNSMKKRKDTTX67VVJMEQEPPA,AGCUQVPEVBIWQQBLSEKK2LSICLPA,AE3FZBDL2DKG5S23STYXDBEFCLFQ,AHSDXCJVYDH2MU3PQR7TRI5TA4LA,AETU3IBTWBZE4PUKESCCMCBU7FLA","Harshwardhan shinde,Amit,aamtech2,Apurv G.,Ram Gopal,Prime Customer,rajiv,DEEPESH SINGH",harshwardhan.shinde.amit.aamtech2.apurv.397@example.com,5559176515,2023-11-24
"AEI2GKBIJPYIB7KUV7EKAFN5P4IA,AGC2IANVZWHPGJS6KPCVASYQ5N2A,AEJSFU2MHQAGBDP2LWKW2KDEJHBQ,AFHCBV4DAEF7UL3EHVLA2VQ7R3OA,AERBFUQ2XX22U7LPZTRG6A2HUTAA,AFJJ6ZOQE2X5M5FZHRUGNGHXPS7A,AEHH6FPWXY4NFI63UAHKFRAGWICQ,AEITDY3ZQ4YK4EAX6QNI43CLAKPA","Neeraj Kumar,Deergha Arora,Krishnadevsinh S Gohil,T.Y.W...,Kapil Soni,devi dan singh,Rupesh Chaundkar,Aniket",neeraj.kumar.deergha.arora.krishnadevsin398@example.com,5553208716,2023-01-29
"AETBZL6TIGY24P3Y6WNN2BNIZIDA,AEM5NWHHVCMHY2LZH5CHNDXON3SQ,AGNOLV6ZQ6SYXOYLHBC4ORHEDL4A,AH5GPY4UE5MUMN6G5NV2BXMUUUZA,AGGCSIEZNAMED5ULILRMUMIZZ4QQ,AFN6SDYZHCOQKXW2WE4MBM3SUQ2Q,AGD6N3XPM2FBWJ5RWHLC5UDE55YA,AEMI7K7IYACRHQ4ULRGRW6JA23PA","Suresh jaat,Mahesh E,amaz vivid buyer,VINOTH KUMAR,Vishal Trivedi,Ravi Shanker,Kirubanand,Suman Kumar Das",suresh.jaat.mahesh.e.amaz.vivid.buyer.vi399@example.com,5551145641,2024-07-10
"AHBB6UBYHJ5FH2BUFQ2BCXHWQFJQ,AE4S7RU4C77FN2E57NMJIFAMH7RQ,AHAUWOVUAQX7D73DVER7HM3WKQZQ,AFVUKW5J3PRPHQ5ZIFK275YXQOPQ,AFXAQKHWVGXPXQ34RWZX3QER6MFA,AF3Q3H3ST2EQI2CBI5V2AZFGETRQ,AGI6BX5V7Y2QSCVLAAHXBHEHQ7VQ,AHVWARXU523WDIQTATHFC5NICFFA","Adwait Kulkarni,Sarvdeo Pandey,Dulal Roy,Amazon Customer,Sakthi,Ankit,Amarjit Sarma,Sahil Kamboj",adwait.kulkarni.sarvdeo.pandey.dulal.roy400@example.com,5554270208,2023-10-16
"AFAYH4FG2MUZTFGDVONVIOV4W3KQ,AFXA26HZQUFUW7XEXH5GMEEZSPMQ,AHFDNDR53QEPY535GSA7C7ZDQ5DA,AGXTHFOTWKYIA6ES5PVGEF2IHWFA,AHCSJSWJF6TFP3YDLCRVCNWPZFTA,AELOYAHMYOGED3PPIMLJIHD7DHGQ,AGNX3V74DONZBBVE2CYREKRCKAQA,AEG6YPCCZCXOX53TAJ7RCARHGZ3Q","narsatya,Jose Amicattu,Amazon Customer,Amazon Customer,Vignesh Elango,Dheeraj jha,Asfal A.,Liyaqat Ali Diwan",narsatya.jose.amicattu.amazon.customer.a401@example.com,5551936250,2023-05-07
"AEAX7BRPDS3NSYCZQBQDL5DGZDVA,AFI76LT4UP2L3SFJMDMH2C5SM6RQ,AFK4TVL4GOKGSKXKVD4ROM3NWE3Q,AFNAPG6Q3WJAMY4MYDEV2W7JSPLQ,AF645AUHJGIUD7JY2VHG5TBNYNQQ,AHZZFBL24XXVLW6H44MOB6LBHH5A,AEV5AKL64UCEJJJCSVVBLHHWU7SQ,AHCDJWUO4YVS63AGSZWF2QHS7QPA","Ak,Jitesh,anil,Umpo,G'DAS ENTERPRISES,Neetu,Vaibhav Adsul,Alok",ak.jitesh.anil.umpo.g.das.enterprises.ne402@example.com,5555939859,2024-10-21
"AGGDISUCB6COXRY7SCEYULDTYJSA,AETIHYK5L5TW5NKHBPOWXAKS4MBQ,AH77PFYHLOMFUSAQTGZKB3Y3GLRQ","Anindya,Jacob angami,Dillip",anindya.jacob.angami.dillip403@example.com,5553838564,2023-02-01
"AFNMA3FQAONYMREOFLNYF2RV4AOA,AHAYDWCGM4QNXWBCRC5LADVNADTQ,AFQFYAWOQX6T6PE5UVBUEFNBZC5Q,AHCXVEDVUKHZFJY5GZOVEXXZ5FBQ,AEPAT7E6LUSVYZ6BFUYULMMKN6HQ,AE7Y6RN5W7UID7VMJJWVAIT55JAQ,AECBZRZ5INBTHZJJIGSQJNEEEUYA,AHON2KL4HI3A5EPJ4TZU2MQF5ACA","RAJIV D.,Antony Gruz,ajay,Praveen kumar,Sujoy Paul,Amazon Customer,Sanjeet Tudu,Kartik Pandey",rajiv.d.antony.gruz.ajay.praveen.kumar.s404@example.com,5553618892,2023-10-28
"AF4AWOIIGQUD4IZ6QNWXVHL6OKTQ,AHGZNSZ5ECVXE3L5RCORYAQXCDAA,AGXKMOT2VJHSKVF2RGDS3WHGFBCA,AHACIJNM7YURLENNI7T2GIOMOQZA,AE3KVLQI3N4354HVJ5YAIHRJFQSQ,AHYCGGRP7XQVIYP6NRVZI6A7FH2A,AFWFAON3AFS63R4TZJ2DPHHB7KMQ,AFZ4LNRNW2PKH2TMZM6QH2KJNQCQ","Anand,Aditya,Shiva,Saleem Kumar,A Sinha,Arghya Roy,mohsin,Shashank S Tambe",anand.aditya.shiva.saleem.kumar.a.sinha.405@example.com,5557226030,2023-07-27
"AGQ3YJHNFI6CFAOTHMHNA3BEH4AQ,AGIGNUSWYO2OQDTSK25NQWQYTKKA,AHIJZTKPBCAZCSUIZU3JPERUM55A,AFJQGE6TV2BR754CRHDMTKOCTHNQ,AGHD2OMQH2SJZ7PQONIDBG63ZBKQ,AGPBPLV5X666GMBRNJCVLJNNH64A,AHRBK243XJM2ALAIV4RQOYVTH54A,AHNZPDWG65TAYC72YLSK2DUCA6BQ","Udayakumar R.,Samson Sirla,Nitish Varshney,Bhuvana,kaaju,rakesh a.,Priti Sahu,Sumitha",udayakumar.r.samson.sirla.nitish.varshne406@example.com,5557420155,2023-12-12
"AGGDISUCB6COXRY7SCEYULDTYJSA,AEHVGO7QNRXBJXCIN7ZS2IBKCMUQ,AGCTCXJXG6EKLF6ANAPIKPTAW75A,AGACS7BZV5ZPI2NOFQUC4S6LVZGA,AF4WE2MXXMQUPLKNPGCVP6N3K3FQ,AHX75KI55PFZY6J6PHO7A2AENXQA,AFT3ZU3OLRGDMPBARQP3BOKLGWSA,AFFB7SSARMFDEYKPBPVDII3AFIVQ","Anindya,Aditya Mondkar,Pawan Sharma,Vivek Prakash nakkeeran,Nishant Mridha,Rajlaxmi,babanna,Satish Golani",anindya.aditya.mondkar.pawan.sharma.vive407@example.com,5555955589,2023-11-08
"AECQPIQJEIF5ASVCNW43FEDLAATQ,AEO2Q72MKWA5DPWBFQQ63ALQW7AQ,AEW2N6ZN62QQ5C5RXHU4TSK2EYRA,AGLPUYATOE2KVD36DZ2VD4QAOZCQ,AFC5T42J2P6CMZQUXB4IVBEZSAFA,AEAFK6ITOXRVS34MTPODTIE4UWLQ,AGNXO5MSN4KKBGSQR3YT26CYYBQA,AGKMK57A4J54JG5OUHPMVGGPVUKQ","Amazon Customer,Tamanna K,P Janarthan,Ram Sai,Deema Khuraana,Shubu,KAMAL KUMAR,Gopinadh.P",amazon.customer.tamanna.k.p.janarthan.ra408@example.com,5556493513,2024-11-11
"AHDTCW665XEPKY4WAUG3DREFCCYQ,AGPE4RKV5YRZPGLXQ46D7DMCFDLA,AHDKSXMFH5GRBJ6QJAPSEKXC6AYQ,AF7PR2PDWUSBNAQWPFIBW4J5OHBA,AGAWIQ7HOF4I2AFI7CD5ENI7BCDQ,AFF5TLCH4IYWCZK3FG64LZ4FHRHA,AFR53YXK7LLTSYXP3UALTFVDQCAA,AHO4LIQVYAUKT6MMF4Y7MN5Z57YQ","Punyabrata Mondal,ruma pal,Alam,Shaikh Raziya Irfan,Panmei,sharad Pathak,A.BASHEER,Amazon Customer",punyabrata.mondal.ruma.pal.alam.shaikh.r409@example.com,5554789506,2024-12-28
"AHE52HKDGFCWSQO7STU7NRWWHTWQ,AHCBTTZL4LES5ZR54PCU6LSVKYPQ,AFZRZORHYQ6TSM25CRDS6UDSLUDA,AGWC4Q23F4DQ6TOMY2OBPZUB3W3A,AGGXWYRLPMULBPR7OXPEV6SNOMIQ,AGSMAA22LXXQD6VGCO3X5MMAT4RA,AFCTDH6RSQB5Q2F5E3ZXQL5I2RMA,AG4QFJXKZLMRSSLHOSL4XYGM6G6Q","G D PUKALE,KM,Sudip Kundu,venkatesh,Shaik John Saida,Ramgopal sharma,Abhishek chaudhary,Rohit",g.d.pukale.km.sudip.kundu.venkatesh.shai410@example.com,5556060061,2024-02-06
"AGG35S7QJCAA7Y4FOAUY6IXKP75Q,AEFI7KCPVSZ2JTMHAZ7AXVWCZR7Q,AFCDH6KOUMXDXYT5J6RI66H6H4RQ,AF46JR3IL4FMLAHLNGPOCTPWWO4A,AFWFXXYDJSIBNGG573MZOZ5RW4UA,AEZTQHAUCPBSKVZ3RAZ7E52E4JWQ,AGB6S2IB6ENELR6KLDKCNQUGY6TA,AFE2763GMEXU4LL3TH6HPCL6FWYA","LAKSHMI NARAYANA HANUMANTHU,Shahrukh shaikh,satka,santosh ladkekar,Gvs G.,K.Sudhaakar Reddy,manikandan,Amazon Customer",lakshmi.narayana.hanumanthu.shahrukh.sha411@example.com,5559882238,2023-07-26
"AFU4JDUZDD6N5MUGLULCRLUQLHDQ,AGI4QJTBBCTTOJUOUV5X6ROZH4OQ,AGUKIFBPQ5LFT3NFKXAMUVEYNSQQ,AGVBFFFQVNSBYFKF5OKWVY4EPALA,AH4Q3Q5642PKPJSMYRWPYFL3TXEA,AGYUHTEK4JFB4XX5QUITAD2DWWXA,AFPBJHSPYTYE2YXNTCZYAXLQXKZQ,AEDMMOCM4OA7BFGRBDZP2RIROZFA","Deepanshu saini,Sunil S.,Aman,Aakash,Sushil Kumar,anil lokal,Furqana Angolkar,Shivam Bharti",deepanshu.saini.sunil.s.aman.aakash.sush412@example.com,5559690351,2024-12-02
"AFHFQB5UN57HBBYIGBV4YYZDXSZQ,AGPBZBEFPFL64PWRZX32JSZUHDMA,AH32ZSUDD2AINXSY42RIVL5RBCIQ,AEGEQUSFQ3L5GTTYJEM34ZLSZN5Q,AEXNZJKAL3YMVOOAUSE3BZFP4JPQ,AELMNMBT5LVUJB7C3PHTT4NTETXA,AENLU2UJ3XK6A2ORODWSHIRNY7SQ,AFZ5LXQHEOBA4QWHTTF3TQNP7XIQ","Aby Jimson,Prasad Pavithran,Mahesh Chandra K M,Pannalal singroli,vinod thonti,Mayank Dunkwal,swarn,Rekha H gohil",aby.jimson.prasad.pavithran.mahesh.chand413@example.com,5554436240,2023-02-28
"AGBB4DAVTI36DUQN2NLQNXJLG37Q,AG5H3U5TC6HICM23GAH5FKKIZAYQ,AF53WDXQTVOHTCIUK5YSGJXGVLSQ,AGVGHUTVQQMXT76XTN2CYSHDUJNA,AHXN6UXEHQZVJHLCNWCYHA2IAZQQ,AGTC2E3OIYPYGNKPF2XISDGZWZEA,AEQJY72BUJBIQCYK6V7CIZFEGFKA,AGS74K5IWCYY7PLGQZR7KGVOPCYA","Pooja,Prashant,Kartikey Singh,Sailendra yadav,SHRINIVAS JAWALKAR,shyam,girishkumarlanka,Nidhi",pooja.prashant.kartikey.singh.sailendra.414@example.com,5551547921,2023-05-08
"AFNGZSZUISNZ2SMAN3L3OALQXS2Q,AEL2T4V2QAHYRIJ6BPMOETWMGLIQ,AHEU57WSVYX3MYVUTKXND7722D6Q,AH7GSAGP2FWNNWZHN7Q56Z2AWLVQ,AGIHBFWNPMXWTJOAUVEHA23XKOBQ,AE54CJHDDTC3JOR6UCSVK4UCZTTA,AHXT34K7Q5XLB7MNGS4NFI2VBMVA,AHTP47A2GMNACDBEPESZBPCQI2UQ","Happy customer,Screcko,Alka Agrawal,madhu,Udit Jain,vasuki,Shivansh Rajput,Karthik",happy.customer.screcko.alka.agrawal.madh415@example.com,5556805780,2023-07-22
"AH3VUICGCKITW2W3TEED2EIY3ZTQ,AGTVGGF42U3KPHT3BTNHNX73XSVQ,AHMMC3QMOKVDBOOVOHAFZSCLWDAA,AGRHECE4JDSOZKHEAH5YNWV6YNKQ,AGIL2JPFUVXPBA4PNMMVAIPXAKWQ,AFPOLXH4MXKCJI33QBTKLOA25A3A,AF5M3QNBEEXBHH6BOPCHIU7V2WVQ,AGWVF275SEYSCYQXQFO7KEL5AAQA","Varun,Ankit maurya,GANESH T V,Ravi,Amazon customer,Vijayaraj N.,Amit Chavan,Hkpatel",varun.ankit.maurya.ganesh.t.v.ravi.amazo416@example.com,5553299856,2023-07-13
"AEKLQGYWRYPMVY7BPBGHFZHW2KHQ,AFY6F4SOQGV36CVSEIW32NCNCSUA,AFZJRXAD3NPFKJU56SZBKYK3X4DQ,AHPF7KBSD6D2KESY7LO7JWUYU6IA,AGCILAMQ3VYCN54F3LUXGIFBXTSA,AGE7AOWKJLOVFXMMTBYYLT35OEXA,AGWQVVOQMKQDKPGOT66L7MEXJXIQ,AFLSABEQELMYX7MQMC76CE3YZA4Q","Shridhan Varadkar,Mahalingam,Rajender Eslavath,PRADEEP YADAV,Saravanan,Divyansh,Maninder S.,Rahman",shridhan.varadkar.mahalingam.rajender.es417@example.com,5551244809,2023-07-10
"AGORBC2ADNWTLGRWKCZRO7GOG7RQ,AHW6N3FDZXLXEEXO53Q3SMVFLCDA,AFLGGMV4SBRWIXXHBCHESRA5WMVQ,AHXAAOXPYBOJOTHOOTDEEPQJ7FVQ,AFNROTTTTJQQPZPRJWWPSPBEPVQQ,AHKEHV7YSGK2ZCMEUQYS6LJNURKA,AEFXAZ2UATTLLEZX44V5WMEGNS4A,AHERJ7CWJFLTCL3H64F27OBZBHBA","Sandip Roy,Neelakantam varsha,Rohit S. Rathore,Salman Siddiqi,Anil Kintali,Vivek,Vishal S.,Supriya Patra",sandip.roy.neelakantam.varsha.rohit.s.ra418@example.com,5556079804,2023-05-27
"AECPFYFQVRUWC3KGNLJIOREFP5LQ,AHHURVABUYFBH5VMO37ELU6VL4BA,AGINNSDVZYV5ZKNNIJO7GL2ODKJA,AHGTFXNFYDEBYKFIM5AGTVJHLQWQ,AETX622QBRE6A5D6JOV5JW3NDXUQ,AGJDDBKFP2QLF76TQ4G2LWTVVXLQ,AFYQCTYLY5N5ZAB2DBAKWUZNBF7Q,AFZQHGNNUAQ2MMHXAE3IUISW6OFQ","ArdKn,An Interested Customer,Kiran Kumar,Jaya,Aditya Tapase,Aniket,noor,Rohit Shariya",ardkn.an.interested.customer.kiran.kumar419@example.com,5554232951,2024-11-08
"AF2PEMNSWZSUIHRAPJGOPJ7GAF6A,AHJATMZUL2L2MVZDRBBE2YCLSDUQ,AHMCOOZB4T62PFVOC5KYTRN7AKCA,AHO6HF6W242DPCOUL337SAZ4RFWA,AEPIMKMLGRFWLU7CETWUPBCLFR7Q,AGT4OV5ZEJELU6LGJ3SVHQBHUBYQ,AGBJZG3XMZ3WPI7FY2DLYYXSBUNQ,AHG4NWCAUQ7X2Q2OYOIB5WRNPHWQ","Minhaj Mohd,Amazon Customer,Placeholder,Ismat parveen,Animesh,Subham,hanmandla raju,vishal charikar",minhaj.mohd.amazon.customer.placeholder.420@example.com,5558833405,2023-03-27
"AEJQT5NMTAM2ZRPQDNGLOL6NTKRQ,AHIKFQ5VP6QGYQK3GJICMV4U7ULA,AHWEF3345QLMPIGGOW6VUYJZEFDQ,AFLEQIFCKD7EUBQTHJ7T7XF4MWMQ,AGOYRCQ3PNL2AIXWYLPSXVQYGJEA,AHLORXFV6I3JRBNER3O6DIOVWM5A,AH445QA3XXIV6FPASBU6OBICSLYQ,AHT6SE3YNTHR76UT4QDQKBHEH5EQ","Deepankar G.,Babu Singh Rathore,Liton Das,Biswajit Udayabhanu,sameer shaikh,Anil p.,Anoop Sharma,Rameshwar Singh Rathore",deepankar.g.babu.singh.rathore.liton.das421@example.com,5554560582,2023-06-22
"AH5ZFNLZLJW24YKDQMDHCWGT3MLA,AETSU7SDMZB4653PYWJ54WIPTYJA,AE3XDACOGNEPOGDQHEDJWR4R3JBA,AGLYWTUJ7XAWSKGMRXZEMUHNN3QA,AGAPGK7QBUJDHYEHVEZIJSSU6RXQ,AGJ2FLVYPLUMJGSB434XS3BTEU7A,AFPDB7JSVPNWJT6KF53C3O5ORJQA,AH3M2HOCS7VMTXCOYYI2AKZTFQDA","Mohammad Noushad,Ramkumar.R,Sreeram,Gs7,Dongay Rajasekhar Panda,Ritesh,Rahul Bangera,Vismay",mohammad.noushad.ramkumar.r.sreeram.gs7.422@example.com,5559570799,2024-09-23
"AHB43CZ4RHLJ5S6CBOWX6MEI7J4Q,AF3XMPDSQQDSRN2PG5NGPECLPRDQ,AHQF77NZIRBV6LQMO6VEC6O5FL4Q,AFIKD3VY6WOYWPMJUTELWZAXHIXQ,AH6NJEFXD5ISMZJQICGKAZPQQGWQ,AGQS2PKNNCEBXCPSYKOO4I2DGZNQ,AEMACSBSMT4WLJPLOKIWGFJLJJEQ,AH2MIHS2WTWM7R5DFWRUZVTYK7TQ","Sameer Patil,Ashish s.,Harshal Kothari,Govinda,Arjun Ram,Amazon Customer,swapnil,Sk Sahanur Ali",sameer.patil.ashish.s.harshal.kothari.go423@example.com,5552334319,2023-10-07
"AF37SWB5BJAXD6F2Q74M6HJIHADA,AFP7XI3X4GGJVQCYYPJZ3Y3KZJFA,AFC5CQXBCJCOU4VWPCMLLQV5NJRA,AF5L22PGGUCE6JRZN7Q6CZJMMH5A,AEZQUPHUINOCTERMXT3HOTVPLYGQ,AGLYWTUJ7XAWSKGMRXZEMUHNN3QA,AF2GJR4HSNPC5E7MMHUMDK5QR4PA,AHR6Y7I727FA6UYUHTZYNGOGDV2A","Gopinathan,Punaram Chutia,Amazon Customer,SREEJITH R B,S.S.Sohi,Gs7,Manish Liya,Anna",gopinathan.punaram.chutia.amazon.custome424@example.com,5555139872,2023-03-13
"AEVPRYZLGHNMEZA5BYGIX36LYZXA,AEZPOZQEEBFFXZ2EQUYJI4VIQILA,AE4FRP3D6KIQG7H3GP436GUD52VQ,AGIUJI423LLZ56YOUAQ5NEYLFVEA,AGGT6VCILAXDI3NPIFAKXBGDYVQA,AHYLFL4VWQ2J4OOZXMEPISX5G64A,AHONFHGWU5UFOW2K622LL7B26M3Q,AETTZUILIPB5I7FQ272YUGEJ4SNQ","Gatij saini,Biswajit Kundu,Altaf Khan,Agam Saran,Dinesh Jain,Isha Singhal,Nilofar Adeni,Ramkumar Dharra",gatij.saini.biswajit.kundu.altaf.khan.ag425@example.com,5553411427,2023-10-03
"AGXGYUPGIFDGD6LPTVB2XVE7JWNA,AH2ZUPRKPAFHMLFBVWD26PDVJK4Q,AGAXCWBSPZUPB6GKZKHS3WDT52YA,AHJBGHHXDRA7M5MKCLYLYDNWSURA,AGS35GMYV4YBWSINMHG7KX6VCX5A,AFX2CQSR3SBHOJQWQHBLDIHQG3RA,AEEE77EDIHNXZHXAC77EGZGKGSLQ,AH64TGKPMKB5SNT76NT4ZDNF5YEA","Amit Shrivastava,Sikandar kunar,INSTALL INTO PC,Sourabh,prakash,Arjun AK,Surendra Sawant,Subrahmanya Udupa",amit.shrivastava.sikandar.kunar.install.426@example.com,5554212688,2023-10-29
"AFYMFZN2MFKODDI25OZKLO36LCHA,AE46PAL3I6SQVZG4CQR754OYQ7RA,AFILVEY4BG7TP2XCLB7N6AGAZMFA,AHKAHUT2A5EOQTRLYEOO6W6BQSTQ,AELYRRH5SBV6UFG3GU6BFG5BR2QQ,AES5I6RABQPPMKSG73P546HHSHFQ,AHTP6VRCDVSOFKPWMXJLFWKU2VJQ,AF27PDSYD6M3T6GI6X3VMQXOGUUA","Sameer,Dwarakesh Arshu,Arjun Kumar Ravi,Mathew K,Amazon Customer,User,venkat,Priyanka Deshmukh",sameer.dwarakesh.arshu.arjun.kumar.ravi.427@example.com,5553693724,2024-02-04
"AEY3XQ3NAOS4ZK53VDEVWJ72UYMA,AFENYA36PCVR7U6VQVSGHGIUH7KQ,AEEYC3VV6XNJOUKLAKNJCTNZ37DQ,AE35LUYKKECJUBLJE373GGQIZNOQ,AF75CFR7RD3EVKMOZ6TU5J7GOOVA,AEIHLPUUYWECA55HPXXHUPKVA6JA,AFAEMQGQFXD6JFPE2PTK6THIH53A,AGUZOTZKNVCVN57MFLCTCNCTDLCA","Clifford Francis,Paras s.,Aditya Pandey,Abhinav Mukherjee,Abhilash S.,MKS,Pradheenadoll@ G.,parth vishnubhai parmar",clifford.francis.paras.s.aditya.pandey.a428@example.com,5555504253,2023-11-12
"AGUV3QWPJUZF72A7TRV5XZLSRP2Q,AHQMSLQQ4T7RDZBR7K6FFS2WTG3Q,AFZVV44R3C5A6YYCZDNUTMEKD7OQ,AEZKAOXLKYZBBTZ6MEL33LAY2O5Q,AF5AATC7IJVSDOVSKOGL4KE5M52A,AF4KWHA553OSYR5DLLBBDEHHBRJA,AFEVXMESJYDWLJBXPN7HVX62TPOQ,AFI2SQEGAA3335ZEAMB52XPPHS2Q","Harsh Kumar,Arv,Debayan,Sidharrtha Jain,Chirag,Satish,Amazon Customer,Amazon Customer",harsh.kumar.arv.debayan.sidharrtha.jain.429@example.com,5559319687,2024-10-11
"AEL5HU25IP7YT5WK3LXNC5M36NBA,AG6OO5TADBKM6RSXLN54U2LYYPXA,AFBICZEMDBBG2PL7T424USBD3PNQ,AH6KGRI6O5D37TRWQAKYLMWIZMKQ,AFQY3C6LSFBOO4FUHKKVD7Q6LFIQ,AEP3MKB5RNDLJPK4JW22FX74WKFQ,AFDTYPH2YS7I3XDWEY5I6RXU53MA,AEUXJSPLBCM6V4UCEVFPF53YC4GA","Sanjay G.,Vinay Bucha,Amazon Customer,arun,Rohit,Saly b,Aasim Ansari,Aniruddha Joshi",sanjay.g.vinay.bucha.amazon.customer.aru430@example.com,5557824836,2023-01-30
"AFWREBMJRX47V7TJD5E7VUBKZY3Q,AFKUWB5DABB7DVVRNJADCSDKFJ5Q,AGCKABAFBXEB4DLQSVS2YPRFULZA,AEWO5MXEBFN3PMJAXYAUXB4OMBOA,AGBNLIOKIT72A2TBLG6A35XUEIMQ,AGDC3KZSQJMQL3GNEEMOIZRKXUAQ,AENODPH3RWTEZMADDI7ZXXD5UBLQ,AGGJWLZDECN7FGJ45NLF4JOUE27A","Pallavi Varur,Amitasap,PRADEEP,Karma,JASWANTSINGH,Suhasini Muppidi,Atesham,Arun Kumar",pallavi.varur.amitasap.pradeep.karma.jas431@example.com,5557680870,2023-10-01
"AHLLRY3ISUM56WO2EJYCDE4J6E3Q,AGL2WQUXIVJ7MJZO2FQA5YEEKYGA,AGPMMNZ6KT752BNQNASY52CKSHHA,AFTPAQY425APNC5O64CFVBNYGUMA,AFFGWYKF2QF2IRGERWSNOLQ2QW7A,AFFQMKXLAXT54MS2POKG6RZSRQXA,AE3ZQLAKLHGLFWBN2LOJTSYYN7HA,AHI4OYSIYXJIJIXAO73LAUJTEICQ","IC,neetu singh,Prasenjit Jana,DANGAR RAMABEN KARSHANBHAI,Kushal,M.Pradhan,Naresh,ANURAG GUPTA",ic.neetu.singh.prasenjit.jana.dangar.ram432@example.com,5551938332,2024-02-03
"AFJ7UDS63R5ITGAMOSRK7KNWHSSA,AH7ZV5NZPWUYLZQLPVYXXYV4VOVA,AHIHRVMHYHOH5D52QNATDQ6G3VRQ,AFDTXWDJNXAYUGM542YUPNIBHBOQ,AFICHFCZ5WJJOZ6HM67EQ2L3YYTA,AEP7EC356VG6MRFKXMOMUB7P54XA,AG2SFK64KDQ5YXJ2DRZSQHA7IAIQ,AGKFITVCPLXDAGC5SLHFRLXPQYYA","Wilson Patel,Sneha m,Karthikeyan G,Karnal kumar,Deepak Rathod,Kumar Satyam,Arun Sharma,Placeholder",wilson.patel.sneha.m.karthikeyan.g.karna433@example.com,5556875331,2024-03-03
"AEU3E6TTMRR3RHIFOK3IF6XYSDLQ,AEZYNEENP5XHNOPLJJETULXZCA3A,AEGIDWKG4HE7J5FFY65JSBQTELFA,AG5DWPD54QGSLWJ6QUFERLPNAX4Q,AGHNMCD4YF3P2TJZ4OARR35PZT5Q,AEXUB3TKS66IKTFNZZYLP4CJ2IZQ,AFGWFXKWBDBAQ6Q2FCANAK7ZJGUA,AFZDR5KNLP6HTBN33LC3AZ472J5A","HARDIK A.,JAYANTH,Huq Enterprises,E.C.GEORGE,Prince of world,vishwanath pratap yadav,Gurumoorthi,HIMANSHU JOSHIYARA",hardik.a.jayanth.huq.enterprises.e.c.geo434@example.com,5555500280,2023-03-27
"AEDCAWW6MGT4UO4RRH7NOK3EH5SA,AFMZX4QR2GN2JMC5GZS66RJM4YTQ,AFLG2PW5COQFF4ALCTWAHMWQ5XBQ,AGT75OEHIEIVEH3WH3ARDJGVUM2Q,AEZW37RE5IIP2MCYW7NCWO3CTJCA,AFGLU4AR4M7DZADQJX5SUGNZW7UQ,AG6YU7BHITXUFJ22336KYWROTZKA,AFWHBJHINMLO6RESQFNCY27BFGHQ","Mananveer singh,Lavanya.G,Ananta Bhaskar Somawanshi,JYOTHI. N,Jaikrit,Govind Prajapati,Amazon Customer,Ramanjaneyulu",mananveer.singh.lavanya.g.ananta.bhaskar435@example.com,5553478219,2024-07-15
"AGGSPBWHNKPM222VK2PCN4PHRMWQ,AHKPIQ3BNCTJ2EVZ3SWK45X6S2MQ,AEZ4XP6EQ5UIJF5YHBGJ3EPP4MOA,AFIND4QQKETURXU76GI6655ZFS4Q,AF6SCWIB7NVHZI4WWZHXAY2JJUGA,AEE2XYKFE3DMNYQTOCBK3PEVORQA,AH7X6273K5JCM64M6H4NHACJNOPQ,AHJE2BSA3PARAUPU7WEXWJ6WS3KQ","Ruman,deep,Jatin Sawhney,Nehru,P R Vedprakash,LEO SELVARATHINAM,Adil,Ashish Srinivas",ruman.deep.jatin.sawhney.nehru.p.r.vedpr436@example.com,5557884971,2024-02-11
"AHTYSJ2UVZO5LT77K37P423ZMQXQ,AHYQION7F7POWPGNNAFXPK64RSNQ,AHKUNPS4ZAWFCFMIOFSKV5LF7IOA,AH4O4H2WHIKNWUYTERTGOH4FFY7A,AFIS2LYGKHAXZN6NFF2JJI2M4TBA,AFQLKJFTCAK4X2YI2B72OID4IVLA,AHQIKKPBVNWP27JVQYZSYMEG6XAA,AGKYYB6ZSV2OI4BSXLKISFSFLGUA","Akash Kumar,Anil Kumar,saijayanth,Rajib A.,Vinit Sarin,Ravinder Gautom,Yogesh Karel,MANISH KUMAR",akash.kumar.anil.kumar.saijayanth.rajib.437@example.com,5551753633,2024-05-10
"AFLLCZFPCLWLDKVX63KDI75LX7EA,AG6UWS47VN74SMHL4KL57DEJMBIA,AHVRHERJSRHVM63FSTZZI5SRWFKQ,AEXK4GFZSUC45HV5ZMD6ZSF2CK2Q,AGEE5MMSCUBGNWYJ3WY622OZ7Y6Q","Srikar Kandikonda,Alden Andrews,Bharat Gidh,Praveen S,Varun Jadhav",srikar.kandikonda.alden.andrews.bharat.g438@example.com,5559735322,2024-06-10
"AFES6HMBN5CAV5HWKASX5HS743BA,AE2SYKBDNNE4PVOOYME4HQILKXTA,AFDMSPZU56HC6LYNPSPFLBTALJMA,AGVSDTELCGKF3H54PJHYWO22MGFA,AEEOHRSGRB777SO6I4OOPWZ4DQ4A,AF3CZ6OL3AA35DQULP6J2TCEOJOQ,AHTXWZCWVFIFVLHBN27YWHVPXTUQ,AGVJ4GQPFR3DJ4ZV4ZT6EXE3ZNUA","Vajrala s.,Goutham.G.A.,Abhishek Kumar Sharma,Goutam,bheemanna,Jose v j,Pratik Kumar (Sinu),cherukusureshreddy",vajrala.s.goutham.g.a.abhishek.kumar.sha439@example.com,5556082874,2024-10-23
"AETEHTDQT4GMZAJW5NTRO77AQBZA,AHMFYDHJQSNEIQVXXGRBHFN4HIXA,AGDVBHF2VZWQBVPW2LSCWM523PCA,AFHCO46ICGCCZ7HI7WZSESKXHVSA,AFOVQIU4VXRHWZ2ON5VX6DOVPRVQ,AGYOOAFQSB2ESYS42MNEKUCHNQGA,AEMEVA4RPDV7TUZZGW42VEOVSMXQ,AETIV4U656LPL5QIPSWXR2INPE4Q","Amazon Customer,Sanu Menon,Shyam,Anas P V,Amis,Joga sampath Kumar,Mayur Tangsale,Gandharva Purohit",amazon.customer.sanu.menon.shyam.anas.p.440@example.com,5552899153,2023-06-27
"AFG3EU556AXTCQXSTGYD2ACM5H6Q,AF65DDTW2IWXZ4TJJ7ZMVMH7J35A,AF2YGWDQLV72RCMMOSU2FVQCMVTQ,AGGMCQ2FU6ORE3JKL6VUTHPQKZZA,AGJK54UTZLRAIC27TJYRC2FITPNQ,AECA5GYEXI5PM7SREQZXQQBLP5PA,AGVJCBYEOVBLWDFZ42IPRVYU25RQ,AEVPRYZLGHNMEZA5BYGIX36LYZXA","Tanu,THENNARASU,uday,Rohit,Akshat Sharma,pramod b.,deepank Sonwal,Gatij saini",tanu.thennarasu.uday.rohit.akshat.sharma441@example.com,5558848245,2024-09-28
"AFIVMGZO74QYOK7KXVJMFH36PTPA,AEILB3YJC5WD4FNH2SCVAGPRDRBA,AEOCPQRJLJDQSJTXD4NVM6LYDWLA,AFHPT2SC2FCLRFYAXBVAYHGPFA6Q,AHDEBPMFVRVWVX6O4KIOLHJ743AA,AEHTBYQI7XPSICO42RVPPDG6GYAA,AGZFM5HJWJ6EYQ5AKAXM22NAPRLQ,AHFUCGQIN5PXICCP3SSBXKBIMIIQ","A. Dubey,anandmohan,PREM,Daanish Daaivik,A,Amazon Customer,Jitendra padhi,Kritkalp",a.dubey.anandmohan.prem.daanish.daaivik.442@example.com,5559487746,2023-05-19
"AGQT36ICAXRXAG4IXZUULJZIH4XQ,AGKL2QQZYTI6LCC4CDJEGIV3EDUQ,AGFI73CMZKYLOYXJFEQBOGGVTTMA,AELXR5NQFM7D6VMAQLQ75LZKBRQA,AEOFVQUVTVP7AU7TM7IZBXJC3NOA,AHG33QRWJPAIDBY3URAHOVO67T5A,AEWCPYNJLQRK7UW54HDWPA45R6SA,AHLDP6L4GQIF7MJWWMNALXNQXYEQ","Rashmi Joshi,Soumendra Pattanayak,Kumar.katukuri,RAJULAPATI MARUTHI VARA PRASAD RAO,Souvik,Mahendran G,It's Me Swaraj ...,Vijay prajapati",rashmi.joshi.soumendra.pattanayak.kumar.443@example.com,5551132376,2024-08-08
"AGQCLZES57R2QEDXM4F4NYKS4BRA,AES2RGBBQ4M5CIOUC5LSR4XORTPQ,AFKGUUI7MXXMU3IRK4KDHPAP5OCA,AEVJWZ7SNUGFWWIEFQ24USB2IELA,AEZEXVSVIXMOTKZXT4BD2BIIUI7Q,AGOUYRRLNFOWW2P323TXTZI42STQ,AEPC76LBJ62NNNFB3FLLEV6DMZXA,AFBVO5EYL6CDO3PXRSG4MK7X2JXQ","Devendra,TILAK C.,krishnakanth,Nisha,Amazon Customer,Sweet KP,Ahmed Ziyad,Aniruddha M.",devendra.tilak.c.krishnakanth.nisha.amaz444@example.com,5551973025,2024-03-25
"AETHN2CGVNPVX5Y6SAWO6IO7QOEA,AFIZ6OD2C7QAISE7FEEQR4C2NBGQ,AGE43ATINMGDC2ODRZNEM4Q2SEVQ,AE2QGBWD4NHT3VTKAS4TCZY6S7DA,AGKWDNWN4W7YDLRGGLQ2W43GW5AQ,AHPZNS35WCST6ATG2RKUV5UMGU3A,AEETUHPLSOLA55TPPWJWAQ7DZK5A,AFQJDMJNV2HMS7L5OAQRNXKVOVOQ","Selva sibi,Apparao Yarra,priyanshu jha,Ashish Patel,karthickraj,Amazon Customer,Muzammil Parkar,Unknown",selva.sibi.apparao.yarra.priyanshu.jha.a445@example.com,5557584255,2024-03-11
"AGEN4ASYZOLVEWYV3Q2CJR42ZOEQ,AGQMPOU46LE2C4Q5COR7RRACQZ7A,AFDOB6ZOXEPJSTD5TYLQTRXTFSMA,AGDEK4RWKXOP4OS377LV7WQ2O72Q,AELVIMURPMROWIZHRTYGSLXA2SJA,AERMCSAKPLOJGCA3UDMWD3VRR2QA,AHIKZM3LUGBBQKMPY4BSYBCUI6FA,AHUBLOQI56TLETS3LQ3YZIYR5Z5A","Brijesh Kamani,venkatesh.R,Saidur rahaman,Amandeep Singh,Rakshith A Gowda,Jeet darade,Prathap Thavan,Dhinesh Sridhar",brijesh.kamani.venkatesh.r.saidur.rahama446@example.com,5552890053,2024-04-08
"AESKYYTGWJ7VJASMOE6QQUDXSITQ,AH6RJFHNEDVIFN34SEYOWEGNXG5Q,AEE2HCL5QT6A7E3BE2FDJ4OLCSQQ,AEQTCWOCB3X4GQI7K2RBNLVRCCRA,AF5XYEIQYYW2O3NPIGGGE22ZQDSQ,AFX3TRRDLRW7VDIT7AJQ4WFA6FOA,AEQOIDOT2CNMB2L6ZFFZ3KSUWBBQ,AH7IU6PPKPCOBZXCSAJRBQMD4SGA","Kevin Nathan S,Subha,Jatin Raikwar,Sarvesh Yadav,Nilesh Chavhan,Shivam,pawan  kumar,Minal",kevin.nathan.s.subha.jatin.raikwar.sarve447@example.com,5556431829,2024-11-25
"AGKMK57A4J54JG5OUHPMVGGPVUKQ,AGZAT3N2CULLOY47CAPOZIZ4IWEQ,AGDVKUWO3IY3NBBLOGIPEYI7AQGA,AG3GZQUNY2SEAOLYGGMUN36D36HA,AGYVTXWWOOWXGPOCDER3AH6ZTTSA,AF2ESYW7THWXOTQLOYLOR24YMU7A,AGEECPGW53BWDVGR3FIUX54YCUWQ,AEX3W4D5UHGTLDCIO6KWMSD3QYIA","Gopinadh.P,BANDARU SAIDULU,S.Sankaranarayana Iyer,Suneel,Yogesh kumar verma,Vipul Gupta,Amazon Customer,sagar",gopinadh.p.bandaru.saidulu.s.sankaranara448@example.com,5556623980,2023-09-22
"AEHQYGI5L4FFALBMC5XMT5KXSZCA,AGRR24ZLDUPIJY24ZNQ6KIOYPY4A,AHM342MR54IYOKXJGG5MN53GQQDQ,AFOE32RXBAXIE4XHWXU564FUZT5Q,AF4EXZGWO5Y622TNNQ4LPS6LLG5A,AF3VOU2M55QKFJVDQDNOWKFKOBCA,AGXDNBVCES7HTOHR2K4UBUFUAI3A,AH3XUGDVTNMIHGLJDQIRLHEY54HA","Vivek,Anas CA,trivendram pal,ARUN KUMAR G,MOHAMMAD KHALID,Hari Kiran M,vishwajeet kharade,Nehal Jain",vivek.anas.ca.trivendram.pal.arun.kumar.449@example.com,5553657476,2023-08-26
"AH5QYAVG2DRXF32LUKZIPG7KZLDQ,AEHIU6L7VK72RINFPDTI7XSIMD7A,AF6SWZOHDVA3F74K6ATT4UMM7LAQ,AFFHIOWLVWJ4A22EGJX4ME7KQLSQ,AEM4NOAI65UBAADJVTQH7AQUAMRA,AFGXHN54PS4545UIGIHTMWU7OI6Q,AEV5KJYTEDJCSN5KFGKY4DHGZOPQ,AE47RN5UXX2ON7VIYMVW6NBT7PJA","Manish,Tanveer Sayed,Sadhan kumar,Prateek jain,Arun Teja Ganji,Selvaram,Bharat Bhat,Kc m.",manish.tanveer.sayed.sadhan.kumar.pratee450@example.com,5551307589,2023-09-06
"AE6QIRYYQXWBXRANCBNV7UQU3C3Q,AFR73WEZI4S76UC6WTRTOM27ENZQ,AFCBKJAWH4J2UWEUQEGSVYNFT2YA,AFDKMC6DZFM4M7BKRFA4APKCYZHQ,AECLFSQIEBC26S2ZU7FRYDI66W2A,AFTZLBOMSZSCBJ7CK5VXRSA6FGMQ,AH3HKWLRRJWVLWWNSNRI67WU77ZQ,AHMPP4TKEPMV7DE5QB5NSFTTXUPQ","Dhiraj Bansal,Shaikh Mahammad Ali,SHREYASH PATIL,Customer,Gagan BV,Unboxing video by Abananeez,Anshuman,Uday",dhiraj.bansal.shaikh.mahammad.ali.shreya451@example.com,5559318581,2024-12-30
"AGARJN3VAP4E6PQYIF74CDF3W6GA,AEC4ZK2E7SL6RXURSFAQILIAIYHQ,AHP75752OD4FMWOWITYVDF4EJ57Q,AEGZNHJ5ZCSPMTVBUTJZPDEJEGRA,AF2OFWJDSCJNZ4QFIX7VUUCHPURA,AEYL5JRPDTHDBIPN3ZSYS3ZLEK2Q,AECSR4RFQGV6P2PCOA7XPNGGBZQQ,AH7EAYMQGZAZ24G65FHVBLVAJL7Q","Safiya,Archana,S. Yates,Shwetha Shenoy,Sayma Sheikh,Prathiba,Shweta R.,Lisa",safiya.archana.s.yates.shwetha.shenoy.sa452@example.com,5551078901,2023-07-20
"AGASWLGAJEYSNHPWSR74GSDXU5JQ,AGFT22PQSW5ZDJLFLBQLNNFO6I6A,AFBRDCFTMGH6OFKCC7GQQKXBCXKQ,AGQE66MG2AEU3OO5WWLBODZ3DRCQ,AEKU5BEAVUA6QMUPL34NLEFTPXSA,AFWH2VR4TUJFCVLGMLDKY6QHFPSA,AHLVULA55BHT25TPEJKZCCTPM7CA,AGIRX4TLOCUGC4XPUAFPCQ5TLLKA","muhamad s.,Aruna V,Ankush Jindal,SJ,Ronak,Devesh Bhargava,lokesh kashyap,Suraj Rajpoot",muhamad.s.aruna.v.ankush.jindal.sj.ronak453@example.com,5555114953,2023-01-27
"AE3GJ4N2G2K4Q6JXYPIQSH4344CQ,AFJMCZWWZZF4HZYT5QLSXG4AKOTQ,AGGORGEJT3XXWXUJNZJNW2L6UZAQ,AENODPH3RWTEZMADDI7ZXXD5UBLQ,AEJQ7NWZITDPI44AMIPQPK7DQLCQ,AGJRVDXBXRIIRR3G7HCF5CR6XDSA,AGU4IMQTKDZTL6IFTDNG3D5CQO6A,AGKXGJ5QRZFNVZ3MKY7PHAOMT5LA","Dhirendar,Chris Fernandes,DHRITIMAN ROY,Atesham,biswaboka,Amazon Customer,Amazon Customer,Amazon Customer",dhirendar.chris.fernandes.dhritiman.roy.454@example.com,5553606930,2024-01-27
"AGCWHOWHOTWSN4J2TFAXUEZZUBXQ,AF7COMJXY3YJUCEUEC67ZFJ5H4XQ,AGLEJTZLEMONKAC3DV6ZVJKNFQQA,AGXSNJ34NKC5WUWNLAPAUMTDOI2A,AFVHJSKGY45HGBLZAUIWDMNEXFPQ,AEH5PKQJMHETBOTMVZZU77XAOPHQ,AFPFHOITRATHZVILCGAOACZDXBGQ,AGJVNXCQNOHPS72LI4265DJ6TQQA","V.W.,Nitin desai,Amazon Customer,Kaushallya Devi,ANIKET HAGAWANE,Monu,Vaibhav Pathak,abhishek paderiya",v.w.nitin.desai.amazon.customer.kaushall455@example.com,5555169534,2024-04-26
"AH3XZBFRJ3T2YATYJK2CNTCARCCQ,AF2NVFDYXGX2BT7EPAUN7WYN3TDQ,AEVRTZ6HVKKV5CVX5XBW4QQLY3NA,AH3I5Z4W5KIRTITFSOBDBDSA23SQ,AG2DKHTMNEVMFCTBVNTH6NRRKTMA,AFDJVKMG73WAOX2CNN3VTFIT76UA,AHFPVRVDCUBDIONDU5U2DAT4CVJA,AHVSH7O4J2LW4S3YH4M76PPPVLSA","Mukesh Maurya,Gyan Dixit,SUNIL C,Ddp,Swapnil G.,Adriel Shony Rappai,LOKESH kumar,Vikas Goyal",mukesh.maurya.gyan.dixit.sunil.c.ddp.swa456@example.com,5552978200,2024-03-08
"AHDNZMNGM6UT4M2VPRPLZ7EBWCOQ,AFI2AGCYNXV2A3SKAJRTFFX65HFQ,AEPIRPEEOWBOSQVYCEWRUCZJFSAQ,AFVP63GD2YFUXERJWKNLUY3NZSKQ,AGFEBW3IPRHJNCKQUJTJQ2GBB3RQ,AHWNQOAOX5D633L5V54NRQBS6BIQ,AEKO2ZDDNGZ4CMORVWODMHM7LD5A,AHJUIXMUINDDJJDLRFHQSHGLBSTQ","Jojo Dominic,Anshi tiwari,Rickz,Mehbub Alam,Joban,Ambika N,SHT GAMER,Amit Singh",jojo.dominic.anshi.tiwari.rickz.mehbub.a457@example.com,5556897974,2024-01-23
"AH2OGGTXFZ6MSSCZB7IRRZPFOJLA,AFV6NBHT64FRQA3KRITDIU3M7NNA,AHIKT4WX23GNGZCH5KEHHVFYZYMQ,AGQXGHRFNHL3Q7C3YGA7SESRJBRQ,AHHURWLAWRA76F6ZD3SQ2LZ5PYVA,AFI3GFCFBOM4G6QGUKQKOZYO4BGQ,AFF57GWUKTC6BV7TNG2LEFWDVRQA,AGJBCJZIXDHRCB2E2W6LKVZRPKTQ","Avnish Kshirsagar,Vivek kumar,CH.Mahesh Sai Kumar,Sornnaluxmi,Sajith saji,Milan Gelani,Vishwanath Agarwal,Trendzer India",avnish.kshirsagar.vivek.kumar.ch.mahesh.458@example.com,5551775832,2024-01-18
"AGQOIAAECVPLYNBEMZOCS6GKZWDA,AHGAVBUAPBB646EUCPJNUADKTLAA,AHG4ON6JILVZZJIB7VNEWDGQSMZA,AEOMSGRZI2GBBBATYNQ2IXWGXWGQ,AGLEATI6IBYVUFPSA2LAFAVI4ERA,AEAEURMVDILS5FIOXHO3U5UK7GCA,AF65ARGLPJKDMEKC4YE6J6TTE3GQ,AEJULQXD34VV2C2AACLTB44MWEXA","Reetu Solanki,Amazon_user,AniS,karun,Chandrajit poria,ViswanthAmazon,Prabhakaran Ramu,Biplab Bose",reetu.solanki.amazon.user.anis.karun.cha459@example.com,5557254179,2023-07-31
"AGT57G75IGN5AEBU77WPGOUYZMVA,AHQGD54SLGLEGF2NDJAG3O7QOWJQ,AEUM5B25NOTCU5KDYMVAOBN5Y5FQ,AG6U536CQCCXIUB2KAMNSXV6FDRQ,AHLOOYOSGEO7R4A24UBQVT4UM2JA,AG2Q3W62IHB6PTZ2ZP3W2MI3EN3Q,AFQSUGIEHJ6OAZVRT6AUSLC7DJ2A,AGBEQ2VS3TLOX5JYXV47BERXYWSA","Shraddha,Ravibaskar,Pramod,Amazon Customer,Amazon Customer,Amazon Customer,sumit pant,yashasvi",shraddha.ravibaskar.pramod.amazon.custom460@example.com,5554709271,2023-08-01
"AFZQFX2T6G3DRQ5VN2RLQHKHN7OQ,AEWQ6I7BKVHK5FWMLUNE7WL225TA,AETG7JHK5RW3AFEYCBDANJNOWWGA,AHPF2D5RYZ5QDJZFGDKRPRL36Q5A,AH65VYWK4QUJQPLHAIBZ2PIVQ5WA,AGLMDXIDTQ6JHLKTJF7S2CD3PFJA,AHSCYYDMRKGSS34SATRXSBNFPLSQ,AHYPBUOGDWIPQZHL5OKLHPXJB2SA","Pratyush,Karan G.,Aditya kamble,Akshay M.,Sunanio13,Anupam,Jitendra Rajput,KISHORE THOLANA",pratyush.karan.g.aditya.kamble.akshay.m.461@example.com,5552603188,2023-02-18
"AEKZNJLC7X57UF3F4STP3GSIIGJA,AGPESHJAGFFNOORA77CESB7XBDDQ,AFP6VTPJTBO2PC47S433EJWP6MDQ,AFVTXEYL44JFAYLMKFO7RGRQGKNA,AF62IKENODH7IRC3TVNOMP4PN2NQ,AEPPS42KFYOB2D4EZGAE4DDSL2EA,AE2YPAMPW3WE3EY6YUGZTOVDZMEQ,AEAGP3KMHVFRPDKOR7TNLXYAKA6A","Ananthu,Dheeraj Krishnan,Rani D.,Nasim,Anupma Goswami,Relesh Dewangan,Aadarsh,Shubham band",ananthu.dheeraj.krishnan.rani.d.nasim.an462@example.com,5551328070,2024-09-13
"AHMAO37N3VRBQR5QXRATTM75KHAQ,AHQ7LIIQZN6O7YA3EYZ7SV2RIYFQ,AHMX2NZBM45ZRMYJIJGGTCHNYC6Q,AGN7DFBGDAM7NRQN6WGIZDOATS3A,AGGZJWNAT4VKG3N7PB5HVNY2GTHA,AGRESPYD37LHSEATHKCG4ED3A6SQ,AFQABEOYWJJP6XUPWCJNZ6DTPTFQ,AF2EHSXFZWWS2YEN22DV2ZCJDZZA","Kishor Patro,NOORUL RILWAN,Amazon Customer,Surjith k v,Khushbu,Anand Nishad,Sunidhi,Mwnzil brahma",kishor.patro.noorul.rilwan.amazon.custom463@example.com,5553835867,2023-01-08
"AES4PVTQ4WEANJ2E2HOJNVVBGQNQ,AGU4YJLPDKSSANW5PJMTKRAB4TYQ,AFYMT7DOR34UG7SPECITTIOGLASA,AFOCWD5SWSKUUTLBP667KT6PGKOA,AHSXXQ7JVBY3HIPIGY2EGEL37PKQ,AGZUR76DGC2434JZIPVNBWTDRIKQ,AFOBPWQSTMENPV7ZC2SSKSXWFQ2Q,AE3FF4SDT3KWMHGTK4ENKBTY7M6Q","vasanth,Hemant Ghengat,Gopal,ANUKUMAR S L,Manoj Kumar,Habs,Abdul,Farha",vasanth.hemant.ghengat.gopal.anukumar.s.464@example.com,5556921920,2023-01-23
"AHJRPRAXBOIRLYMCRQ4HCACPXDVQ,AH5G5ENXXWLJAEJMD2DGGVVWCXKQ,AEZRJAZOI4QT6FMFJMPVMZEEBGIA,AF7HCYB2DO4LPCOGY4TBL6SW5QXA,AFPF5JNNNSYW22R7HPGXZGZCWJOQ,AELR5MHP3LFLHR2IFMRE3FCQIHZQ,AE6APMY2U2SCCZYPIQWLII3GJGDA,AGYT72RKZLBSL7IRSVJXQNKHJOKQ","Sagarjit,balvant ghanekar,rohit,NATESA PILLAI RAJARAMAN,abhilash,Vikas Shukla,Lucifer,chandran",sagarjit.balvant.ghanekar.rohit.natesa.p465@example.com,5551468425,2024-08-07
"AFD574B3LT7V3OO5CRMLVYUWVDLQ,AH7GUHDHH6BRJQAKZSWN2SRQGC3A,AG6YFIPWZK7TFOKVJJTYNM25TCUQ,AHLAXX7RIGY6XLKCS5X3RRIMJMHA,AHVG34735ZFEUTFNWTE3CN6DUPOA,AGWB4RQND75EY257QYGB2MPW655Q,AFHTTR3AJAXNL2L2DCMTWPIBZELQ,AGQ7HOUDA7K64AQCEWQCKTRE2X2Q","Saikat Chakravorty,Rajasekar K,Sankar Ganesh,Sivakumar K,Ritu Singh,Subrata,Bishwa paul,amazon user",saikat.chakravorty.rajasekar.k.sankar.ga466@example.com,5553746721,2024-12-19
"AFEDVL6QIKT4RDYRHGMUZAU2JSQQ,AHQQOEE4QQIMIDYPNWVDHOJKSHFQ,AHTMLMISSWFEKD2NMUHWQEZIQYFA,AGMI265U3VU5FUCE4AIUVKPIECJA,AEX4YXQCRJ7VNPCMPBWKL52L37JA,AEYY4VXTPNYVKYAOEBWGAWONPIDA,AGKQDWDU5LWC5OCTKCXLET7EJENQ,AEAQ7J2ZTABMBDMZHCHUBIMR3RHA","Sandeep K.,Prabha Pandey,Atif,Rahul R,Mukesh vaishnav,Adnan,Aniket,Shivam Rajput",sandeep.k.prabha.pandey.atif.rahul.r.muk467@example.com,5559137988,2024-03-04
"AHUXD3GCY22BRMQLWN5ZEB3TGGAA,AEPHHPGRU3LZVJ3GOQ6HX5WSLUJQ,AHXQZN3N55YAWSIZRNKHRWEQ5XZA,AGKQIHXOMAM6DN7XIUVFFHL554LQ,AF76YQ4VNWMTEZXSFQDAICDLYFXQ,AHHF6TY4V2LICXXBWSKTTCUWRGAA,AE3Y3RIVJMUAJO2ABMM6V7I5V7QQ,AFGC6EORGDR3Y2COS4G5WRLHLPNQ","Pranav Pacholee,Divakar,ANUDEEP KUMAR SINGH,Lathip,Abhijeet Banerjee,ADINARAYANA,Rishi shukla,Dadu saikia",pranav.pacholee.divakar.anudeep.kumar.si468@example.com,5557658796,2024-06-02
"AH3MVZYHGOVNKO5T5EWVT4HK6M7A,AEDGEVRXRPJZOKCKYHPSRPYFIDZA,AG5ZMUHXVOUVN5BBEDWNN56JLUVA,AF3QHAZ5V36AO5PE6AQGFZZSDCCQ,AFCLK65T5NMGQV7RXN3QJTOYNTNA,AHHZ7KJRSXG4SOCT5CYSHO3DWDMA,AEWZXQYKDB6JJD653R4I3TOIJXHQ,AEWMRL2WQK2553OVVG4CKRWSNYHA","Malik,Anil reddy,Sunil,Swamy,Athish,Vasanth Kumar U,T.Srinivasa rao,Jay Ravasa",malik.anil.reddy.sunil.swamy.athish.vasa469@example.com,5551838146,2024-10-21
"AGXE6V4HYRRDGH33H3NE7PGF4D4Q,AFDW67WRZ2IJI7LQQP47LWZJHHUA,AFQVWAIJE5R6L6CSOOEAZ4SB4LNA,AEY3BCCYNITGIMQHCNTZIYDPA77Q,AEIYOPETQ6QHPCWMGJIFDTC5FQIA,AFBICVVDSWHTB37XUM72SGTRRL5Q,AFPMPHWQ374TQ7ZCW3RUEVPQLVSA,AGAGJNDYID4G47KUQZVTWOGT55JA","soma sekhar,Shreeg91,Jagadish,Zinal Bhatt,Amazon Customer,Ashutosh,Madhura,Dineshkumar",soma.sekhar.shreeg91.jagadish.zinal.bhat470@example.com,5555798480,2024-02-28
"AEZPNXZLF5U7XEX6TOW3J56C3XDA,AGG3ECGCIKNPZJEVJKMFI24VBSCQ,AHJWICC6V4BPVHNSGZ3FCIC4KUBQ,AF3SNGFXLO2ONOHN3SHCJZMEWYFQ,AHTBWFIYIZUPOLJC7KOWKDPK4PGQ,AGNE5T4E7SEMJUDM4COI6JBNJQBQ,AFMW4FWA573DFJ2FLM5SVSJ2RABA,AFMZYKMUK4P6MPASSKTR6OB22Y2A","Amita,Ganesh,zhiv,Sarasij Pal,ज्ञानेंद्र सिंह,Ehsan Ul Haq,Venkatesan,Khimanand",amita.ganesh.zhiv.sarasij.pal.ehsan.ul.h471@example.com,5556973878,2023-07-30
"AG7XUAMM5BZSSPCBAQJ3YGYSIPXA,AGS6JTKZGW3L2TCNL3ERIOHLMCGQ,AFI4YPCZQHDV6ZO7ZJS4IEGDMNMA,AH7WGTWJ5AZHJIATOQGSXBUJ5ENA,AEQVMOXFRHZEVVSM4JNAJ7T3UHPA,AFC5NBFKNTHLIZE4PFLSCEIUHAYQ,AHWWTEG22SBYSSAAMFW4EKBWFJ2Q,AHZS47WK6D5XJ6FS6DINGACMRQKQ","Divya Nancy,Jay Mishra,Md Kalim,Saktyy,Venkat goud,Amazon Customer,Rahul Guha,Murugan",divya.nancy.jay.mishra.md.kalim.saktyy.v472@example.com,5551064777,2023-01-02
"AEQGYJXCSCCNZSPU6KO2ROAMEJXA,AFAXMU7HOTIJ56JF2AK52OFSTR5A,AEDN6ICRLDC6CVKYHK3F5747TF7Q,AEDKALHSURZRICZ2LRUS4QMUGK5A,AHG53EP2KNCQJLYG56QPMWGNY3MA,AF2C67JL7AXARCQIW5JJGKTMIWQQ,AGPWV7WDFN56ZITTHJJTONXPBBGA,AGDVP275BZYGQLMEGEB3RSVZUS2Q","Genuine Reviewer,Rajib Barman,Jhala Digvijaysinh Pravinsinh,sunil,Jayashree,Mohammed Saleem,Daljeet Dahiya,Ujjawal Singh",genuine.reviewer.rajib.barman.jhala.digv473@example.com,5551377783,2024-11-29
"AFMBNWKA4H7GP6PAHPYY25A6Z4HQ,AGMBVEO4J5JYGUM6X5INZMD4FRRQ,AHKQXI6UBPLTL65RPYN7PJ24ELLA,AGWRIXDLH7IBOX4O6L3MW66IJJPQ,AHPV4OCEUB4DZDFNOPHTRE4FHN5A,AG4PTAEZKGTC4UKZX5RSZKK32JIA,AHPD7DFCKP7UFYA4KRGXU3BLR7DQ,AHSUCDSAY4VEIJ3KL6M7NSFL2W3A","ram,Abhishek kumar,Syeeda Naseera,Mudit Sobti,Amazon Customer,Beljo kodiyan,santosh giri,Manish Gupta",ram.abhishek.kumar.syeeda.naseera.mudit.474@example.com,5558897508,2023-03-31
"AEZRH2UWC5CQXUVLFUEAYAPXDFGQ,AEVMIO4NTG5PTXCPYF3BTUXZ66PQ,AF4JRMMORST2B2X2W6XBRMWNKZ5Q,AHCUDG4P7CG35HNQJUAAVOYPZ4WQ,AGA5GE5IJRW4L4BHWDNC5BFS4UUQ,AHLUETN2P3TVLZUYVNMSIJ3GVVPA,AGLKQIVDJLMLUZ5MP3HOO7CDT6DA,AEQPH4WG6ITTFAJPV2MAS6SL46IQ","Hariom Mishra,Vikas yadav,Santosh Chauhan,SIDDHARTH A.,Dhananjay,amitosh biswas,tpcgupta,Dan",hariom.mishra.vikas.yadav.santosh.chauha475@example.com,5555175092,2023-12-23
"AHPKWPXNLGMP6BBOUC3MKMDWBIDA,AGMBJC7TRKMW6NZEZ3MPTBCTYQAA,AGMR74PGVNG5IU7X25GJGDAT63TA,AEEVP6GP6VPJ3DKV2WCQZXRYF4NA,AGBCEE2BSSGUDXRORMHMYUZVK6LQ,AEVNRR2MLSJBNKXZWO5FKQSJA6MA,AEJRNRKY5EAXSJJK4Y42EIHW7CIQ,AHSUVTV6XML6IBKSEU3PV37SNICA","Rahil,Swapnil s.,HIREN PARMAR,Khushi sharma,Chetankumarkanthi,Vaibhav Goel,Joen Joy,Vishal Ghadage",rahil.swapnil.s.hiren.parmar.khushi.shar476@example.com,5554743769,2024-06-24
"AEEYJCTR44VPW4DW537EAZHK5CPQ,AGHDZUKPZDC4HH2GVGDOBXWU4D3Q,AFM7R5JRUEXGKULZMOOZCS2DWRIQ,AFDEGSSFTG26ISJWFNZXKO5VINOA,AFLJZDGN73GMYGJB4HNT2CXBEDIA,AHSPJR6ZDZZBC7PN5ENIUNZ637NA,AHGZYHF5ZRYSA3NOF7NFU4AHW2ZA,AFQ563OKBUIIL2NHNPXX7KRKPYVQ","Kshitij,UMAKANTA SASMAL,Deepak Kumar Singh,Anand Raj A,Shiv SV,Takreem R.,Anupam B.,Durgaprasad",kshitij.umakanta.sasmal.deepak.kumar.sin477@example.com,5551416180,2024-05-07
"AF3GETWWBGMLASY2KKNNBS2VO6DQ,AEZPNXZLF5U7XEX6TOW3J56C3XDA,AF772O5YC4ZR6O2Y4VMIWTWEZMPA,AECNKBFNUZ5AY4RLJIYQOHMMKQVA,AH7MHPNMOPCXJHV56ITYG5BNCVNA,AGVVJUVII5T3HT6O5F7YHQNOXCPA,AGEDNYHQPV3GSF7ZKA3WWGDLKGGQ,AEDVHCTFRSHLBEEGFK3H45GATQFA","Anirban B.,Amita,Ayushi Raj,Neeraj Rawat,Salma,Certified buyer,Ayush,S.Balasubramanian",anirban.b.amita.ayushi.raj.neeraj.rawat.478@example.com,5554478210,2023-01-18
"AEDZXGGZW3ZS22XINYAPXX347GKA,AGGIQC3X6SACWMNN7EQANQMS36IA,AEJHA2E6YBI635Q3AKE2QNBOM24Q,AHBXRBDR7QC3GHIMO3KBIIA4U26Q,AHVNWCICNY3UEAX4JMSJGPQNPVRA,AG7KWVG7HMZOHCIDXRJ7KARTAFQQ,AGU4QDN3LU25GWIUH3PQUSSGODPQ,AFL5ZDARQ6ARU2TN3RCY7KFBJBZA","Wajiha,Gaurav Choudhary,Kenil,Indrajeet kumar Sinha,Dishant Mann,Rizwan,Srikrishna,PRASAD ALPE",wajiha.gaurav.choudhary.kenil.indrajeet.479@example.com,5553480912,2024-06-20
"AE3PTJFRVU3YM5YFYN3ICDA5X6FA,AGF5DMXE65QXZPJX6BJANVMCGHGQ,AE5VM7Y43HENV5JBN7JB4LCDHO4A,AHBWFF4SD5LBHN6R3W43JNZW4A2A,AGSOXL3BMIL55ANW7OYCFRBWUGEQ,AEY7GHROFM3MCCHU6VOU5GAUQNCQ,AE6ELRMJIUHC3CN34MMM7JRL5RBA,AHDXDGROQRENYUGOZNF4LBVDF73Q","Rameez Khan,Sidhdharth,Daljeet Singh kang,Ram Gopal Kushwah,Amazon Customer,Amazon_Customer DN,Shahul Hameed,Niraj K.",rameez.khan.sidhdharth.daljeet.singh.kan480@example.com,5552855540,2023-02-02
"AFWDV7TXGNYDA54LFNRDRJBTBH4A,AFEPCSTHZXN35QN2NFRS6X54AFQA,AGZEBZMUHSRT37TWDJQAIFK7R7NQ,AFRSTB6WTL3CEY6EHWNZYGP7F5IQ,AFXYRRVG6WFFNONQ2DGVUOCPP2TQ,AFGHPNJCPTG3GN4WG2YTPWNFYPHA,AGKAIBTFKDPPNNZ22TC34TRNBNMQ,AFJJH654JT5YBKS72KDWAOPPCZPA","Alif Rahaman,Mahesh Sargasree,Simranjeet Singh,Sanu Ghosh,Angad,Vyshnav,Shankar tonne,prakash",alif.rahaman.mahesh.sargasree.simranjeet481@example.com,5553799940,2024-09-20
"AGO7FWIRBIVDDEAYX2UI6DP4G6GA,AGSJBU7AZR5BNW5HGXFDNH76SNWQ,AELVWGIYLMQUY65GUKSUJYVXRODA,AGSZBM525VC5PTNWEZC6I5CTH66Q,AGQDGNLHK6VLEZF33POQLAQ6NNSA,AG76GICZHJGA7YVN4TORX36ONVYA,AH42ECAG6LPCU22T5BYN5OXQO74A,AGHDZUKPZDC4HH2GVGDOBXWU4D3Q","Noble P Mathew,Rahul,SINGH,Edwin axel,Siddharth Gupta,Deepak,SOURAV DAS,UMAKANTA SASMAL",noble.p.mathew.rahul.singh.edwin.axel.si482@example.com,5555517140,2023-12-28
"AHOXZCFLXIOIPGI7DXYFAI2644UQ,AERATALW2RRDMFXI77X4JJBT23RA,AFCKOCN7FG2KC4PCZZUORJFFGEJA,AHWQSD5JHCOHW7JYN7F52ABQCJQA,AFAVZL5OGYPPWWRW6TJ7XTEHPVFA,AGKSU4ZSIR6TKLSZKM3IHFEH3FZQ,AFPXTEAIUHCMFSNSGOL4CREXR4PQ,AH4TEK5IQCC2BSF2KSQNKQEXAPLA","Arun,Muneeb,Jatin,Gangadhar,Rohael saifi,Amazon Customer,Amezing books jordar.v.mc,Ramamoorthy",arun.muneeb.jatin.gangadhar.rohael.saifi483@example.com,5553532172,2023-12-24
"AHECNVXSW6REC5TOGBH6OJXIBL4A,AFWAX2O5B5I36ESHPOWZKN25BYPA,AHSDH2Q4Q2QSUYUGEAGPIR22MT7Q,AFSJOIQSSLDDJPOWX3DDKXDA6T5A,AF7YEBOIUIR3AWM2L4PCV2MCTUOA,AGUXZXNTCLWNP7Y5QA2KYEJLBMKA,AGBT7W456GGMVOR73SNSIGLSK5DQ,AGYF2BCD5W756VOY2V5HJQCX4H4A","Ankita Dwivedi,Malathi Alunkar,Shubham♎,Oishi Basak,Vikram Sen,Dhananjay Sevalkar,Manohar salave,Kareti Naveen",ankita.dwivedi.malathi.alunkar.shubham.o484@example.com,5554723083,2023-11-19
"AGO5SRT3ESLNL5WTRQFD5BSIYPQA,AGGNODUMRADB3PQQTLA3U7UKYEWA,AHOUPKNSFRTL4F3KLBXFMEFJSKUA,AE2BXTBQXZ54NAE4NYNFSBR2WREA,AFC3FFC5PKFF5PMA52S3VCHOZ5FQ,AFVUO24OGRVCE6Y7NXYDIOQZONCA,AFJGD6THKLQUOW46YHUM7RY2IPJQ,AEXCIDSOW3GVBORUKET6SP7RJ2PQ","Naga Sai Gadagottu,Neha Sharma,Amazon Customer,Ankita singh,S.ARUMUGAM,Umesh,Vasudeva,Krishna Chavan",naga.sai.gadagottu.neha.sharma.amazon.cu485@example.com,5557167868,2023-09-13
"AHCS34T4DOHWPNKZ2G3W76AITIKA,AGEMHG7WVU23NHOM3FGBFUDR4U2Q,AGCOAUC6ORUPLX2ZZZQR5HD3HGHA,AHO4LKHLICKCC2UKDNIAITWMGBJA,AGU4OVT7IYKSJIBKTMGCTB6DYUOA,AG6JGUFT2AOXWJS7UIOZBRYVE7VA,AFUES4NRZYASSBOKEIWJLHRO7CPA,AHDATOMH7HPV57Q6UFWUI47QEQ5Q","Hrishikesh,Mir Manzoor,Hanumathkumar,Amazon Customer,Gerry B,Yamini,Christin Sebastian,DIMPLE BATRA",hrishikesh.mir.manzoor.hanumathkumar.ama486@example.com,5558763711,2023-09-26
"AE4XKNCRFDT42UVC2DCKMIXW4MVQ,AFF4VJIKK6EL5VW7Z7QZGE2JAG6Q,AEV7WXLS2DB6RQA4TZIZ3A3E5L3Q,AGQUCM3GAU6HWOILIQRBR73AAR6A,AFRRHZVMJ63DSEXGYKGIGH7QJYJQ,AE5B4IQUTNKHTVKOPXPIZF7BSVCQ,AHQTD5TF5VW5IPOSAGIZ7VYFB66A,AFHJSGFTBH6DO62VXXNYJWTRC5JA","kishorekr,Anil.c,Abhishek B.,Ashutosh Bhagwat,Sandeep,Shivdev Singh Dhanjal,Avinash,Ankur Singh",kishorekr.anil.c.abhishek.b.ashutosh.bha487@example.com,5559665199,2024-07-08
"AEACCLBAYRCRJLUMTQVS5JSOYYVA,AEBFS3LI626ABZMQMQQZAVCZMSEA,AEPNFXQVCUUGVV74K5KGJEIGCBMA,AE7YHD67JEECIX3IESFI44QL4HNQ,AFCCTAOXYH2XQNESLRQRH72G27ZQ,AGSVOGYYWRHJDZKU3MCFFYIPEVWQ,AGWVUW6YRWVQ3III5WXH7X4RE4DA,AHEH2QAVUEPNGB7EQJJWPYAOCAAQ","Joel Thomas,Joy Ghosh,Amazon Customer,Pıŋkɘsh Goʋɽ,Deepak Kanwaliya,AVINEESH,anoop tiwari,Kumud Prajapati",joel.thomas.joy.ghosh.amazon.customer.p.488@example.com,5557156652,2023-01-23
"AG2X6MXVRQJD5VE7SYKNUNWVOQRQ,AHHZNQQE76XX2RN65TJO57ZXDDLQ,AGQ36NZXZMWU5W2JFXIK5GCM4MUA,AFBV4HQOSFPQYP63ELMOYRE32V6A,AH6SINCM4KQ3L4MEBRPK3MNHX6HA,AHSLNF7XKYX4LHL3JCCWY2KKNEAA,AGNSJO5LAO5FKSHPW3UDKZQLPONQ,AGSA37ZLXWHMSL74K3NMUHKGHWXA","Satya Sai Behera,Ashwanth G Kumar,Chetan,Shefali agarwal,Amazon Customer,ANIL G.,Rishi,Abishek kb",satya.sai.behera.ashwanth.g.kumar.chetan489@example.com,5552697836,2023-12-18
"AENFXWHBX7R7PZG2Q67PXLFGPHAQ,AESZWZDE27MOGUHBRLCLXLVPGAFQ,AG4UQP4EKBXW3ZFQFIEGYNY2UHWQ,AFOLBZKWUZVF4PQ33ISHI3DEFDUA,AFV6VAGYLU35VYPDF7TN4ZJOCTWA,AGA4MZI3ZKNPYUXSJ5OHUNI7EJPA,AFJCL4S4SSCDXKTSMZJQ7DWNWQBA,AFRUA3JDKXTUMZLL7DF6FA632JVQ","Ghazal,Vishwajeet,PREETI RAWAT,Karthi,Punjal s.,Anjali,Amazon Customer,jezz.ralte",ghazal.vishwajeet.preeti.rawat.karthi.pu490@example.com,5552919672,2023-03-01
"AHVAI77H64YMRRMLITKJ5FPYALPQ,AGRSF3JCWR3L4M2GULFI4A4KCZKA,AGBRAMADVM5J4BNY7O4WWXMTYEBA,AHX5AFYII54YJY4XSBZU3HV2PN2A,AFTD5SG4EQFZYMU5MFGH4URN6PKQ,AEESPVBBOGON4LQB5OV3CCXNRKJQ,AG4FDTJABUWBNHOQZ6CDMPEV5VFA,AE637NV55PORSWGNKW547AAOV3VA","Nidhi,Nilanko Halder,Seenu,Daring Darcy,Vivek L.,Arpan Seth,Rajiv Ratta,MUKUL",nidhi.nilanko.halder.seenu.daring.darcy.491@example.com,5552868313,2023-06-26
"AEPLUJYB5UT2XVP7A2NSNSCOCVLA,AEM3SCJOCJZZLGUXTB75C57SOVNQ,AEBRBDIZFIWDBOXITGLYRRSVZBTA,AF3GJDKWGWNKAWFJPJWX5GB75VHQ,AGCDYE3ROZ5D6RN2F6OGXL4I72RA,AEXQ4SRRBRCQ6ZBY2R2Y3FP7YCFA,AF6ME2VTJURUMEZJMGCC27XEYDPA,AGFPWV2V26QRXMWUSTSGYQRVLW4Q","Kshitij D.,gaurav agarwal,Brijnandan Singh,Div j,Sarath Ramesh,Yatindra A.,RINKAL PATEL,Kumaresan",kshitij.d.gaurav.agarwal.brijnandan.sing492@example.com,5552233857,2023-05-22
"AHLPMR4VVPOQ2YOHBFOZ55D7OUVQ,AFXQR65B2ONAPVNIFV6RMMJXATAQ,AHKIW5FEJBZVHD4MH7LBRDKXFJTA,AE4XZRBGX3OYZRK6X25BK6UW7KPA,AFA2RHFCGLLADX2Y6VEUWDGJZPNA,AFTW5AE7RXGZCZGGGE5CIVC6ODMQ,AH3VCCMOSINF7Z5TWDQPIJTI7LNA,AHQQ5CAMLDWCOYQLE46VT6DT7T6A","Achint,Anish,bhomick bhaskar,Sumit,Des Raj,Amazon Customer,Gursimranpallah,Amit Ahluwalia",achint.anish.bhomick.bhaskar.sumit.des.r493@example.com,5554308524,2023-11-23
"AFPSD5MVTPICFIXY5LKKTXSG7ZEA,AGJBM3XS26DC7YAEKR4MCLGOYVBA,AEZQUPHUINOCTERMXT3HOTVPLYGQ,AFSBPCLAH6PSYUW2CO7D3SLAZDXQ,AH6XCAUGFE76YB4KK6DPMXFQJFGA,AGFWFWJXJOOOZJGBRVWUFFHZVMVQ,AGKJJHQERUQMMSYWWDLXSY5VNH7A,AFXICPXB4TFIKV3SCE3LBN5W5QCQ","Aadi Injal,A RAMU,S.S.Sohi,Shaifali M.,Mahesh Kumar,Shubham shukla,Rahul,Vimal Raj",aadi.injal.a.ramu.s.s.sohi.shaifali.m.ma494@example.com,5556739562,2024-12-19
"AFFSKDBFEU4DW4HMBLQ52IQXBHZA,AF6PMNNWP4CSP7MYSQ6UMLKNRUJQ,AEMSMWVWDYLWF3I3SCHPJPDTS5QQ,AGTCJJ32K5W5TMGLW3ZYSCOMHWVA,AGAO5NDUOORFZEJW3M27SHMV4IVA,AG4QLX5GRMA774DI4ZA6VHAWPXGA,AG4ZT4XUVYDG34W6WLOXQPYYMX2Q,AFG4YVV6ZDOXBWVY4WW7EZ7FABJQ","Amazon Customer,Viswas Reniguntla,Shreyas mc,KARAN,vishnu pareek,Sinu,Rohan Magar,Gokul",amazon.customer.viswas.reniguntla.shreya495@example.com,5554933763,2024-02-13
"AEKLUZARDMPMWERNPZFR6JD3BYBA,AFZLO4JX4Y2XDISGVAWMFE4GIZZA,AFGENKSKOZGTS6YYL5CYWKMV5MCA,AF4XQLEHSE3N5EXHAFITQTURTKUA,AEOHSSPCLSTWA4MAPWJJLJHSJDMQ,AFWL3FG6OEIIFL3TUJIB76DXYWXQ,AEUYQQW6ZI6DK2MJQTX2O7SNRENA,AHCEHLGVT3XPNMBLTOFSQRRZ3ZTQ","Mr. Nøbødy,Muzammil Khan,Nitish kumar,Yatharth Patil,Sathish,Alpesh Rathva,Suman R,virtual",mr.n.b.dy.muzammil.khan.nitish.kumar.yat496@example.com,5555459588,2023-12-02
"AEJGZNKM5ZGH6UY2YX537NWNWYDQ,AGZGGK6OUCCSLXO34PHT72EFVDQA,AERTNA7V2HRIEPGANADEJFCY524Q,AHXQK2APPFORQPV6E43FW2W6DVVQ,AEMKH7NSGFU5YGYOC54RHG54WHXQ,AEITY7VD7DALKLQUEG6PFVIR4OIQ,AFUAADADBTTU3YB2FUJQC3C6IEBQ,AH7F7ZZ6T36PJAYQ5CEN62XKFPMA","Ravi Kumar s/o Devraj,anil-kumar,Soumith,Drew Arsenic,Jigar,Tamanna,H.N.GNANESH,Mihir Bhatti",ravi.kumar.s.o.devraj.anil.kumar.soumith497@example.com,5557625829,2023-06-23
"AFGPLYW6L6FYUGQDND7QGCRL2H2Q,AE3W6H2PP2KKMVEDIF4Z2RANULGA,AFERB3TDE3HAUIGGRZAO7LNF7SYA,AEC6SV7YUF3HQVEMSZOXIOJORZ2Q,AHHQF6UWD53IPS32OWDH7PX3LWWA,AEWG4B4DLLS74A5D5D2WYKSH4ZNA,AFYPBI2BVOVJGI2FTGVRG7IPNYTA,AFIOILAIZXRGBCG63U6QWKUJUL6Q","suraj,Bharanidhar,S.B.Vignesh,Srikanth GR,Hari,Shashi,Palanivel raja N,Pavan Singh",suraj.bharanidhar.s.b.vignesh.srikanth.g498@example.com,5559875266,2023-02-20
"AFQ44B5ISCXUWKFHZL7HTRTYWZKA,AF3IECP2JCTQZRF55RNIHBLIVL2A,AFLK6ZRFGVUE3QE7RXQXHDOPPJUQ,AFPXGO2U6B5RAACITVCFJZEUNRKQ,AEQRAZQWNHPRGHNIFYNEIKPYOH6A,AE54CJI2T5ADE7M3QPQN7LC7ECTA,AGMN7AH7PCCN7UGWGCPJQLH2SWWA,AEAATGPU3JDB35QPGDBHURZCAH2A","Bhuwaneshwar kathlane,Jainit mukeshbhai Chauhan,Mahesh prajapati,Sonu Kumar,narender,Rajkumar jain,Bani panda,Dhiraj Tiwari",bhuwaneshwar.kathlane.jainit.mukeshbhai.499@example.com,5559373506,2024-05-11
"AE35OI7LDTOKU32IFQ3GQX5AOKFQ,AHT5CRFFKABTHYW4ECKZTQFY46NA,AEXIV3RFI5NFISHPIOIRBFCEMKUQ,AE4ADCFGK4BPHVK426KLAGJIECTA,AHGC4ISYSAWYL3CB4IONRS7WO2AQ,AHQQYHFW6CVRWYWGJ53LNZKKCSZQ,AEJOCAMBYG2VFPAYA67LRSSAMDBQ,AHESOERCB5FRKL7BYJ6QQHK4BMJQ","lucky,SALMAN S,Rahul Singh,INSOLARE ENERGY PVT Ld,Sandeep Kumar Sahu,Amazon Customer,Sudhanshu,Jp",lucky.salman.s.rahul.singh.insolare.ener500@example.com,5554949795,2024-09-19
"AGZCXPBXKXIEQTY4AH7KM6OPQW3Q,AF7IPRBRDY6D4F7XVZW4QZZRI3KQ,AHGJXZZRXZB2T477ZTVMMKDT3LGA,AHXW4TW4TIIXXSXFZXBR2MWZLVQA,AGUQ57PHU2MEG2BIYVXDH5WDDDZA,AH2MCCISNTRUSC5FU5VOYCGL575A,AH4IURQX3DSNH4KLG3MFMVNAR64A,AFNBAIT26TZ4OJCNYY37T6SWDS3A","Amazonnig,Anurag,p_v_,Anil Kumar,Ignatius Nayan D'Rozario,Amazon Customer,Maulik Aryan,basraj",amazonnig.anurag.p.v.anil.kumar.ignatius501@example.com,5552377988,2023-08-17
"AFAVJJJRDJZCFKPZ4ACGTYBLRJBQ,AEZBJMTSQQ7IGWYTZDUQ24KXSFWA,AFGZQNTKB7GCYDFGCOV2MF2VBSXA,AHM3MJSP4J3IJUZE6ENH3352KDVQ,AFDE6CEFGDYLXV7SSVU7NCEZKXKA,AHNR5FBWUV4A5XSJXNBBK26US5XQ,AH2YX7BOKWSCK4CRS3U5IOHLPPQQ,AGNBRGWKNVYUJI43BQVDG7UPV6PQ","Siddharth suman,Soumayan Chakraborty,Papori,Agasthya,Jiten Sinku,Aleena,Ram Surat,Uday Kumar",siddharth.suman.soumayan.chakraborty.pap502@example.com,5559633433,2024-08-07
"AF7IXQKBUL6NEIQG4R53LMJJUGXQ,AFVFGVFOC6WUUL7VZ3ZSBDAFMPOA,AHIQYP5QKXYWXGJC5Z6YGIZVQTKA,AGCXB54PNFRXYGF7NLH66BHO6S7A,AGJTDMCUUNZJRJKAQGZNFBSZUAMQ,AEBHV4MEUEGYYUNRYNMTNAEZFRBQ,AEFIFJIV3YDBR7WKSDYX4JEQSCDA,AGJ7FX6Z4B7QEM6DG2BT26XG6XWA","Neeraj Vishwakarma,UD,M.Sathish kumar,Karthik,Kunjasha.v.kadu,Govind N.,Yogesh Tayde,Amima khatun",neeraj.vishwakarma.ud.m.sathish.kumar.ka503@example.com,5556342174,2023-06-08
"AF3HHR5VANS5ZX2IATPSOZDFEP7A,AEGDY32LMHDQODUG3Y452L2DSSOQ,AFYM2YCDE6SZB4OHEG4NX7OWJI5Q,AGIT26W6BSDLN6OOXKXIYASNSPXA,AG6WNF3AQBACEWDTRW6UM2MALT2A,AHKRFXJ6RBOTGHZ2QFSLO5BBRHIA,AHMRH27KXXRCKPVINMYZCJRLSGZA,AGOU3P3LXMXSZTQLWKGNGS3Y5TYQ","Maxrock89,Ayush negi,Rakesh,prasanth,Suraj,Sudhi/Deeps,Vigneshraja,KONDOJU HEMANTHA CHARY",maxrock89.ayush.negi.rakesh.prasanth.sur504@example.com,5553175708,2024-10-07
"AEU6MYQDUVKLBHRXLKVRUIEWLX6Q,AHCIZVWUXAKRCE6KVLLMUKEL2QMQ,AGBUNLUGN3BK6UA3QIFOWGZVTLFQ,AH6WR7DW4S5LL5XV6UALLTX7XH6A,AFC5A2WLRTDARIZXW6FH3SDWVD5A,AHW76O7CH2OHYK2TO5A5BKXJMRTQ,AFEXISDUUT35W2QRLZHXXRXSAG6Q,AGB7Z7NMD5362JFEZKZOJJJHD5OA","Narasimha Rao,Anitha Dalwai,Sachin Ghadge,Udaya Shankar G,Abedh Babu,Neha,Hiro,KAPIL JINDAL",narasimha.rao.anitha.dalwai.sachin.ghadg505@example.com,5556286720,2023-04-20
"AG2ICOYPSOV5SGBKFEYHGKCNK7PA,AGJ3OQ4X262D3MAQZ3CLCRVR5R3Q,AGWXCIC2IWWGNN5I4QTFMPSLSTHQ,AHG33NYBIPVHA7BABNXDT4NDZBMQ,AFWPPZRH2WVNMVTLFNXMAJCTTVFA,AG7Y7ZU2S5Y2H7UJX6AFGQSRB7ZQ,AHAVRPA7Z3PKTTWVBVUISCKI7RYQ,AHKW7DR7CHI2WL772IRNUK3SOAUA","T N Sivaji,Akku,V,Meet,MOHAMMED,Niranjan koyri,Tamil selvan,Puneet S.",t.n.sivaji.akku.v.meet.mohammed.niranjan506@example.com,5553206149,2024-07-12
"AE6DY6YWTSSE3XNHDXZDGQM2JL2Q,AES3UPSNCD37JZLHZ3OIILRLLLCA,AESL7YEFFKTIZRBEDUCMD56K6VQA,AHEV734TKPP6CEJPWIMMHA65SL2A,AGBLMQ2TLWRDFQ32LGRIVVPYOQVQ,AHKUSAJGBXVQQSDC4RCKHF6PFODQ,AEPEJSIYSFPXKOXPS2QHZ7P5VCIA,AEU44FW4XJBDB33N4LYZMVLOUYOA","Uday Joglekar,Simi Singh,Hi,chirag bansal,Swarnavo Dutta,H Rt khuma,Adarsh,Dixit",uday.joglekar.simi.singh.hi.chirag.bansa507@example.com,5554427948,2023-09-03
"AGQBRQKHB6V2GKNP5NQCBG3TZFPQ,AGXXROFSXQ7UYFJ4SM2KRSY5GNUQ,AE4OJDGKLBRC3SKJV2S3AHVXBWBA,AEUDSXTROWKKBDOIXDIPXVUR5GAA,AGB2VOIFUR7OVK5G6TMSPV52XHFA,AF6LSVYUDV7WMLIBPHXHBDSVFDTA,AHPXWAFSPVEID3MIG3SFU4XFOSLA,AF7QEOPISA5J33YVAQWX2EGDEPUQ","Hamsavarthini,Samir Shukla,Shahbaz,Shar,Akshay,armaan,Alok Kumar Dixit,Alok pandey",hamsavarthini.samir.shukla.shahbaz.shar.508@example.com,5553703420,2024-02-06
"AGK3NNXG44TLWHYTJ2OAY4JMD3VA,AGKSHSI672DMOJKNVYC33PPKNISQ,AGTC43ZF53CWD5YIEPDMGMDP22TQ,AGHCWVVH53TQGWLKJOGWOYCLLU6A,AGWXGUALH6VESAYTZGWBZBUDTWFA,AESGEGKMDBH4NA6TM7NJILHKW3WQ,AEMDPZ5BX65L4P5KNIF3MZTZ6PEQ,AGRH5LRSEB7REHEO2KY6RSZYERTA","Souradip,Narendran D,Mandar Barve,P Nagar,Amazon Customer,Ravindra Chauhan,Karishma binraj,Jithin",souradip.narendran.d.mandar.barve.p.naga509@example.com,5559869923,2024-03-11
"AH2QFGBZYKJDYPAKHEEXUKLZDYTQ,AG2RP4LU7VSU67OTVBAC6LSKI3PQ,AGC6NVLEXXVXAOMXP46RL2622EBA,AEQHT4NCWZ6DDFMOV3QW3W7N5HDQ,AGPYAZNUEWYCAGM4A4WWQNUXD25Q,AEEH35CH4JAERU44DZYQVKQVXGHA,AF67OFMRED2DAQUDHR32ZPSIZEAQ,AHFCRBRVKYQJW75E4DQHUOXK7IVA","RAHUL GOUD,Nitesh,Lokesh K V,KESHAV Kohli,Ozair Ahmad GLS,vishal mandal,Vicky Kumar,Mohamed A.",rahul.goud.nitesh.lokesh.k.v.keshav.kohl510@example.com,5552645693,2024-03-05
"AEWM6BXJQ76ZA3JH3TEG3ORMEDCA,AFWCCY4OETWIYGV47TLKUZG3NAZA,AG2SGIEE46YOK5J5WFS52KHY4PYA,AHTWRETINVEPSRPIOUQTVART3IBQ,AFRSGOLOZ6Q45OOHXXHDH25XYHCQ,AEO6PDZZEPLEYE6MLIQMEEOEVJEQ,AELS6LXTPB4C5JNSXZVLDQDAZ42Q,AFV3TYH4ZUHBEHG57TJOZ6XAQICA","Murali am,Mithul R.,Ritesh kumar,Debia Pipa,sarang,gopal,MSK Purushothaman,Divyanshu Saraph",murali.am.mithul.r.ritesh.kumar.debia.pi511@example.com,5551613818,2023-12-03
"AFUWVHBC2SCTJ7VEAWEIEYW5V4KA,AFYBMZW3AZJKJJTALIIXD7ZGEHKA,AFUFHMKHZZMFJX554XNEXXTJXWEQ,AHXXQS4GRLX7EK5BE6LFT6OKTWZA,AGUPGGFPP73O6INTDQ4RCOGZA2HQ,AGNZRKED7ZOR5CWLAVUPIYAYAOGA,AET5GWBU6F666XIYM4PJ6EY5WCKQ,AHQ4S2IRIVYCHMRQ2JX27C6KY3IQ","Dakshvir Singh,Palash Kapuri,Abhijit Gupta,Buyer,Anmol Saxena,Irfaan,Hon,dr sanjay kore (some kore)",dakshvir.singh.palash.kapuri.abhijit.gup512@example.com,5555437502,2024-03-22
"AFR7NDA6QYOPSCNJIDXRDRHJIYXA,AHHCHJMZSYKSIE6TTZMRNSBE7WTQ,AFSPQFXDIKOSTXLMOGOBF4WR4SPA,AGHBP6BZR4HZMOMFJ7O2A22EAEWA,AHIPJJAVOME7HM7PQCZAEOJRLLSQ,AFYOIOJCLIUTH3O47WX3UURCJZ2A,AFHSGENEII3KZX2B4PUT7PN4E2AQ,AHAMQ4BF5OY7VBA7DZTCFBRK7QPA","Shafeer Pn,Sudhanshu S.,S U P E R M A N,Radhika V.,Amazon User.,rushikesh,Amazon Customer,Hrutik",shafeer.pn.sudhanshu.s.s.u.p.e.r.m.a.n.r513@example.com,5555199752,2024-01-03
"AGIOL4B6EPMZ63RZQFWZWI33O2EA,AG33OJYQIXPPS7CONXFHC5GEYEQQ,AEGA5UJCOTFHN4JW6PDCIHQGYTEA,AFQM22ZZXTGUTLGC7WE4BVLEZW7A,AHNW7DHVU2D3PR2CDGHWALCLXWPQ,AFEVDY2YG3NENBI47RFAXQ7ZEEBA,AGMFAVIBZTCLSNBIEME5SBNPIQ4A,AEWIIDMBKGRGGXGMHUDHSJRSYABQ","Chandrashekar SK,Mohammed Ashfaque,Arif Hussain,wiki,A B singh,dr.parimal ranajan de,Harsh Mistry,Naresh",chandrashekar.sk.mohammed.ashfaque.arif.514@example.com,5554277920,2023-02-19
"AF5YAAI52AMX6HOPQF2J3SOJESLA,AEU76NMTP5BLAI4YLE37G5UXRMMA,AF5SLHZEFIV3ISEOW2STG3EWYNQQ,AE45TP5ZURNMWK6GGPJ3F75P4ZZA,AHEA3K6ANMNJUJMNXADMGWWCQ7SQ,AFIRCW3B6RJPGLBHGXSYUWY27DNA,AHNBZ3WPTLGJBSD4DMHKPHJ7XDHQ,AHCEOI6ITIDUNPWUJ4UXVSLL4YGQ","Vaishnavi Khedekar,Sandeep Shriyan,Kislay Kishore,Vijay,Amazon Customer,jatinrohilla,Ashwin,Ashwini",vaishnavi.khedekar.sandeep.shriyan.kisla515@example.com,5553958812,2023-04-08
"AH6SGND2YZGJPEXEPAT6XTKVRWLQ,AHUKUGMWTTVQ5MYELQCPYTG2PYPQ,AFDHR2G2FNUFDTSWHO4LCLMB6ZYA,AGAPQRGQHJFMTSOOUP4ASESAQ74Q,AGHDPSPN25DVVA7HJ2AH25FTKQFA,AHGT6UU5RQGF6YSGFMDIXANEX5RA,AG6L76MYOFGJ2MUPN3XH2RN6KXHA,AHI55SSF7NUY4BMJHZVXTUAI4Q7A","Abhishek,Kindle Customer,Raghu s.,Shashi Shekhar,stephen,Sayan,Shiva,Yadu",abhishek.kindle.customer.raghu.s.shashi.516@example.com,5551647633,2024-01-30
"AHB4AEOCLEVH2JSTXPU737KTXS4Q,AHXC62FGJRYSCJEBZEZVALOML3GA,AGZPAEOZFLFBCYQLIKZGSERRSPIA,AE3T6AOS4TGSVXSZ7QPC4ANCQ3TQ,AG5Y7T4IINHLVZVMTSVQVFGJEITQ,AEYZIV7VQ5N4JLPNJBE2H5R4FX4A,AHZSWCFTWESY2N2RK4BVWBMM4TZQ,AGMSYOF7SPTTR7ZTP3VWPKWTZFVQ","Jasmeen,Santam paul,Deepak,Perabathula Srinivasarao,Gokul Agrawal,Suman Gurung,Kishan,Pooja sony",jasmeen.santam.paul.deepak.perabathula.s517@example.com,5555133779,2024-11-24
"AFCKVOFM46DHVEVU7M4ABUCXDLLQ,AH6ROKDEOWF5LFGRK4GWLYNSO6YQ,AGWSJPW7AT2OTWNRZGKCMRT4TPYA,AFX3S2XJA42O4HP6JF2F2MM5XGFA,AHZJIQSIZULMCKUVKKUV7WG5PEKA,AGSOOGPVVNTJXHSJK7FBA7ZJHIHQ,AE5BCR4FI23IPEGD3ZSDWOGO4ALQ,AGJ64A22CHS6NGAE6LD7G7PHCYKQ","Dipu,Kayumuddin,Ankit salunke AS,Ramachandran Ravi,Nekitha V,Sumit G.,Netaji,Raymol",dipu.kayumuddin.ankit.salunke.as.ramacha518@example.com,5554605966,2023-09-06
"AFJXIJRSFMMNTYMOGJK7EE5XNRAA,AHPNKUIAW65N46LJ65KLE62O2ELQ,AEY3K25JLSHVO6HLN6ADH62FJXMQ,AGX4D4PROUQBRLWAC6L2I7UQSC4A,AGI5GQ6NFKL5BOZABRAH3KIS5C7A,AGTBOVMYG7TUOXA2KTDKPHKVOUIQ,AF7NUNBNBZ2WXQ5QGBAVERSVWZYA,AGH73AG4ROQHA5BYSSFPWXK5NXVA","Arun J,Sebonti Banerjee,srikar,Mayu,Neeraj joshi,Vinay Singh Kharayat,GP,Paromita",arun.j.sebonti.banerjee.srikar.mayu.neer519@example.com,5556117971,2024-09-07
"AFA6YM4NTFRGHHKYN5U7HUYEVSUA,AEB3EVUTQCHIE3PGITWK72Q6EKTA,AENDMMCGUEYDYJTVD5GZ7VWYOALQ,AGYTNS7EN2WZ2WQGLKN74NA75PNA,AFXQSIUT7B2DVWYGONQGEGVMGFTA,AGBSRQCSUBTYN644BB4FVJBC6RCA,AGK2AGWUMBCU5TCFIZSFDJORZH5A,AG6DLOLZYH4E5ZATU7HOAK4REHSA","Abhi_K,Amazon Customer,Swap,shivam,Abhinav Singh,Pulkit Bhardwaj,Minoy C Mathews,ADITYA SINGH",abhi.k.amazon.customer.swap.shivam.abhin520@example.com,5551313183,2024-04-30
"AEREPHGDEP7EUMBCNLBQ67GNJQMA,AHLOJPA3DIPNKLDZVAW5XBTCSA5Q,AEAEGYFLA2BDHDKFUFJYT535NYGA,AFAC52GQISXYJ5DL4YVQHXGSE4MA,AFHE2TI3W6OLWLYJHVQNAT3C5BUQ,AF3T7GA6HBAC7MHVNY3RBAHOEXJQ,AEOHQRCRMKHNGRQRBVRQJUV3UB3A,AHRD7JPBFXQ2S3VWIQRTIKHYK66Q","Amazon Customer,Prince kumar,SK,Nishikanta Sahoo,Shivam,Amazon Customer,Piyush,Rafiya",amazon.customer.prince.kumar.sk.nishikan521@example.com,5555867346,2024-02-04
"AGDY4LIW3A477KFMINSUKYRMSK7Q,AHX6FDK45XLTIXMOCTEJLIVTHJDQ,AH7QP5VH5777BLVSP5M6KE2IEOWA,AG3B6VHXNSP3NV4QKN6S2UYW3IHA,AGK67PKY5YNSHMUNIPVHWPQKPBLA,AH75SNR4HB6LTEAQRARKQV4PGRJQ,AGCF4OSJR3ZAIS426KF77KR7N52Q,AESIFL6Q25WEMARTHLWMLOCS7ALQ","Dilip Kumar,Aakash Purohit,ÂRUN MOHAN,Charan Kumar Shetty,zaineb,Nalin,Priyanka,Amazon Customer",dilip.kumar.aakash.purohit.run.mohan.cha522@example.com,5554324855,2023-11-12
"AFSM3ANFFBHN7NCB3JYF4RZ7YQAQ,AE67ZNU72JW5PJQHCXBG7SZX63SQ,AEWHCRZOB4UBLIBAN2HJSXDEGPBQ,AEQNCSQJK3ZBHTJ7M2ID6FLUA2CA,AEFDI2YRIMBNCPVHEGTCZ3EEJJBQ,AGS3WLGMF7WWDCLGJSVULWUNPLFQ,AEF4AQOCIUBZ2YYY25OWVB42GTKQ,AFDU4WS7SYXWPP3Y7OSPKXRJUB4A","aravind,AbdulKhader Mohammed,Mehul Pandya,Siva G,Arvind kumar,hariharan,Rhea,aveem ashfaq",aravind.abdulkhader.mohammed.mehul.pandy523@example.com,5551437471,2024-05-23
"AFXRH6SHIJIG475VOAVT4QPDJHIQ,AFSUZQF66HKTKPWRUOGXQKZ6VAKQ,AFZVACGHIEIUWBF2UAWI2MU67LCA,AGFNZ473LGYCCHTA6CZKSUAYVN7Q,AFHK3ZGJ2YCZLGNZTHLEN6MVGCAA,AFF4CH4SPZXHDKB5BB25KUX22SBA,AH3NRXRMQGG7MFMMJK6V4WQJYO5Q,AFW7SE27ST3TM7KFAGQEORGOCQJQ","Suraj Singh,Shashi p.,Anmol,Toseef Iqbal,Anjay mandal,Aniket,dadaso s.,anuragnaidu",suraj.singh.shashi.p.anmol.toseef.iqbal.524@example.com,5555700028,2023-05-16
"AFROXVCIF6PZXFXLS7DLTPT2CGCQ,AHA4ODJMDNBNUVEUSICIV66LIJDA,AECLUTC5AZMCISU3ZNO6J5POEQQQ,AFN6GFJ6JSQR5IEIT4Y34BNEZAYA,AEBPHDTDFUCW7HI35KWQYFX46I6A,AELTGGPWKKSTSM7K75CTYV6PIM5Q,AEB5GI6B4ZNBZUJQPXNXKQ5M776A,AHUPT5QRQ2NHQTMF6RUCZW6WBXXQ","Ansh KaTariA,Saqlain Shaikh,Sardar V.,Rushikesh P.,Biman,Kumar ravi,Avinash kr pandey,pankaj kamble",ansh.kataria.saqlain.shaikh.sardar.v.rus525@example.com,5551944681,2023-02-27
"AFUGDQG5WBWBZJE2NX2OICO3UFWA,AHFRVHCEDFHQ4PRJLJHZKNRN34KQ,AHZDDRQIN5ABLJXSOK7EZI2GZHYA,AHCN532M27HWIMZYEX5JVUYXR5EQ,AF6LU7CXBGSR5KKHAJVN2PSESNDA,AG2MRGYFBXUEYGEMBLUJC3F74LJQ,AFF5WUW7WRVIFAPDQNHER4FCQFAA,AERZ4XMT3P4TPSFNUYQ4AKUC6S6A","Rajesh Panchanathan,Ravikumar_Mani_INDIA,SATYAM STORES,Deepak Vincent,Ranjith,Surya,chetan J,Nisarg R.",rajesh.panchanathan.ravikumar.mani.india526@example.com,5551644115,2023-09-09
"AGY65IJP7XREWO3GUDT46474CYKA,AGU43SQ6PXZIL5F5RIBYVGP2JK2A,AESMLM2YPJKZK3XTTYJZFFK4VVSA,AFQO5BOLBEYCCQ2IQ2KCB3FWX25Q,AF3N7NRJHQ6Z5XZXU4HXESU2YXGA,AHL6VKPMWQ4A35OHVFRCPPBBEJMA,AG3YSO4JPZO3L6K2RWYUN5WXRDKA,AEMVESKWHANTAIVYKLAW7JYH4YYA","Amazon Customer,Cijo George,Mallikarjuna Ukkadala,Maniarasan,Dhruv Shah,suraj gurav,Kavita mahajan,Dharmendra Singh",amazon.customer.cijo.george.mallikarjuna527@example.com,5552032664,2023-11-07
"AHITHYIQE2EATBE3LI6GU3HJSMLA,AEZJUJQB64NT76P5L7G2ESI3636A,AHYCLMEK6HTW32Y3U6V3MVCCEELA,AHN4U6CGBQDOWUPXFU7GFTTT4LPQ,AHEN3ERHEI5OYGDGM2BXEF7EH6EA,AFFX2TCBVY23U5UDFM3NTOPUSCFQ,AHHWMM74VFNSZX4JYLKWBTMNBYVA,AENJS6Z72CJBZ6HHPJE2422AE57Q","Prasad,Prajwal Shetty,Venkataraam,Zubair muttoon,Subrata Murasing,Mintu kumar,Amazon Customer,Sameer Sam",prasad.prajwal.shetty.venkataraam.zubair528@example.com,5557280078,2024-10-30
"AG7L3FBDA2KLNZOZWS2XF7Y2GGRQ,AH6VYUL52LC2OCCRBHLSH6IH4B3A,AGD2RAVYCENEIWLBUNTSEHBJ73QA,AED4F4GBE3CHLH5VPHQFYBNTSZJA,AGNRMULABMTY7VTZAGRBYTQ2EMCQ,AFJGD6THKLQUOW46YHUM7RY2IPJQ,AE6GYV2V4MGT4VMFHJ2CDRWVYS5Q,AGF6BP7K7OUOWT5WN4AKZWW3UDLA","A K Rai,Poojitha Subrahmanyam Naralasetti,Mugiwara,Arasu,Suraj M.,Vasudeva,Praveen Ramachandruni,Bhaskar Choudhuri",a.k.rai.poojitha.subrahmanyam.naralasett529@example.com,5551366158,2024-07-15
"AHICRWO4RPGT5JZX5X62PHKEIOAA,AELSKKUTL4Y2Q3KU5GP2L33XVMYA,AF34EG2TFEJSS6JCF6KVYXWFVKMQ,AFNLHG3TWOKXCUUSVQRLFJUO4EQQ,AGRLV5DOERPIHD7M2T4BROBCH5BA,AGSKNL5Y5BXTBFEM26LRS26MC32A,AH5PHT6FNGEAWO5L6B7DQSYHZMFQ,AEEFS3FOUKDT4GU4ERN6AOCMHTFQ","Vaibhav kumar,Raju Prasad,shinde Exports,PARIMAL KARMAKAR,Niranjana,Dhruvish,Ravikumar Govindaraju,Mayur Shetty",vaibhav.kumar.raju.prasad.shinde.exports530@example.com,5557984738,2023-12-24
"AFOJ6DLJQNWRLJIVLU25OZILE6RA,AHWP57C3GNX5E32HHWT43GCSC4FQ,AHAKSS633XQSBDP63G7OCYEXPV2A,AG7IZHWLVWLGGYDRPI7FNFT5FTOA,AHQTUOLZMVDGHM233DHLOCIGDSYQ,AHBXADPUQXAIJI5XTHUKDWD3OQLA,AFT2P43UBSNDT2FIVCJGU5OXO4IQ,AFFDTA4C2KBZN6U2VLE3H4Q244QA","Yesha Bhatt,Vedanth reddy,Mohit mishra,Ashutosh,Nishanth Daniel,SOLANKI LAKHMANBHAI NAJABHAI,Nitya,amazon user",yesha.bhatt.vedanth.reddy.mohit.mishra.a531@example.com,5557563257,2023-08-07
"AHFX3A6IT3PFKH3WJU3BRCMOAOIA,AE57P6GZXORH2I7GELKYG4WF44EQ,AEYYJ5PIFRCXNHS2EJPMJUGTDEZQ,AFSUJDWQ273XNSVOHS2DODGGBVYQ,AGKQW7XWMS7MUWWL5OHMRKRJCIBQ,AHUIE3AFZ4L4DOWE6HF5XUXBWM7A,AHBJKJCUV3CH6774KEAQSRLKXU4A,AHCP3IJRF3CCTAK5LPCJSWLVMCGA","SRI RAGAV,Sachin R.,Ritvik,Ebbie Thomas,Siva kumar,vishalkumar patil,Ayush kumar Prajapati,Ananda kumar",sri.ragav.sachin.r.ritvik.ebbie.thomas.s532@example.com,5559807241,2023-06-10
"AEWV35IS77VEIX4T7GIMS7WUPLLA,AHJJPJEYJI7CTBSWRRMIU7GW3NAQ,AEQPYAO4245QP3GSNQPFDVAKHFRA,AHLUETN2P3TVLZUYVNMSIJ3GVVPA,AE52V2LIW4Z75F47TVPERNBRPXRA,AH3EONAK3BU7EWDYJGJEBJ54KRLQ,AEDS2VTTH5GACRGL2B5F7TLJULYQ,AGOY7AILHEVOJA6SPYYUQYIFVVKA","Jagrat,Prince kumar,Uma Acharya,amitosh biswas,sundar,Amazon Customer,Amazon Customer,Nikhil Kulkarni",jagrat.prince.kumar.uma.acharya.amitosh.533@example.com,5558659361,2023-04-24
"AEWW4LJOVXD65UKE7QCBCHQZMG7A,AGVWB5YTQZC7GAIV4PCCOFF2U27A,AFUR2THG6BYV6IRA5JV6LBQNG2AA,AFSG5TXKKCLHBK3FABKJABBBUHEQ,AF2DOUVTY5LHTVWGGVE6YHW5KEGA,AFEX5OM5UOST6POIWTBW6TCEZ2YA,AFKZZOQ7J2SOXP3OHFBEDXNFINCQ,AFD6P5IRXY6KWXUW4H7X6ECRMSLA","Kindle Customer,Aryan,pooja reddy,Amazon Customer,Meenakshi jasrotia,imamthulla,Anan,Sanjay Chavan",kindle.customer.aryan.pooja.reddy.amazon534@example.com,5557081024,2023-02-15
"AEILGA3FG3TQAYO3EITLHUVI6MCA,AHINIWK2KZENSZSLBZWEDOZMNEBA,AHCOIX4FTZHKMCOH7TPK45D2KKDA,AHYFPG47CQW6OMLRJZSHPCQJXP2A,AEDE34W5WJGXECUXTOAKRHAOUGBQ,AEZW6T6MCZ36RCAVWYLROTAAACCQ,AFSNFNBATJC5YFJ3ML5STBT5A4KQ,AGUI6FOOCJNZ5DBLVZIZPGVHXQNQ","Omar,Devesh,PsyShaank,Amazon Customer,logananil,Amazon Customer,Raven,n.sundar",omar.devesh.psyshaank.amazon.customer.lo535@example.com,5558623480,2023-05-27
"AGH2D3JCXGY6SY5ZWKOIDELCLUQA,AFK54CUHW2VKQOGOWQD432GXJJJQ,AGWBDFED7HKRTXHFQFNGFDN32GFA,AGVIQIEZRWOFT45FVFJS532GJDEA,AGTM5VJF6YXWQ6RW4Q4OUT2OCX3Q,AFI5C2KZCUJSWZLUFDDRAPMFJPSQ,AF4FIRN7RPMBEFPQGRYS36ZJWW7Q,AF4ZFHPSSQQNBOH2HMEA7ONW5GBA","Anirban Mukherjee,Arbaj Patel,Sheen Figeredo,Richard,Santosh,UMESH LAHORKAR,sirsa,Hemant",anirban.mukherjee.arbaj.patel.sheen.fige536@example.com,5554942982,2023-01-24
"AEH4535UEBGBK4WIFIR5RHBM7AQA,AHBXCQFNVX4Y3DSDZYYDHORYLLSA,AEOLHHEMZIIF7EEUUV2R4TJB75UA,AFFAQFCCJ5DD22NG3VJQA3XPECXA,AHSUUCCXKIC7DV2MVAXINC3B4GOA,AF6562TF5CHMMJIIAO2TQPNYVMBQ,AGTQRL452KSW2S3HBDH75PIC4F2Q,AF6AJLI5BMDQ3ODA7AW3UMVU2X7A","Arnav,Bharjil Deka,suraj.s,Shubham prashar,Kavi,vansh gurjar,nithin,Ritesh Negi",arnav.bharjil.deka.suraj.s.shubham.prash537@example.com,5555147381,2024-10-22
"AEAD2LHI2R3QVR3AQKOPB523SVUA,AGHZS375UQZ6XK6BYQCZ2YJ4TX6A,AE3EZWQC4YBZLYGELTAF4RPD4YVQ,AGHNTOZPHJSNZXAV6VXZ55QQS2VA,AE34CJ4WMOVB26TU5H42L74U5DGA,AEMLPNYNPF73NMFYHSSXRCYO2OGQ,AER43SPS7UTEVRDP7YPU3HTOQA3A,AHF2MPFWRSCS6OXUZ3D5W3C37CRA","Aksa akhila,Subhadip,Kanna Keerthi,shopping User,Fauziya,Faisal Nasti,Mithun,@madmax810",aksa.akhila.subhadip.kanna.keerthi.shopp538@example.com,5553758877,2023-06-25
"AEEF4HG4M3I4C27OWPX5SSBESB6Q,AHNRF2HZSCFRQZBZLYECIAG4X7LA,AEBY7LSKMBHUL74SXGJDSRKKPGXA,AFZOAPDLJIFD3YE3HDLTHDSWUXNA,AGHKOJMPPR3ZWSYI7BCOFHNIDP4A,AEUXGDH7N7HYBKXCLX6ISS5XYIWA,AF2FJFSVMDNTOTK5VXW324KCENIQ,AG5S67BW7SOU7MZK7VGDTLCCCFWQ","Annan,Sushmita Ghosh,Ananya,Jsivasankarreddy,Rohan Gupta,GIRISH BHATIA,Raju Thakur,satheesh",annan.sushmita.ghosh.ananya.jsivasankarr539@example.com,5553410030,2023-05-25
"AHEPPTU7YZ4YNMCKFBT5PG7W2CHQ,AG7URP5PKDSGZQUIBSSSVTQCYDBQ,AGVHA7GWJH65MLMZ6UEFQFPFEABA,AEZJ7W36ANQVE7DVQAVPDAMMK65Q,AGLLWVAI4Z22HEY37TBOWCHYNVMQ,AG4KCGZMX3RVD6WWOR4USWIW5P6Q,AHI7MAEVGKFALD52EV265L5ZZXTQ,AFGEKEI73SEGJGTUTZCS35U5UJXQ","Kshanik Rajak,Gajanan,Tester,Shiva ji gupta,Rahul R.,Ronak,Anshul,Adarsh",kshanik.rajak.gajanan.tester.shiva.ji.gu540@example.com,5557329582,2023-06-03
"AFQ7SOVCXM34BZ7KEFEX7M4TPD7A,AHUPUQJ3RNQZH5SI7ZK5LWNDYXVA,AF2K32KCDE5FG35MDRCWU35PBIKA,AECWYSIVTNLIIS5A2JCCXVV65YEA,AFGRH4DRQCAFVZ32E2HCJV2FY2CQ,AG3VNAPINYOYAQVGDR7ZJ4YQMHRA,AFVCCE5SH4O6EKOUDLJNKCHQCEKQ,AHXGYVTMKDT7JUK4RJDJC7ISMPDQ","Sanjeev Prasad,Sivanagasai,Karthikeyan,shruti,Harshada Rakhade,Prudhvi Rj,Neeraj Dubey,Praveen v",sanjeev.prasad.sivanagasai.karthikeyan.s541@example.com,5556449476,2024-03-12
"AEWRRSZJ7PFNPLN3PDWMWQJ2UEIA,AHWNKLMNWM55LSYHST2D4QJHIPJQ,AEP3BU7PNOTWYZ2YZ2IGC2AFJ4UQ,AH5PCRPW73ATTHHWOOCLLOY27RTA,AHYRVZO75V7QCBX2UY42LN6TPVHA,AGMJH3UJPOVZAA7KCWUGWNBPOPDA,AFA6VUQZIGTFOXBWJQEN4TRPEYSQ,AEFBEFEQHITZHESCPA42U5N2Y7YQ","Diksha Wankhede,Sam,Shafi Nagani,Unified Excellence LLP,Adarsh,SUJOY DAS,Nitin Kumar,Archana Mishra",diksha.wankhede.sam.shafi.nagani.unified542@example.com,5557835699,2023-05-17
"AHXVJ4RECEDVRCX2R7BYOMRO7KJQ,AEUNZGZ7IQFCJEFHU647HB57FC2Q,AEUWYI55HVW2GO4GRLWK4PWCTPLQ,AEDRDM7OTIWIAOWELAEAITODC4EA,AEDZ4OLR66LZO57XWMR6F43K736A,AEIXRXVWCR62IELG44BI5F7ZZUSQ,AFMCGE5U34NNKT2AGRY5TPX4OHKQ,AEFVX5GYQ6Y5MQSA25IP2FM2ZKTA","Divya Sood,Athar,RINO,Purvesh,R Periyasamy,Amazon Customer,Deepti,A customer",divya.sood.athar.rino.purvesh.r.periyasa543@example.com,5555329724,2023-09-29
"AEMEBARDKUUI7MQSY2HXMC2DCT4A,AH36CGQ26U2XBH5AOGHYNKL5Q2OA,AFN2QOA5EGEBINN5RMANWEVQNMYA,AGLYWTUJ7XAWSKGMRXZEMUHNN3QA,AFRAZBKDRASUEHTVFD2LOQLK7DCQ,AEP7EC356VG6MRFKXMOMUB7P54XA,AH4QHKISYAAMVDYY7BKOAN2BNLAQ,AHKEJNX6BD23WELVKN25GORPR2NA","Parenky Amaresha Adhikari,hiren panchal,Amol,Gs7,Anurag Dabas,Kumar Satyam,Nikhil Pramod,Buyer",parenky.amaresha.adhikari.hiren.panchal.544@example.com,5551339561,2023-01-10
"AFTFXABT3BDNGAMCE5GCZ5BIZOGQ,AHGJUEH2OCUBOVSJSKQSHCSOW7ZQ,AELVCY3WRWL2IPLH6BX2VXKUHDDQ,AFQ4223SMNWNRIAGWCCSB6AN6PRQ,AE5XTZM6CCS7KOS6K2CEYEESQJUA,AFSBYWJB5BRFON6DVK7M5YRGL72Q,AGIP2P2RM5LF2Z6NRCGYE6IZA27Q,AFAY4E5XO4Z7KO4FYOWQYQSKT4KA","Pranjall Kumar,tapas sing,Kondapalli mukhesh,Madhu Raman,Praveen K Cherian,rahul ohal,Rajendra,SOHAN THAKUR",pranjall.kumar.tapas.sing.kondapalli.muk545@example.com,5557808459,2024-03-20
"AFILRU3X2FCDPDW5UKLT6C7OPJSA,AFWTGD4FCS2E2U2TDCOEOGP2FWEA,AFHMG44566SPMVPBLRU7VTTJ26VA,AFBDL2XOOPYMHMLABSXN4JAF3WOA,AGZK3EYB72FFZWRS77DCYORIIZZQ,AGPQASU7OTDRO76TQFWP7NVDKD6A,AE62ADD7WHBES7SB2GESKXCE2R7Q,AFZZ3LQJXGZL2I3L2FI2I4ZYEDPA","Afrina Hasnat,BKBasu,Ayush Raghuvanshi,Wilfried Antonius,krishna,Kashish,kamal k.,Srikanth Subba Rao",afrina.hasnat.bkbasu.ayush.raghuvanshi.w546@example.com,5554996833,2024-10-11
"AF5VUXGXGK7JT2XRO7HGTFDQY5OA,AEIXBTPYBR47FGHAXDGUF47THVNA,AE22E2AXODSPNK3EBIHNGYS5LOSA,AHHV55IOBUA43K6OGUB6MH4SCSPA,AGJZRLTPG3LJML3KI4RAVEQ2RQDQ,AGRAVGG6YRUYTGZDEFZUUNUQO2MA,AGS2SGI5ZQ3VU6CQCOHCNJ33XQRQ,AGCI7Z2ERAGGKG4BPPEUVLXHT2FQ","Anand Kadu,Toney Abraham,Subhajit Kansa Banik,Akshesh,Tashi,Saurabh das,Ramanjaneyulu,Ashraf",anand.kadu.toney.abraham.subhajit.kansa.547@example.com,5553850444,2024-06-21
"AFAKLGJPBTX3EWCXJWB6TF4LJOXQ,AHR5LL4YACXI5EFTGVBU56XUEG3Q,AG4K2GZXDJUJR73746BVI5ZCXXAA,AEWZWQVWEH3665BOU2QPVBRLTTSQ,AHRRE5O2H4IOLL6MP6GQDG5WA7CA,AHXDIZAFO4I6IXLPNGBHUSK7UZBQ,AHTLGCL5SZOQA3Z7FN2JPUWU2FAA,AGWT3N6VGOTZTXX4EK53LSAV4JDQ","Sean m.,Medha Garg,HARIHARAN M,DEEPAN CHAKRAVARTHI R,Amazon Customer,IQ,Tessy George,Aman Rizvi",sean.m.medha.garg.hariharan.m.deepan.cha548@example.com,5554148422,2024-10-17
"AFLLEPVLIAH2DFSHAZ77KWFM72ZA,AHY2YZWK63CNZ626MC3TFQRBB7RA,AG3PG2EM3MIT6IYPS5KZRIAF4QDQ,AE2KS6ZY376YMGX7RNKV7VXUEGFQ,AHUPZTSAPO7GABNBTIBDYNFKYFKQ,AENQGQZ4L2CTB7HT4QUUZB3IJO6A,AFZDZGWHZNPZ3VLECIBYSFUDGT4A,AGOYRUEHDI3SH7N4KBLQS4KE6G2A","Rambeer kumar,Ramesh,Digambar Shelke,awadhesh Kumar,Agrim Shamra,mahima,harpreet singh,Rajat Semwal",rambeer.kumar.ramesh.digambar.shelke.awa549@example.com,5558216266,2024-05-04
"AHT3PNU446CPE3MJRLGDF5V2R5EA,AFM4NVMFZR7V3YHD54FEHQXFQBXA,AFZEG6L4GPWPLCNRA727ERKMBPBA,AF6ZV6WLSN2HCC3XHTVHZOMRRZ3Q,AEIRWUG67FDIYGZLFOLIOT3LAZ4A,AH67GVYCB2QS6CIQIZ7IFYKSMXCQ,AF7V4J7TH7SIZBZW2ZKS56QML76A,AGNGKPDG2KXIZC5EXKPKSBJTSBNQ","Riz,Akshat Nehra,Kishan Patel,Saurav Jha,Nilesh Raj,Kasper Nabam,Vineet Kumar,Peeyoosh Kumar",riz.akshat.nehra.kishan.patel.saurav.jha550@example.com,5559040086,2023-01-06
"AGZRJIMJCQUUHZG34JSIL5PSXGTA,AHHGP3WIV7RMRVERWVUEYLPYXYHQ,AGB2GEXGTW7TMVVANDCMSSXHC45Q,AHMRZCSYJPOWABVP3722Z6YZR7KA,AFILVH3E6XXNDPWWK5NDSVKXLEHQ,AG4V65HMYF6P3SFTT3ACUTVJ5ZWQ,AEYUOB6DIP2L2UJDHWMN3TIFU2CQ,AE3BKBMK2CPOW3B3NOAN6753O4TA","KNReddy,Shashank Reddy,sid,Bharat Justa,Keshav R.,Mohammad Aslam N,Cartik N,Anastasiya Glebova",knreddy.shashank.reddy.sid.bharat.justa.551@example.com,5555389857,2024-08-18
"AGKET6EBMS4XL3NJXMR2JOPTFO5A,AEWBMDGEZ4X45MQ755DGGWVOA5PQ,AEDWE7SRSLUC4O4UBDVW2PG6RALA,AGP2G2TDF5Q5HZECH6MKPXWAFWDA,AHHLEAFO3POG5JSN5OBR6S23N3PQ,AGNPEDP5PPB3WS77KHG6YFLDZRUA,AGEZS5T62DR6CMVOT6PTWIKB5G2A,AEXIQRY2ZR6B6GRHEYZEMLUEUAQA","Ankita,AR,A Rohini Kumar,Harsh Tiwari,Unknknown,Subrahmanya Sastry Bhetanabhotla,Junaid shah,VINAY",ankita.ar.a.rohini.kumar.harsh.tiwari.un552@example.com,5556009744,2024-06-13
"AG775T6JDIUUYOZ5VGCCQLTCDVRQ,AFQPZZYIFMI3C6LLIUI7J32N2ENQ,AE35FM3ZVTBEQGYDRYS6BVM65J5A,AETNHAGXKVVCV37ZG5BSJULYPI7A,AHGJVDDNG2LCJPZUBWBLWIJVH5HA,AHKU2DWXK73RVA5XWKV75XR6WFQA,AGC7CC6P34RRKZDPNW5BIM55VA3A,AG5C253AVEWRSVYUA7CC5DCJAXZA","Deepak,Dhara singh,Shravan V Prasad,Aneil Jeevan Raj Dorakula,Abhi,Sindhu Arumugam,Riya Singh,Amazon Customer",deepak.dhara.singh.shravan.v.prasad.anei553@example.com,5559734040,2023-12-22
"AF6F5SXN6WZEJUZNPNBN7WYT5HPQ,AE5Q66OAQVOETNNHP2BPN5WIBVJA,AEH2RH7OIWT7S4QEODICS53N57KQ,AEHOWFK4BF6CWRRJDVZUZOVUL64Q,AFJ5LGRDRG2RMQGAD5BJC5YXQSJQ,AHTXV552AQKBQFWD55KKCHCNLVZA,AH2A7GWJRYJ67HRIGNYIKLIU3ORA,AEUXJKOEYXTPEXZALZOBJP3QBI3Q","Guhan V,Kailas kanna,Sankarapu sateesh,Joyal,S_Sarkar,abubakar hussain,kiransinh khant,zameer khan",guhan.v.kailas.kanna.sankarapu.sateesh.j554@example.com,5554037078,2023-09-14
"AHE44P32QOQ7RN7NMKUUNY5UCWUQ,AEXGNEQORPZO3LRAOYSYY2YEKINA,AGQL4UZV6XLH5QKBJPXX5F2SVRDQ,AGKF7OIXWGSJTEV3DW2MLSSCFK6Q,AF4F7MWCZXPUGRG54DXLB53MOJPA,AEUW4Y5YDVZYXKFQ7BOQZ6IL6MPQ,AGKF4F2CY6D6E6FT2SK2ERSQJBIQ,AE3VYASU5PP6DWIZJ66PBLNM4PLQ","Yogeshwaran P EEE,SHUVADIP MUKHERJEE,AS,Naveen Lamba,Anshu gautam,Vinay gupta,Ankit,Anita Devi",yogeshwaran.p.eee.shuvadip.mukherjee.as.555@example.com,5554320722,2024-06-13
"AGVFCAHYGUUYGNODPT4TQQXTUGHQ,AFWK27A6IAU3NDNZKOC6VSFUPT7Q,AEUNRLYPFHSNIUTSTYF72R7XCSMA,AGIXZFCBWQFPGYRBGOMZN4HDJ22Q,AFODHW3TDUL5H2EGNF4DOL5KWEHA,AGQMTHUQSTGTZAMDFWDNAUTLQN4Q,AE3MQNNHHLUHXURL5S7IAR7JTGNQ,AHUAVIIVYTKSFJV2C42QS4BXFOMQ","Swapnil,Kunalb,SATISH MALVIYA,Manisha soni,Bishwapriyo Sarkar,Ravinder,Durai Vignesh,Placeholder",swapnil.kunalb.satish.malviya.manisha.so556@example.com,5557286303,2024-12-26
"AECKRXKG6P4WDPQMPD3XPO5ZZ5QA,AF23F2BUJEUNAGZDIOQJKUYF6LAQ,AHRDRWRO47YAE3WV6X6SXN6DJZBA,AHJ57MLUC2YLYZQKU3CX6UL5PGJQ,AGCKYTS6NKAUMR36K3LGAKBK7HLQ,AGMB47WHJPH52A57TVE43RY5DIZA,AHYSFGBB7ME3WWWP6PX55YHNYFBA,AHS5UBL4UFHYRUJRMMJKY2CUTOLA","ABHISHEK SAXENA,C.M. Dhananjayan,Yash,AMIT KUMAR SINGH,Aashiq,Amazon Customer,shivendra sheel kulshrestha,Sushila Doshi",abhishek.saxena.c.m.dhananjayan.yash.ami557@example.com,5557602866,2023-08-15
"AE5VN6K6A4NJNWVYSEWB62MA3GMA,AGJE2YGFQDWL6E6O3XOBPQ3YJIHQ,AEG3CL326V5AJNOLTC2BCUTR6NHQ,AF2L335C5YSJANG7RGOAGSFB6J3A,AFBUKSAGU3IQF6O63H3C52YQ3KDA,AEWN45SDFVQU23BOZRMYOYRAIVNA,AGRGAYQYSNND6OH2E5YMILNQLBBQ,AE4LFM6DUWG3H3L2O7BRXRDWMPQA","Karthik,akshay,Prosper Paul,Raksha Ghutke,shallu,Shashank Tirkey,Ajit Roy,ÁJíth",karthik.akshay.prosper.paul.raksha.ghutk558@example.com,5552875721,2024-03-09
"AE2TSJXRS5BXE6X7WFS7HOFJKCOQ,AEQTFT2S7RDVYEGOX5RBADQ4VY2Q,AHPCHA3K3ZQDEKCNSZJ56BD4HY2A,AH75O6CQEPN6J3Q6VH4WIVD4HZUA,AHNK4EL2BOSS6WRMONWHNWAF5KRA,AERG3U7VI5YCANZA73XOR6KT2SZA,AHAN5RDTJMGOCIYJZKWO2SJFOB3Q,AGHS26EBVZK3HDJBO26J7C5HYCSQ","shree,Sandeep Reddy,Raj,Rhythm S.,Raj Chavan,Gaurav saxena,Saurabh Kulkarni,Maximus Davis",shree.sandeep.reddy.raj.rhythm.s.raj.cha559@example.com,5559069286,2023-08-25
"AGYALNUKBTA6RNY7Z2SC3VH2JT2Q,AHQDHG6EKCV57TQLXPKVE7KAYNVA,AHCJIH6NMUZJQMRBAA5PYGR45WWQ,AF4IW4EBDSC5S2XTNUNVHFYUJS7Q,AE4KVX5GHYODL52WEFZP43XMAQGQ,AHCNPSJTDABFVKVD6GQGNFVLHCQQ,AHSHLUYM2IFSKX2JWJBR6JAAP7HQ,AFYRXRWGIWPROKMMVR6ELUFSFSGA","shiv pratap singh,charls abraham,Vagisha Sharma,Ronit,Alphonex,Prasad Bhat,Rudradatt Jhala,Subrajit Saha",shiv.pratap.singh.charls.abraham.vagisha560@example.com,5559826229,2023-07-05
"AFMALPNH6MGGBFCSBABKO6HN2KKA,AHVP3JOVGO4JRMQQPHMEUNYSLZEA,AGMHQJ2A77R33DA4XP3ZHYOMOTHQ,AF5VMYLEUAE5OBUOA4XYAVE3FJEA,AH5UVEDAQ5T5QN3ZCZIDM5TNAAFQ,AHKX52UJ5M3DNLQFUIONNKE3TSUA,AFWTGD4FCS2E2U2TDCOEOGP2FWEA,AFAFL4TW6TSNMNULD4R22QMZVDIA","Bikki Chowdhury,m̶a̶n̶n̶u̶ m̶e̶h̶t̶a̶,Well person,Sourav2348,Nagaraj Veluswamy,Nand,BKBasu,Sandeep Kumar",bikki.chowdhury.m.a.n.n.u.m.e.h.t.a.well561@example.com,5556033754,2023-05-01
"AEYREUEKXGYJ52TGYDI3BEH44BTQ,AFY6F4SOQGV36CVSEIW32NCNCSUA,AGD6B62KZDV23C7SNNGH527OSMDQ,AGYGJLVA3D5IZCPCTZ2TRLD7FMPQ,AGRLWIEF6OTIY3HBUUQOGQN26K6Q,AFC577LBGWLZKE53GGT7GGJE5BZQ,AHBQ36XNYYCHTWJGBDIP53OJLBDA,AHE7Y3GGVB7K7SZY6AG3SAD3QINA","Surendra,Mahalingam,Anindita Rout,Priyanka,Nikhil Roshan,Nikita,Dilli Babu,Jyotsna Mishra",surendra.mahalingam.anindita.rout.priyan562@example.com,5556679754,2024-08-12
"AEDKNRNG6YV7UXI72VNLX4DK3XMA,AGOEYA7EZQOCWCZNMHZIS4SESREA,AEY7ZU2T6RLK6AL3INXMZP4VGQCA,AGM4GRCJABX6KMUTF7LJMPUL5BKA,AF6O7NBOMM3QIVE6BOOJII5Y736Q,AFTKVEHGY6PGODF22MSSXW6GIXJA,AEG7RME35Q4ONPV74W2CUT46XFBQ,AEP72RVSIU32NKEQVLVZT5YMSZGQ","MOHD NASIM,Shab,Aniket Dhuri,Aryan Gupta,Archana,Ketul,Dr. Ramya Sampath,roshni kewat",mohd.nasim.shab.aniket.dhuri.aryan.gupta563@example.com,5555244669,2023-05-11
"AH5Y6ZCLABCUE2X6JBWZBNQO232A,AEWQXQDOQAMTNRLYVT65ODCFGMLQ,AEMMWXTPKDUDSHPWJAJWU7QUV6KA,AGGAGBP6E3H4EOJFHMKLV6UTDAFA,AFQDYNJV76K5BEIS7BWNA7HN4EIQ,AGBVG2PAA7ORCTFXCNEII55L66CA,AFVYZFTM3SUEGYESW55OJNGUAJVA,AGVKIL6EHMVCD6XP4SLWUBJRWGAQ","Harsha,TUSHAR BANSAL,Harmanpreet Singh Punj,Tushar garg,SD,nikhil chaudhari,Lakshmi S,saikat",harsha.tushar.bansal.harmanpreet.singh.p564@example.com,5559175351,2024-01-25
"AGQNPJPVAIIWZMD7X5LKPA7WMQDQ,AGPJ54XLGYPWACFVEJ2KWYJYREZQ,AFJFRA7ICAY5EGWEPVUYVN5F4F6Q,AFCINWNSTFJ34CLKQUKDBPPT76RA,AHTNFP2NA52A4C2BE5WK6PFOCSIQ,AHNEADEWNAYISDYQMQWYLB5DC46A,AHPK4TPPZPW5SZTVGVTF2AR33XSQ,AGERE7VCY2MX4KDYA2UECKHFYG5A","Sharon Murmoo,Kuldeep Sadhu,Harshavardhan B Bhojakar,Jayakrishnan U,Aparna,VT,NAUTICAL,SAGAR",sharon.murmoo.kuldeep.sadhu.harshavardha565@example.com,5556381284,2024-09-19
"AHVPFHNEPCJFLAXKD5IGQRRBHMWA,AE7N4FEGNJFTRCFIDRMGOBDVTOKA,AF6FIGYER3CY6DBUHEUCV7C6WNMQ,AF7IXQKBUL6NEIQG4R53LMJJUGXQ,AFKAKXB7ROJUPGDQFMMREJPHKRGQ,AFZEG6L4GPWPLCNRA727ERKMBPBA,AFJZ3VZZ6FQUGCAV2NYXFS44TAMA,AGQ33PJLVCO67H7X7FFQPI3WIXWQ","Dr. Mujtaba Ashraf,Gurukiran Maratha,Abhishek More,Neeraj Vishwakarma,Azarudeen,Kishan Patel,moulesh,Jamesbond",dr.mujtaba.ashraf.gurukiran.maratha.abhi566@example.com,5556387453,2024-12-26
"AECYNJOWTBY3PX3PXUDDWBLIOPSA,AEPARPN2RVNADVDOWX5E43NSRLBQ,AEUSMIS4UMLQRJF7OOIJ6KTVQYDA,AFESZUVJABZQU6FJXCLTVXNWXDZQ,AH6T7UQ53KSUT77BDESOKVK3KCUA,AGLC3O6OCQK6CXGYLFWPEWDEZXKQ,AFRFNC6ASQGGZVH3NLZE6KT3MR5Q,AEMVIKFENPWUSU4YOQKPSDR2MLPQ","Ariz Siddique,RAMKESH SHARMA,Mang singh,Vijay Gharpure,Manish Singh Chouhan,Rohan chavan,Abhay Satyarthi,Jayakrishna Shenoy",ariz.siddique.ramkesh.sharma.mang.singh.567@example.com,5556685195,2024-02-07
"AECNNZVKQPR25O2GJGFWLHBH367Q,AF56FEP276BYOI3GE7GYBD2GONQQ,AHN5GS7H5SE5ZCFJH4KQOWDUKARQ,AFDIF43EHQD67SR2HWPO3W6B7FDA,AFUVPBEMV5BKKLHXC35CUJ45FV6Q,AGWTCY3ED5Q52QJACMXUFJ32UUGA,AE2IJXBP54QRMOS6COSQSEWEJ6TA,AGGC7EXQIXQQET64Y4ZRMOZBK46Q","Aniket Raj,SA,Anonymous,Gaurav,Amit Agarwal,RM,SUNIL A.,Chittaranjan Padave",aniket.raj.sa.anonymous.gaurav.amit.agar568@example.com,5554896580,2024-07-24
"AHAZZ6OGFULNRHTS2SR7HAH223NA,AHNCXTHT7W36ICJ75NEKWWA2AK5A,AFMD4SE25XE75YQ5PNLPNHC7NGPQ,AH3DPG47VN4IXIXJOLBB4IYDHCSQ,AGQGCM2UQZEIKDZL6CHD5CMSWKRQ,AGUUT3CETO52AO4E5ZCNGSFGLEFQ,AHBXADPUQXAIJI5XTHUKDWD3OQLA,AGEFHKQ5LOZMS63V47JBZPDDQI5A","Kalpesh Panchal,Raviranjan Kumar,karthik chokkalingam,Maryam,Amazon Customer,Ameya,SOLANKI LAKHMANBHAI NAJABHAI,Pinaki",kalpesh.panchal.raviranjan.kumar.karthik569@example.com,5553335414,2023-04-16
"AEKJYGHV46KB5CVLQS54Y77VRNDA,AGDONPW67V5WB44YKDWUNIOUCVOQ,AH2G773PSDMH6YDWZTQV46JBDUQA,AGH6Q37L7DIEWBSU3EIR5G2M2IYQ,AFOJCT5TZP6RXPWS6JH3AA6XLGFQ,AH5MGTEZZ3XQQ2VDXWYOWDBBOAOQ,AECQAMC4JK52F4BZZJ23CKZEWXNQ,AFMLNZDRKLSCQYTW64DIOGHX4ZXA","Abraham M.,Varun,Sandeep J,B HYNDAVI,Charan Teja,Bhuvanesh Sekar,Jubin kakati,Placeholder",abraham.m.varun.sandeep.j.b.hyndavi.char570@example.com,5554417525,2023-12-20
"AEKOR4KOSCMLNF7H2XKEERKJ4XRQ,AEMVIKFENPWUSU4YOQKPSDR2MLPQ,AHKONLROYYEFMPWU5WN7NC5VZIEQ,AE3Q5LLITMWIVXRKSDTAIBKUX67Q,AERW2VF2TNA3IAT752HDPH76RFXQ,AHYXOLBCMSIEDFBT2ZQZUWIT75UQ,AHSMRRBBAXRO4SUTY5CLNUTHR5BQ,AELVCVKV5L55NF25RIF5XOTZLBRQ","Jrs,Jayakrishna Shenoy,SNR,ank_bangalore,GSN,Debabrata Das,Shubham sable,Durgesh Rathore",jrs.jayakrishna.shenoy.snr.ank.bangalore571@example.com,5551866973,2024-07-23
"AG6FYUMRVTFM4OWVDHQF4KDQXG3Q,AH2DKPO2N3KYSDBPUHBDHARSSX2A,AEVJPCOO6CKJVR6FZRQHFFDXQXHQ,AHWAN6UWMQFAMU7OUT4YA6BUEUDQ,AGBCACABUIMCCGTZLCVST6F57IPA,AHWONJ43Z6G6Z6BLCJGD7HHGIU4A,AGULGNC3BZBAM5CYV3RDAIQXN6LQ,AH5ZYVU5B5QHUAH4QDCDJ2NJCWFA","Ayan Chakraborty,Amazon Customer,DeepSea,Rahul Raj,Nitin Swarup,Arun Kumar Nayak,Khan Saab!,Amazon Customer",ayan.chakraborty.amazon.customer.deepsea572@example.com,5552834033,2024-03-05
"AHQ4Q75NBEWOM4OWOXUZW7V247NQ,AEQCAMSZJTMNIKXAPXCKT5XLOWIA,AGCHPEKLU5ZFHDV7K3QYXNJQP6JA,AFFXN6T5QGDHRUO24P4PM56E7AAA,AGUPZJ4VI66F5L3GN2VT6QDZEAJQ,AFVIFCKLO7ADXYQAQ2T74HUJEBEA,AFRCL2UST67EVGUTDLV2JGI4OKUA,AFCCTAOXYH2XQNESLRQRH72G27ZQ","ˢᴰ82ˢᶜ ✔️,Manish Rautela,Sai kiran,Dinesh S,Uttam,Shahrukh,ADITYA UBARHANDE,Deepak Kanwaliya",82.manish.rautela.sai.kiran.dinesh.s.utt573@example.com,5557256464,2024-10-09
"AE5JR5HPVSNYE3USXPC5DD5QZPEQ,AGTCKJGZ3Z6MWRYDZBR3BBJSFYZQ,AFFOKWDBWHTD73ESMLG5EHU6D64Q,AEBJF5IZ4I3DJKCO5DFA6UPGX3NA,AG7BFEWBPUBPVFTK47EIJDAYUBNQ,AG37JNOSIVJOXSZEPVVPPBFCS56Q,AHIF77XCTU4RPZQLTOMGSXQAJIQA,AFUHQIJJYON4KDALBU5NF4TOUAFQ","Parul Walkey,Kirthivasan,Ashok.,Deepika,kavan,Mohan,Saikumar,Hari C.",parul.walkey.kirthivasan.ashok.deepika.k574@example.com,5557460345,2024-07-04
"AHSVH7UVP3JM3CKGD7QPMP5ZXTNA,AHPQISIB2DAWTJO3NBJYFMEDERFQ,AHEVYUNLYXJXL5LUWGSH4XBESUJA,AEKJOTUYTW5GOZPGXAN7FOMQ6SUQ,AGYRWNDZCQ4RHAQ6YZIBCQDFMH7Q,AGEMPEOZMB2CNDKH3XBKWQ4NT6PA,AG37JNOSIVJOXSZEPVVPPBFCS56Q,AHHTWGSVW6ENNVUTEPAFHRLQJPFQ","Atul Modi,Akash gahlot,RAHUL RAMAN,Drashty N.,Dr. Gilbert Ignat,Soumitra Deb,Mohan,Mathivanan",atul.modi.akash.gahlot.rahul.raman.drash575@example.com,5559073050,2023-06-07
"AFOPJWBWQAT3U43C3O3HJE7MJJCQ,AEWBG5DA5BABI4GNKJHLAY3IOTPA,AE5BBOZWRMK46CA2IDKPBVIQIFAQ,AHZRZRBWNNDHG2KXXLPRZVBTHTUQ,AHVOFX6HOS5RQTDPP6UONVCRODLQ,AFURZKQOYCUW7VM4OARS72JDTB3A,AHKCSY3JWTOFWMOBQZX7KXDDMQFQ,AE74526CGYUJIWO3DRBFRBTN2I3Q","VSMS,karthik,Latheesh Reddy,Mayank g.,Sachin Kushwaha,Rahmatullah,brahmas_bull,annaladasu jeevanababu",vsms.karthik.latheesh.reddy.mayank.g.sac576@example.com,5552307982,2024-04-27
"AGNE5T4E7SEMJUDM4COI6JBNJQBQ,AES63PZGZP33ZVO55CCO2WYML7NQ,AHQYGDH4CNFRYRTPCENNJNJHULTQ,AEMDF6YAXYO7WQUIAFGEULA7NWWQ,AFDV4H4KLTJ55TV4USUXZQ3SM47A,AHHGXR7CKVXIJ2ZT7XLLXW4DK7DQ,AEBMBHYSJBU324NU4URUAU4RHB2A,AEYMLF2UAU4DY2LCCDIDPFEIAAAA","Ehsan Ul Haq,Abhishek rajput,Nishant Malik,ruhi a.,jasmitha,Sunil W.,B. Bibo,monyag",ehsan.ul.haq.abhishek.rajput.nishant.mal577@example.com,5557580322,2024-09-04
"AEJYXUANEWSM2G7VHRZDANCYLPYQ,AGGUTNEUBYL4DWFU3VO3SR64QPKQ,AHFDICPWOMD7PR4EWYPOT5JZTX3Q,AFUTBH6P5GKM7JEHII7LKYB3XKDQ,AGNHQQDJF2WSXFFIAY5RS22DBECA,AH26TJQO7WSE7QTSY7DWLILS4QSQ,AH6F53CHVVYPMBUDQWTG3LJZVCCA,AEF6JSVY55DHBPROF6AK72DB43ZQ","Meghana,Udit narayan gupta,R.sasikumr,Sweta Chopdar,Amazon Customer,Samisha Malik,Arhaan Khan,Pallab Das",meghana.udit.narayan.gupta.r.sasikumr.sw578@example.com,5552485174,2024-02-17
"AGMR74PGVNG5IU7X25GJGDAT63TA,AFZHVPBS7NVVW2M7U4TXWIQBRKAQ,AHOARBR5RTZEZWDSDTRGIBNM7TJA,AH3PPZMEFKEJLVVCX3FZ264SEY4Q,AHAFEMDFYHJDWIR4CF4JD3HIA6ZA,AHOQRYDRLIO5O3MPE76LHWANC7EA,AFANGSCZERSUTYMODCZNYRH7NL4Q,AFBIER33V2UVWGHQNBRTHEVLIW6A","HIREN PARMAR,Yateesh Rajput,Bhubanananda senapati,Gaurav R.,Sumit Jain,Siddiq,Shreya Srivastava,Sharon M V",hiren.parmar.yateesh.rajput.bhubanananda579@example.com,5552004649,2024-04-24
"AG7MI6MZP3GMUTO65QNUR25VP7VA,AHBZCVGYU7BO7DCSNDWCXK5GQP2A,AECMWB3HNGTTXL2CN4FR6NFXD5GA,AEDRNOENRBIMTJ75EUOOTKRN7YOA,AE5GXCIX32PZKCLESSPQFXILAPNA,AHM3VIGOFAIX3B5LBTVFIH3JPL2A,AGN44TXNKAN6TOS4VEW5N347GCNA,AHZZISWHBQV4TL3MKOJTH22IUNIQ","kashif,sezhian,Dinesh K.,Jenifer,Harsh,suresh,Madhu,Amazon Customer",kashif.sezhian.dinesh.k.jenifer.harsh.su580@example.com,5557922704,2023-09-05
"AF757N27JM5UZFJ3TS5FVGBYVMDA,AEMZHQJZLLZE7YLSPHME5ZJUOQ6A,AGTQADVKZIITNOSSU2VHYAEEZ7WQ,AG5QL2X7ZDWB3GK34SRUZTAXKO2Q,AFVEPSR3NXA6IPMGBTDRZNB6TY7Q,AFDLI3P4HU4RJGHXBV5X4UBM7ZLA,AGSYEEI6BBNNWJDYAHK22EYCPKQQ,AGNR2DWHR4DRJVRRUOZTUU4EY5RA","Subramanian M,krupasindhu,Amazon Customer,Arun,Siva sbs,Johny Depp,Abhishek Kumar Singh,Mr. G",subramanian.m.krupasindhu.amazon.custome581@example.com,5552641766,2024-03-31
"AGHW3JDEF6JIRC4HB43UDMKOFXZQ,AF4N3Q6OEXVBSAHPK5NVJRGEZT5Q,AGM7YFUBLKUQPYVYZQDDPI3RXSZA,AHECHFXUUNHLH3RQ6ESN5GCUHGPQ,AGGTMAPT4WBWP2C62I6CGW22QNCA,AH42ECAG6LPCU22T5BYN5OXQO74A,AEYY76T7GEFE75ZEMXWPKW5H3LEQ,AF6SAPRZH3XU4YBLVMC6THTXAPCA","Shaikh Faisal,SISODIYA NANUBHAI,Aaryan Jagtap,Mr. Saddi,Arul,SOURAV DAS,Tejas,Bithika Paul",shaikh.faisal.sisodiya.nanubhai.aaryan.j582@example.com,5551186401,2023-06-29
"AH6NK74TCKWVMLPVFEC44ZLT546Q,AEUNLUIL7UEDSBOHDA52EP3CT43Q,AGKEIYGWTR5DFWUXTQK2GJCADGAA,AHYDGBIJQH2XC4SMUNVX2HGKOELQ,AGERLRPT3Z7WUSIERUPQ3NNUYGBQ,AGBVV6FOZ3OTCYR6XQ7UZL5OOF5A,AEBHFCOMRX6G22X3JLSCKHLXPTOA,AFZZKKAWBJWFT7ZNDHWFPI2LJTLA","Nafisa Nehar,Narinder K.,Mayank,Harsh Raj,Dr.G.K.H.KRISH,Soumava Chakraborty,Sahid,RAJU ACHARJEE",nafisa.nehar.narinder.k.mayank.harsh.raj583@example.com,5555965556,2023-08-01
"AH4RET52ZMGRWFVZDYIC3ANTDNZA,AFZF624S3KR3ETF5MQRA2CTEEOOA,AFVQA4IJSHO64L2W67VXGZLWDGKA,AG2H434HPEN5BMI4TKNQGUCQE77A,AHPMZZOSE5TCIKKBOGRDOKZVJLMA,AEJBFSMMLP6KY56NRUUCZB6WVIEA,AGTJ7HNPS6WJFXFLM7ZFLLVPUUZQ,AH556SFTL3M6YI6NWOTRTGHA4WRA","Nayeem ur rehman,Selvam_saravanan_reebok,Kriss G.,Amazon Customer,Subbu,Pranav,Victoria,Shashank Khandelwal",nayeem.ur.rehman.selvam.saravanan.reebok584@example.com,5559438963,2024-04-17
"AFVD56LA6WDD3SSROFLFQVHLSHJA,AFKGFQ6SM5VJVVFZM7RNLTQ4QFMQ,AFZ2XU2PKUJGH3N6MCYNRFGVUU5A,AHY6XDQNLICAHSOUPBE47XD3UDTA,AE7PU2TS7JOYITZOCZV5YQ2D4LVA,AFDQY2YWCKPDNXKZDTLPJAQ4JO7A,AHOSX5HUOCDZZKOMGTHESXDP4BQQ,AGUBBQWRKM3QWTTVHVOYM4IYMDFQ","Vibhor sharma,Eshaan tripathi,Arun R,Vikrant Khatri,Mahir,JASVINDAR SINGH,Mahaboobsaheb s.,aasim khan",vibhor.sharma.eshaan.tripathi.arun.r.vik585@example.com,5553731236,2024-07-27
"AGRGIE4WRRX3CUQLN2RJDIJE3HSQ,AE7QGXIB227O4GIHLSTP2Z6VENCA,AEULY7BU52WW7X5U6TUNDBO2BU3Q,AFFHWVYKVSRM37YO4YB3Z6IMFLYA,AER5JFSJPXWDBT3VSBEHV6VVVIHQ,AF4TKZNEXBR44GBBFYI6D2I4KKFQ,AFO3ZXLJKCVDKFHGSXAFA6AYDE5A,AERWXGUBL74M7E5ZZ255BQBB6S6A","f1rstmehul,Kalyani Ramasubbu,sourin roy,Sujit,Milan Bhanderi,Shivam Agarwal,Manav,Karthik",f1rstmehul.kalyani.ramasubbu.sourin.roy.586@example.com,5557729110,2024-03-10
"AG7XDPNSDQFE7CPVN7ODSPVOAD4Q,AF54QC7SIVQCZ4D2KIEIC4GESBFQ,AFNCBTSEMD3A4C34GITDLZIGOSZQ,AESAFKWCY522JNXNL3GMD7K6W6KA,AEJQ7NWZITDPI44AMIPQPK7DQLCQ,AEUJXKO6WMZSLPCK7OD2FF3LV5BQ,AEH5I544J65UH4UBNRET43YVAXOQ,AHVWI4H6HLGS3KQDKNQWF2HFGEUA","Amazon Customer,Jayesh B.,Sunil,Kaling246,biswaboka,prabhakar,Shekhar saini,Mohsin chouhan",amazon.customer.jayesh.b.sunil.kaling246587@example.com,5554681724,2024-09-25
"AEGWP42GIGIOVDTY5DG2A6E4AY5Q,AFAQCBEHAIWL5F5W5PTWK2V7U4TA,AG5M7MJQX6OLPQ2CFRNGKTC26IZA,AEFRDOHS5FREPDSZU6FPMMH5QXPA,AGUCBTQJ5SB74KLB7QHID3VMEQHQ,AH5FRUHWJN6LLDA3WQUHV7DSE3FQ,AG2DJXFBQPAWRGKC2LLG4IUWWJNQ,AG2VPNDAAPKBRHLK4L7CWYBZPNAA","Asraful,Sagar prajapati,Mahesh Kumar Tiwari,Amazon Customer,Manav bhanderi,Tarun,Yallaling Maruthi,Rahnuma",asraful.sagar.prajapati.mahesh.kumar.tiw588@example.com,5557111209,2024-01-21
"AFNCX33YXD6T4LAWBFYXN6RR7LZQ,AGOJ5KXS5VV6NQS3XHAGRDZ7S2BA,AFWEWWOEAAHDSL4SLZGRNGT57HDA,AFNGBQYXHSKNKA4E6M7RBIESDL2Q,AG52N6UOIS5XRAI7K6RRCGIIGGYA,AFNUG7NKSURNWMYX4JL5T7CL53XQ,AEDDSZIS6P2DL7Z4MHVXUKLW73QQ,AFFTXR2YGTS2NVJHQAAWSV7UNBPA","Uthiranathan,Scuba_3d,Amazon Customer,archana,Nithin,Annie Thomas,ziya malik,Surendra verma",uthiranathan.scuba.3d.amazon.customer.ar589@example.com,5552361805,2023-12-05
"AHQM673VAJUI7R3VMP4NWML4CZLQ,AG7HW2RWBBMIKW45MHWWO3MJPAMQ,AHAMXU574LIAJQEZIHZFB2VF6XEA,AEVK6SQSDGDCBJF4OM2Z24SXE36Q,AEOOR2OZ72WSRAVRX42ADEZNXQSQ,AG7NKDJ76WUK3JVPQ72NHUHHKWFQ,AFLID5BXTJU4P2YML63YQCJDCP2Q,AFI6OXAAZYUPZN5I4RP7TC66JK6A","Mastercard,Krupal Gajjar,Sanket,lional,Atteng Eric,Deepu prasad,swetha,Abinash J.",mastercard.krupal.gajjar.sanket.lional.a590@example.com,5552640788,2024-10-23
"AG6LARJ3IHDAIRVVN6WW4Q6JTPJA,AGRR4GPFNWDS7BAR4XXDSLRWHS7Q,AENVIGC6PVWFL7WNAH2VXOSK5AQQ,AHIWMQ35DZ32I2NXFG3FZGQ5WUVA,AGJGE65PDHD3YRNJZX7AJC2OYYFQ,AFWQUAD7B6KQ6EMMOUGFBPXWFAYQ,AG6NHOI4HQRYJYKR7M2DERXZNMIA,AFW5XNPYWYUD54B4GHGBC7JTMYHQ","Jayaprakash,Keshav Rana,Mohit prime,Aman singh,Yogesh K.,Ngiantseng Thowmung,Akshaya Rao,Dinesh jumani",jayaprakash.keshav.rana.mohit.prime.aman591@example.com,5552912895,2023-02-23
"AG3P4IMSW644U3FQ2765XNZFNC3Q,AGDKW4WQN3ZJJ4CVYLNXLCK5CNIA,AHU5TPA2UXOKQ4DDHN5RNZVBZLYA,AFHAATSERIT56U7QXWGJIL4MO3KQ,AFX5VVJ6G4NBFDWPMRQBFLYWEW6A,AFUUXVY2MHW6RYIDUUOPR2HDA5OA,AGZRENIZWCVXGLGXBQR4KWQZK6AA,AEBZFCW7Z2OSX3FS2DVMINPUZ6KQ","abhilash n.,Tk,Mayur,Ajay,himanshu kumar,Harikumar,Raja,Syammie",abhilash.n.tk.mayur.ajay.himanshu.kumar.592@example.com,5551219779,2024-12-30
"AH6LPYJT5UBJ7CIEWVHDCNQAGWZQ,AFG4CVSEFXYGJMIHZKX7JGGLCSZA,AFEXNZMRCU4SZFDGWRO6P4CMOGRA,AEUTWNKAMWBUEKXPNPWLZAV2PASA,AE4WVGQ3VRHKHQN3CNM7NCZL3BBA,AGQA6CD2EAQHTFTTONWV6IBD4PLQ,AHXVDMVAJ3EJF56HHLY7CHZK5ULA,AESCIZFPXLL5RG2IAYQEL5V2KNDA","Nikhil M.,Quader,Amith Bipin,Preet Shah,gaurav bagde,Anubhav S.,nirmal,ABDUL BASITH",nikhil.m.quader.amith.bipin.preet.shah.g593@example.com,5557379277,2024-05-01
"AEV2RFEWLJIWQDBU7FMHAUJT7PQQ,AGN4RT66HR52VG2S2I5B4LUDEZNQ,AGTTKLYUVR5XG4LXI6QWACQJJKRA,AF7EAJ3DVQJ5OV7EN7NI4ZCTUKOQ,AGCEQDLYNNIX24BEH2YDCDOSQJGA,AFZU2DMK45O2USJ3FVBIXTNRZXYQ,AHDAF6TAAIC7SNQVJIBHZSWZHPGA,AEOA3NB4DXSDU3E345Z7DFFTZLTA","JAYASHANKAR VB,SHAHABAAZ SHEIKH,Ranjan,Nilanjan,Mohd Aniz Bijal,Srikanth Bhattu,Saif Shaikh,Govind R",jayashankar.vb.shahabaaz.sheikh.ranjan.n594@example.com,5558210404,2024-05-17
"AFCNMPYF3HBJZ3FYMKXQAMR55OSA,AFW6KM45ORMBEVYBQ4QMSGG2ODOQ,AEWQF6RZYLNE6KZGF7DKK3C7IVGA,AFSLFJUEJHEFU5FAYUPIW2DZZR4Q,AEFUZZHV62AGF5NW5JJMEQI5TJ2Q,AGYOCAXRDRTOABD7L7HRINORYK6A,AFGWCA57CSCLUTCHHHRQOHUZALAQ,AF5DDVYNOENPTAMINHPTVCNWPCZA","Deepak kumar,Ahsan Shaikh,Karan Khanna,Sagar Nemade,Fazeela Fazzii..,Manoj,Sujoy Singha 93,Mani",deepak.kumar.ahsan.shaikh.karan.khanna.s595@example.com,5555130150,2024-10-30
"AHTBDJ3J72O3A3NQNV2OUTOXP36A,AFPYH3UF3GB4RNX3MX46AXFM2FTQ,AFDER5KTHQQR7JFESKR2BGL7N3FA,AHOVXBUFOZ5ZU5QYL5B26JZ6M6SA,AFSJ6X7ZQ3N3TLGPUCWW5U2DP73A,AHQAQBNZHEDXSAPJK3W3S2BAIDYQ,AGHPAJL4PEZZNE6X6JAKEBI2UG5Q,AH7BGAGRTSO5HVQAS4TWUXAV3G5A","Sonubhai,Sujili v,Mohammad Maqsood,Mohammed Jafir Ashraf,Asirvatha ravi,saif khan,Jeni,prolay",sonubhai.sujili.v.mohammad.maqsood.moham596@example.com,5558521074,2024-07-11
"AGDI3CM73SM6W3GZTPAXJ23GNXUA,AF2WVFRQZPM6MC653VXOF46XYNSA,AERSG63VY4JYAZNAFLHC5YBE7QYA,AGD7FEEGW5JL5H2DY4PAHXBXEOBA,AEYPXM7M4FENXD3QMAU2DHWJQSMA,AFR23LRVE7CTSLJBHQFDNYMX5HFQ,AHSNDUCUGAHGPOTD4PIVFRZK3GBA,AEV2ZXYQ2Q4ZKT5EADCYWVI62Q5A","siddhi kamat,Reshma Sagar,Mahima singh,Sayantan,Akash Tyagi,Prerna Hazarika,Benjamin,Abhishek kumar shah",siddhi.kamat.reshma.sagar.mahima.singh.s597@example.com,5556261642,2024-10-09
"AFUKXJCLJNJK6S47HUN4KLGPFHCQ,AEYU436CG3CVTGML3U4BQLM24X7A,AHWGO3DOMU5Q5D2THPQOCILMEL2A,AEC6ANESUDELYRB2T3RKNZCOXMMA,AFO5GWF5MXFJW7SF3RKUTJXPB32A,AF7P2QHPYH6Z2KS5K2V2MTRPHOOA,AEHAJER6YJ6UB74W534EA2CA355Q,AEQ4D3BU3IY4OTLZQAL6VTAOWUKQ","Sancha Bir Subba,K.R.Kotian,MANASH,M.Suresh,Amazon Customer,Pratik B.,Velu_Vadeo,Sudipta Dhar",sancha.bir.subba.k.r.kotian.manash.m.sur598@example.com,5556329105,2024-07-12
"AG62NLRIFTN2XEHSJ6HFEUWLNUFQ,AF52BVFW4ASG3V7VPP4S4BZII6DA,AFAS6QTXL5CPXZ6RHDRQP5FDQ5XA,AFIUCL2BAVOF2TKHTDO6SILLENFQ,AGYRHFW4K32QEH7TATXEH565CBZA,AHQH5PRVD42NW5O7FLDL2ETIBOXQ,AHSXVV5G4YWE5XMUXSP6ST7S3Y7A,AGRQAZ4YPQE4JGYOYPWSYCYOLQPA","Chetan C.,Bhasker,Heet Kantharia,Kavitha  R,Roy b s,GG,Chirag Kathuria,Neeraj Ram rakhyani",chetan.c.bhasker.heet.kantharia.kavitha.599@example.com,5551389265,2024-03-03
"AF6FWJDVYLDXCQ3XUAMYDIMTDE3Q,AEVREAMLELSSIBFZAFMHJZHZOCEQ,AHFQHRUOXMDEODCDMN7DAH7O3XUQ,AFMEP5XCM2UPBSXEMETTX2WKYZXA,AHP5XVXHFNOISFJBZ3NQX75EC5QA,AGHNC3MCDVNFBHJE57OTC7AOT6YQ,AEYTSGFWZ4ZRHMCUB3CPKEWFHMEA,AEDKRMDACO4VWC4ERJ42X6USUNTQ","Jaldeep,karan,Kalyanchakravarti Nemana,Swapnil S.,Aman Kumar,Sanjay Tikoo,Yogendra B.,Sitanshu kumar",jaldeep.karan.kalyanchakravarti.nemana.s600@example.com,5559297259,2023-05-16
"AGSYXGAGS3QPCXMCULCHPZHVZY3A,AGYI2ZNVO366FOQR4EPOZRQFKZHA,AGSQMFOIENJJKSUCLBBILKW2Y3SQ,AG43V5KMRNBDZHB6JZNM2RSJGEHQ,AEKKUECOGRGJJGSMDTDUTI2JKL5A,AHIACMMGVA72WI7Z7AH44ID3AVUQ,AG3WWBPMVIMZILVOZGYXYAA5M6UA,AEB3YEBRITFKRFWRJ6F7VGPIR6FQ","Rajesh singha,Bhavesh,Sivanath,Akanksha suvarna,honest user,DEEP Sadhukhan,Debjit Chowdhury,Kuldeep Rai",rajesh.singha.bhavesh.sivanath.akanksha.601@example.com,5557087764,2023-07-26
"AGFSOG7QWOQRQTDVWUVK4WPOPHSA,AG6UPQFCRHSQODIOVIMER3P47VQA,AFY66NURTOX762MUCC6G4QMEBE3Q,AE3NPJLVC2YRPBNFICNMX5ZB6MEA,AGAZYH7WC2DAX4C5Q2IJ3QNNTXKQ,AEBVNEPJTREFKWKSVGGA4OTLKF3A,AGCLISGESOSSRSZW6ATE4IHBDFZQ,AH6BK2HIRJPBQKUMSL42RVA2UCVA","K. Vijay Kakulavarapu,Samuel Nesa Kumar. L,Nelson,Abid,Manav,Saurabh yadav,George V.,joseph",k.vijay.kakulavarapu.samuel.nesa.kumar.l602@example.com,5556726170,2024-02-07
"AHOSVRPAZVI6XRKDHV4VQKRHMV4Q,AETMXBXXZHMQXZEJUFTS4VEBC6HQ,AFK63ZR76EMT36E6263UOQCDR5FQ,AE5BEDOHJHOGLXFPGD7XGENYUXCQ,AFZS47FK76MBKOKQHQ2BEYNB2ZEA,AH3QHP5V7G52L5SDIIAFE3TN3VGA,AGFHSRASMHH6HVE5ZRM7FL7MUBOQ,AFHV7P56J3ZHPKSNHAQSO4YCETBA","Dip J D,NJ,Kailas h rasal,bhoobalakrishnan,shekhar,Sekar,Ankit kumar,Ujjwal Murmu",dip.j.d.nj.kailas.h.rasal.bhoobalakrishn603@example.com,5552457589,2024-01-06
"AGC2PMSRLC3GK54AGSC3K4VQRNJA,AE6JJW7YL5O4AMNXCKPOXXC6PA3Q,AH4Y6H6PRTHH24FVECTXBUOCALYA,AELPPLMH55RVXKCSXTVPBOVOIX2A,AGOFVAWAS7B25ZHWYBLYIXX6FXBA,AG4HRUL6S4S7W4SSANHGXJKEBNKQ,AFI6J7FM55FQVJBAEQHVPNNQSKQA,AH3HPLFU4X7HBCFKBJZU2NOF24XQ","Rajendra Singh,SUBRATA MUKHERJEE,Abhay Meshram,bahlung,Pragnesh Patel,Mithu khan 9732,Koushtub goel,Rovin Singh",rajendra.singh.subrata.mukherjee.abhay.m604@example.com,5556642361,2024-10-10
"AEF5RCDWM36RUTBBON7LXA26PTCA,AGLAZIZLDXX7FKDCSJ6ZLKSHW47A,AGUL3ZHFKXB2FHBKW6EMPCOZBV6A,AGGJYZTRMD5LELUKQE5ZNVQ326BA,AHTOUZO3OWX3CDI6OWWD2QY3NYWQ,AHY7SA7H5WSKZPBFECKTY6UWHFAA,AFE7A5UHWCAOYQVYDUDDHOUJFMMA,AHXG6CXWUZKDMM5DNC6BELMP26QA","अशोक वैष्णव,Satish,KBK,rajendra,BuyerOfProducts,Manjush Mohan,M.A.SAMAD KHAN,laxman pallikonda",satish.kbk.rajendra.buyerofproducts.manj605@example.com,5559781660,2023-12-24
"AFOBWTUOP4PHZ5K7XW4SPJWKDIKQ,AFYMFZN2MFKODDI25OZKLO36LCHA,AFRJ7RO4QSGVXMGOMAYKDF4NV5GA,AHH3N6GR7D7M2TQEMQ2YQZ6E3VSQ,AEWMKIKL7BPEMHC27IUYWYM2T7IQ,AEE7B7WVQ7D4AVZ3PNCXJEA36ZWQ,AGJ7O6CXXXUN72WOV5JID7X7ZBMQ,AFFDNRHZZZB4RCDML523QW3BV24A","Kohana,Sameer,Rishabh singh,Sourav Ghosh,SUBH,N T HARI HARAN,Gurujeetsingh Pardeshi,SB",kohana.sameer.rishabh.singh.sourav.ghosh606@example.com,5552013076,2024-07-11
"AGI4CCISF6KU62HQAT2VM4GNNNJA,AFRVEW4OKSGZ2FNKMBGZK6CXRLHQ,AH6KDBZ4SDILJZNKGSFMW3NOWMGQ,AFHBK5CYQFTCGBI3AI5RVFZ5XCVA,AGWF4RTHPA35XFXCZZGOORF3KOTQ,AFU6A2VUU2NNOTDQNVKBCY7B5ISQ,AGBFCJ255MTTPSXYPTKWN7BLY6BA,AGB4BQGMMGUSJ2SMZJDCF7WTQSQQ","vinu,Goutam Banerjee,Rajeesh P,Sheeja Mol,Suman,anupam kumari singh,Sourabh,Amazon Customer",vinu.goutam.banerjee.rajeesh.p.sheeja.mo607@example.com,5554466463,2023-04-11
"AE376Y5V3WTFCERMS7ZVYUZCFNUQ,AF5GSV6GVHTLGBTN2NIS23BQN7HA,AEQ57W6KFWU72BECDAK5CJ3OML5Q,AEZLUYRORWZXFHOSF2KN4GKOOATQ,AGNLOWKPE2OQVARLP6ZDG5ZHQQUQ,AFQBZXNFOTEDURZEUQ4GBITKZ7CQ,AFQZ4Z5IE2BDZPQJ7OBQS6FXMWZQ,AFY2KVXOARKAYSSSHYAZXMKB7ZKA","Manish Kumar Pandey,Kayal,Nilesh kamble,Princedarji,AMIT PORWAL,Naman Khokhar,Rohan Narvekar,Yusuf Saifi",manish.kumar.pandey.kayal.nilesh.kamble.608@example.com,5552013006,2023-11-30
"AEKIHWXMZFS67F2COXCDUERH5PXQ,AEEOKIYMOYNGBWPWP3FJDCRYUCMQ,AFSV27BUBBO4RXKL2XTBKTIPEOSA,AER7VVMGX6M6QAMBZFMCQ6A7MZAA,AE5GTUXFCCPSGKHOEKPPBZXXFH3A,AE23WGYTUMB5R6JJMBU4V43JIW7Q,AFNMQJFHA6ZOCOGA7SINBVYAUIPQ,AEXW3VTOJOMHJUJV5ZQILFLJYNQQ","Vignesh,Aniket,Nitish Kumar,Amazon Customer,Yusuf,Nageswararao,Ashish,Bhupendra",vignesh.aniket.nitish.kumar.amazon.custo609@example.com,5556931381,2023-03-03
"AFC7Q5Q64XM2Y64FT7Y3L2YVALRA,AG7C5TFPIBMWQQC2SY4UPPRF6T6A,AEV3DHIQIEUNDUMXEPHJBVZ3VMHQ,AF7WOI76RSO6HPHORY46KHV2KARQ,AGLMQEABF4OCKPYA6Y4H6ITQQMXA,AEEXZXEWCWYDJLF6GTCY2Z26BNCQ,AEBEEV5D2QU7YGXUN4BJIK4UUFMQ,AHGY7QPVZJPTLRLC4ZAY2N4EISNQ","Balamurugan Trivandrum,prathmesh sawant,Praveen Stakez,Dhananjay Thackeray,Gyan Bhooshan Dubey,Ranabindu mondal,Nilesh,Ganesh S A",balamurugan.trivandrum.prathmesh.sawant.610@example.com,5553464441,2023-09-04
"AFTUS3YZBNWUVW7FV7AQ4O532UNQ,AGREMFD5IKQE5NK2YCOQ4XNUTUDQ,AHHCU7EJOMSMPWWIYKX5AYZMZL4Q,AFMCUIC3C5CHX6MWTMK6NM5UDCLA,AGA3HQYJUDXUSMKY2XA7VMWANUWA,AFPORMGJWOHUS73RCALK7AQLVLSA,AE4YLPCDLNTQVAY55PYV3LYJYUSQ,AF7LYQTIS45CKK5MJKT4D2B7VWAQ","Rakesh Roshan Koul,Vikas Kushwaha,GR Talwar,Sunil Yadav,Amazon Customer,Aarav Agrawal,Tushar Jain,Amazon Customer",rakesh.roshan.koul.vikas.kushwaha.gr.tal611@example.com,5558054764,2023-07-22
"AGSPAJCL6J6YDXIAPE76RI7HR5AA,AFU6BZRZSMJBHGEYA6E7O2UZEWXQ,AEZ56Q4ETISVJMCTD6W2Z672HIPA,AFBQMEOHKDRW6CJJFN2X6BVFQ2XQ,AEUDP3SKTHEQV7VQ7TV6PCVWJUMA,AG5OWHWYJUE7GK5HV47FTXCLUL4Q,AEADGYDCRKJZHYV73SEXX5CODVVQ,AFEPF3H7CZCWZW2M4ZVRLD7HTTIA","varshini Mani,giri babu,priyanka singh,Geethanjali Arivudainambi,Aftab ahmed,Zahwa Husain,Amazon Customer,Raghu",varshini.mani.giri.babu.priyanka.singh.g612@example.com,5558105713,2023-07-22
"AGLAZIZLDXX7FKDCSJ6ZLKSHW47A,AFBQNIYHQELPL3AS3CI5Y7MWAJXQ,AHCQZGA4PP2US5BBID5MH7DGIRCA,AHBAFNJWDQVW7JM7YGQOHNOCVM6A,AHJBDYJIPK5LBAZKUJ5QEN2SGAWQ,AGPESJMSSBWG5JO3AUJN4IZKD7TA,AEDY3GIDR2RJL5RYJ3TZYZ5MUJ2Q,AGF22A6YFPOU5427WPDKHGBCDTJQ","Satish,Anonymous,AJIT SHRIPAD GADGIL,Lovejeet Singh Randhawa,jaiganesh,millon das,Jincy Thomas,Venkat Kumar",satish.anonymous.ajit.shripad.gadgil.lov613@example.com,5556683127,2023-05-30
"AEZTXYO6KQGB5TJF4C2QF4Q337ZQ,AEMDPSOBAW7LQQ7RCDG65VFSK3HA,AHR3OXVD5W52Q2MYS737HKHMTCHQ,AGWIRVRBLNDID5X4KTAFBTZU2U2A,AFYA6RUSF2C4PVOBWDACACIU2SBA,AH6ZRK276VT5ZAI6TDZ442AS57BQ,AHQTD5TF5VW5IPOSAGIZ7VYFB66A,AFC4X5UHL2LN4PBS2TWOMIZ2GHAQ","Neha,Amazon Customer,Rajat yadav,Vivek,Joy B Hans,Periyakaruppan,Avinash,sejal ghuge",neha.amazon.customer.rajat.yadav.vivek.j614@example.com,5555745531,2023-02-18
"AGPGSHGMGBF6GBOQ7ZXUBQ3IFZJA,AGCTDYXDS2ERAZO6ACV6JTFOHIZA,AHRUFDHGCKZGKT54AVRPZEUTNROQ,AHMN43SPXNEJP5O5QDLMZJXUAECA,AEUDSXTROWKKBDOIXDIPXVUR5GAA,AGM6G35OHG5KQMIRRXHX72G3LK2A,AFRS67BBE6ROLU6SGM626FXNLFNQ,AEEJ44O5YFDJ7ILQI74U7XMNEFIQ","Aditya Chatterjee,Raksha,shubham s.,Lucky mir,Shar,Soham Papinwar,AJJU BABA,Suman sutradhar",aditya.chatterjee.raksha.shubham.s.lucky615@example.com,5553071514,2024-02-22
"AGK76H5VGHDWFQD7JTHVKZNQ5BHA,AHWXK2FU23OBRZZUAXLTBDI3GMIQ,AG6MJ7SV33TYEKAWZOY7HBZ2W2WA,AGIVUEKXGQYNDWJ2UDEE6T24G6LA,AH7Z4E2IL2MTD636EXSVY3BP6DYQ,AEQTIHVRG63RUHQ6HMSZZPITXCSA,AHYTLAOGOPXGT32G7WO2MNPWKISQ,AFPZ5LEIQUTJBH4TEJFQIQT327NQ","Parul S.,Prateek Tiwari,kateriki,golla ramesh,Misoma,Gajanand Raigar,Samir,Jupally bhanu",parul.s.prateek.tiwari.kateriki.golla.ra616@example.com,5558887580,2023-06-05
"AGD6ND3S3MD2GWZDEJJ225BLLLUA,AF6WTL2BAI27FGX2BFG3WCXREK3Q,AG3PFOJEF5GLV3YFEAWJUTBBSIEA,AET5DKTUHQBYCL3S6OBVUHPPGDUA,AHAXFLMAGSIXKYFVDPGC3QLAEOOA,AE6EIDBISBBJAAF35WCPRRY3NORQ,AEGAAZHTQRX7HIKMQ4KTWNBICPEA,AEA7RJWIWRHGUYKUP6LJBPRSZCDA","Ravi,Shrey,Deepthi,sreeraj,Priyadarshini P,Abdul Aziz,Neha,Sohan Maity",ravi.shrey.deepthi.sreeraj.priyadarshini617@example.com,5553036569,2024-08-11
"AETT3TJOC4QSORCIDNNMRWXFQBJA,AEKSSQBYFN4PVMF6TFSWCDM3GGBA,AH6FWLRYYSUC255E7WWU5QRIWS7Q,AFLKD5Z33WDQ2XULJBYG76T3YGVQ,AGT5DX567X2NQXMMIEMN3DPDQNSA,AED67MOMBSOFF4YGXKG4BNH4L7CQ,AHVGOLL7QJE3QK46VKGLFMON2ZZQ,AFJSUF6UQOVP4YGWFRSY6RSQJ2WQ","Shahul Hameed Izzath,Ram,Boopathi,seeni,Umesh Bagul,Mohd Aslam Khan,CamRawLoofy,Anshuman Kashyap",shahul.hameed.izzath.ram.boopathi.seeni.618@example.com,5556618059,2023-11-30
"AG65C34LATM4J3ZFKJJPDNISZKUQ,AG76GICZHJGA7YVN4TORX36ONVYA,AHHIHCEKEYDIRPJ5W7WXGLB3E66Q,AFYSF6635O2EAPR4GMVBH74FSIFQ,AHAVRPA7Z3PKTTWVBVUISCKI7RYQ,AEDH674UH53A5FKLUZCCM5LVKUQQ,AEUK344UA4FNU4PR4AWSPKWX5PPQ,AGPAK6ELVZPVKQ7GEZ7IUHNK2C3Q","zain,Deepak,VIMAL,Shiv Sagar,Tamil selvan,Rakesh yadav,PAGOLA SURESH,Olivia",zain.deepak.vimal.shiv.sagar.tamil.selva619@example.com,5557259456,2024-12-11
"AGXE2OEXIRBIE4WCKGQYVF4ZY5OQ,AE76DJPCEWHN2OTAI3SQR6WIPB6A,AF5SIAJE5YC2OYZFZZXRUTCQI2CQ,AEJ6Q7R4JYX6VAWBWTCZQ2BATFYA,AG3I2ANE4UBBMC5AH34BVK2STVZA,AECKINXPQ25FT226Z26A5P6WM4DA,AENR3S7MIPA25OAPDZHF3SYFMRSQ,AF3C2ZU2DQCZ6VXFRECIHFFYMZKA","Sthith,Bhagwan Patil,Abhisekh,Murtaza Chhatriwala,Beixun,Rohit lakra,g.d.nithi5,Tanuj Tiwari",sthith.bhagwan.patil.abhisekh.murtaza.ch620@example.com,5554892245,2024-06-02
"AG3G7G2DUJKN5YMCOYZNCADKKJUQ,AH44B2X6AT45J37MHHTU6RROTR4Q,AEK7LRAV4F5SJOHLTLWOHW2HGDKQ,AEJNQ7HJWCUBEAPBJY3WNA4KYCSA,AGQUWP2W5FVCMMXE3TITGSKHVW7Q,AFVIOYI64LWX7ZMVHYEMSMPMGEQA,AE4KGK2WCG6QWH2TOWODVEN4F5OA,AGB3BMFYPRZH26CFIYKTDIA3NGVQ","Madhusmita singh,Sandeep Singh,Jay OG,Asim,Vikas malakar,Nitin Verma,Amazon Customer,Subi",madhusmita.singh.sandeep.singh.jay.og.as621@example.com,5558041682,2023-01-17
"AFQLURVIOJ7LVLKNHB76BZJ5KCZQ,AGWO43ZNNSWNOSQOL4QQI2LZ3PIQ,AG6UUJCP3QT24QUCT5PTQIYWUI6Q,AESTKWAZITTK43OZLDVJKVQRUF2Q,AENVPHUT7FQF3OD7CPPJYVO2YWIQ,AGZTN3YNM6RFDCZY5JPZYULSKWNQ,AFXZDRPDWF4RVB7PYC4W7EX22PAQ,AHPGVB4FAYZ7VYKWZ3CVGCYLVRNQ","Miki,Nikhil,Nidheesh V,Patel raiyan,Embari Sriteja,Shubham Kumar,Amazon Customer,subir das",miki.nikhil.nidheesh.v.patel.raiyan.emba622@example.com,5551103857,2023-12-27
"AHYZC7TAK75CSXYF2V57TT2XB3VA,AHVSVASRHLY4HII4CH5GEKNUWAIQ,AHU3G6JL2C765DSFVXYNANCGFATA,AEF7R2XPRQEBGHMMUTQRQNQ7CHLQ,AHMWV64SEF7KPL6YJUVNNIAIEHJA,AHBVHPQ4W6276E6FKYIQHJQ4BMRQ,AH6ZGBUYPQH5WWPNBBMYQMYOOYTA,AH4XKLZAXDJGMB74RNSTAQD6T33Q","Kulasekaranslrk,Amazon Customer,Sampada,Rudraksh,Narayan,Vivek Jadhav,srivani,Amazon Customer",kulasekaranslrk.amazon.customer.sampada.623@example.com,5557567069,2024-06-23
"AG7KK4DGWS4RKQ2S7Z7KDSWSNT6A,AHQOCMTZCJLDZWHA4UFRGXE3ATNQ,AF3TCDSYBVZRSHE2MU3NV74C7YPA,AG4PLTD4U6CPUFP5VA6TUWM3V5RA,AGLZNLY63W3AQ3LE22NHKILAS2UQ,AG7CR672RR6AWBT7I62TSPGNS2NA,AGJL2UK2F3UGV6J6SLRUCOI4CJVA,AGVCLAOUVKP6ZCUZFCPDPBYFYJKA","TASAVUR,Manoj Kumar D,Pamu,RIYA,MEGALAMANIPG,Vimal,RAJ KUMAR GUPTA,Abhishek",tasavur.manoj.kumar.d.pamu.riya.megalama624@example.com,5551087459,2024-03-17
"AHI7MFQMUC5N6DRDGTYZPAKPWF2A,AF4YTGSRB6V6GKOASPKQOXBSV5WQ,AG4HJD7JUH5N2VD35E4V6VT7GLMQ,AEXQDRMTF5ZQUUSHS7BCNNYOKRQQ,AHTQKY3RQLPSFW44ZP7BN6BCKGAQ,AEFUKUMHKDI2O3TFN7HKNZIP4Y3A,AESLA7XGMFNAM724AWVRLZHL376A,AHI2K2FYRC2LPTJ3RLMDZEEDTPUQ","Sasmita Chopdar,Manas Mishra,Atul kumar,Rudra Pratap Singh,Harshad Bhairamadgi,Manoj Yadav,Gyannidhi prasad,Lokesh kumar",sasmita.chopdar.manas.mishra.atul.kumar.625@example.com,5554207224,2023-04-10
"AF52SZE3RZ4OMSOTV2XLI7FOVKMA,AH3M2HOCS7VMTXCOYYI2AKZTFQDA,AF3XCKUXNVV4TXZRHMFCHOP4A3OQ,AGFDIWO3DFWN2Z4EMNSGIOVOBHEQ,AEVS6WG5PFGQNGWB34Y4NBYQD5SQ,AHBHVBSLQAZYWDF5O7IURE36WXPQ,AGEZA6R66R66NKFHY5CKESBG6S6Q,AFDB5OD5HO5R7BDUFTK2VEMEOCLQ","Digvijay,Vismay,Yogesh,Rajesh K.,Yogesh Dhurvey,Nitin Soni,Hacker,hariprasath",digvijay.vismay.yogesh.rajesh.k.yogesh.d626@example.com,5558133761,2024-12-31
"AEKKBA277W5KM6HAY3YDVILIDSEQ,AGWG6TUMPUSGJEUNI37AZRZETKPA,AHUIE3AFZ4L4DOWE6HF5XUXBWM7A,AEY6TYWTFILWUXH5SPW2EUMOLBNA,AFIL2POTFUFLYZ3Q22FF2S4KIC2A,AGA5YIBRADKT7MTOS3NDW3UOM4DA,AGODCNPZG4Y2TY2CB4SBCJN5YXFQ,AHYUQQD2MUJHFJXWYZ6KCZWI5IHQ","Aadil Fayaz Naik,Raj prajapati,vishalkumar patil,Mom Malakar,kannan,Srikanth Sivaraj,Addy Banik,Pawan",aadil.fayaz.naik.raj.prajapati.vishalkum627@example.com,5559588075,2024-10-24
"AGRQVHEZZHU5EBW2ZF254W4VTNYA,AHU6IYP4SSB65XIZJEDAZJGAOBGQ,AELS3TOQKIM3SA35ES73YQY4MCIA,AFUMEYL42TG3CIXNBRCFHRUCCZBA,AHIR6246Y27SKCODQVBVE2H4RVVA,AEREMM7ONA7LBDNGQSLOUJBIPYLA,AG737LKNRE3K2ZWJNPUM3H3ST7TA,AGC7DQDDBKIPBSZYRDPTLKV3LKQA","Saksham Gaba,Shivam j.,Gaurav gun,Mohan,Lalit Kumar,Anitha,Tharun krishna,Aadil khan",saksham.gaba.shivam.j.gaurav.gun.mohan.l628@example.com,5554252570,2023-05-19
"AHN4S54X3ZPVWJIMQEQYFTMAOISA,AE7EIACCCS63A5SXBSEHILB7XLSQ,AGJZM5HHO4DOX3Z3I5S4KIM2LT2A,AF23H6B4AVCBUT7K2UMY47BTZ3HQ,AFWDFNYIE6OCDEN6PENSKU56NWKA,AEL5RQF36JGHYWOMKBKVXENLZCMA,AGOFYY27SNJHGWFH2VFUC76JA7HA,AEJYF2RUYV3RI3XC7HWY4UO6F63Q","Manas,harikrishna,Vinit,Subrat patel,Varun Nayar,ved rajput,Pradeep,Mayank Kaushik",manas.harikrishna.vinit.subrat.patel.var629@example.com,5554420303,2024-08-27
"AE2QS54KQW357EMHTCIX34UBB2TA,AFGABX3WXI4C644LQXZZG4Z7NYKA,AE6DLJW3TAZT627XBMBJGGCWYBPA,AFNKLWWSK4BYFNHQNBGNO7QDZXUA,AGC5MKCR2T6INKQSLXKV3QQW2KDA,AEZVK7KOH6QDSNG6ZX6VKI3AC4VQ,AEPTTSPMISL3YSYYY4T2U2DI4ICA,AGD63SACQVHFRKSUCH5VYUZSJEBA","Satish,Siddhant,Dibyendu,Utkarsh Verma,Akashneel Saha,Shivam biswas,meenakshi kamra,Rishabh sharma",satish.siddhant.dibyendu.utkarsh.verma.a630@example.com,5551681118,2023-02-07
"AEULM3CY4ND6RQZI7TE64I2BNOWQ,AHT3QSBKTAPMXMMZHQYBKPCCXXLA,AFNWEVF5JQ7ENJHBHIHTBYUZBXYQ,AGQNWKU6Y4KUJ5VINPKC7UGSMCFQ,AEPVIJMCNS4OBHRA6D5ZXYVNTXZA,AGE7NMAHUEHPYGY7HXDJVHUFMMCQ,AFW6KM45ORMBEVYBQ4QMSGG2ODOQ,AFWFPCA372BJOQZ4WQNB54ZB2SKQ","Somya Meena,Poojitha Pachigolla,Satya prakesh verma,Aaradhya Shandilya,Kevin,Ranjitkumarmanna,Ahsan Shaikh,Sapna",somya.meena.poojitha.pachigolla.satya.pr631@example.com,5559913324,2023-01-23
"AFW5XNPYWYUD54B4GHGBC7JTMYHQ,AHTZMXM2QRD5PWVLIPN7FOHOIH7Q,AFQL43U7R2EDDQS2B52Y2UDEC6CQ,AGCP2OGWNDP3H6ST5WI63QKBKISA,AECZMYNKZNRE7CJZQ257V2F3MRTA,AFZ4FBQATW3AY363VAW64PZ73QCQ,AHB4PH45PSYE433J2I3KXWKPFAAA,AG6CCG7PM3D2IEKTJOPSSBWLWPDQ","Dinesh jumani,HIREN SHAH,Gyan J.,Rajesh,Navin,Ameet A,Prajakta Desai,DHARM D.",dinesh.jumani.hiren.shah.gyan.j.rajesh.n632@example.com,5557843180,2023-03-04
"AF63ZFTFFODG7SUOLW4HXHDUQPSA,AHCXNGYHWBSZ6FJZPUDRAFN6IVDA,AF7KWHU33BSKUSJ3JTPU4X2NBYLQ,AGHD4B4QRRL44PJCZEPMGONDVTJQ,AGI3IQPHZ7GWIDMB52JK2PXNFFTQ,AHV2PXIU5JTWA4FJ3IDGCHRFLGIA,AFSRWHDNHTHHZGPN7I2QBDAMOIVA,AEUZCEJW3VTJKTBTONLMQFYOGBNQ","🤘🏻🤘🏻,Kabi,Manoj kumar ware,om,Hemant Kumar,pawan r.,Anshu,Pavan kamar",kabi.manoj.kumar.ware.om.hemant.kumar.pa633@example.com,5556165729,2023-08-18
"AEJ4BLDMPXCI2I6X5JEA52RDVWJA,AH522PPGKMDYNI7VJSVJS3PJBORQ,AGDBGZ5L5LSR7BK7VXLGKV7JJ7WA,AEYVEEU5L6MIQNKW4FGQCANJ6IIQ,AEBYPM6SOKDZXXWGVKQO6QE3KARQ,AHNBGEVBOT7Y7J4Z5AWCSDX35DNA,AE47VUN3SIUKJIBG4MYPFIOCK5XA,AEYDGBWST4L35NTPWB2CS4IRZDVQ","Anshula Jain,J P Nagia,Humayun,Dr. Shahid Jibran,Jaspreet Kaur,avinash,Biju T.,Megha",anshula.jain.j.p.nagia.humayun.dr.shahid634@example.com,5553041380,2023-05-16
"AH6LPYJT5UBJ7CIEWVHDCNQAGWZQ,AGX3GCRGFU4IHAJZRUP655EEGSQA,AHOQRREVPSJUXUYXDOJAXWCTOYJA,AEL5PIUOHBKXOTW3VIO3KK7QLVLQ,AEJBFT4P76EAVJQOHGHTQWW3HACQ,AHVU44QPDJGJJRV2NLDRERCTAGTA,AFUS77H3MU32ZFAHB7O7Q7ZYETVQ,AGHESQ2NH7JIKXLAQ473QVFQDV3Q","Nikhil M.,Sonic,MUTHURAMA S.,N praneeth,Nitesh Kumar,Ravi Gogineni,T.Nuthan,Mohan",nikhil.m.sonic.muthurama.s.n.praneeth.ni635@example.com,5557943532,2024-02-02
"AGMK2IKWHYVHPTNZZ27BMR4XRPZA,AGZTCSTDWS2RORRSXFGJ4BP6UXXQ,AEYDEYJFLGKSXPU2IT7RMFTPMPIA,AF3WLQXJTT5YXIF6LDRDNEQSLSWQ,AEUBKJSXZZYMYVQDEKXDJZR4LNVQ,AHCN72JLX2W43COFJHANHQKBU2EQ,AEFZDQSLOAQK43UQQF6SHZUEHDVQ,AGV3GKKLPFN2ILW3XZDNPUMFHNNQ","Omm....,Cyril George,Chandana K,Sujay,Vinay Kumar,Aditya Sharma,PavanKumar,Mohsin shaikh",omm.cyril.george.chandana.k.sujay.vinay.636@example.com,5554504874,2024-06-11
"AHTNFP2NA52A4C2BE5WK6PFOCSIQ,AH3HKWLRRJWVLWWNSNRI67WU77ZQ,AHMQ7YJYPC52BBWKM6EDMG4UP5OQ,AGACZ24ZIDYMROK4UAX6ZEKNT3IQ,AHWJYLPQD3AI7VM4ZCBGTQODXXVA,AHNK4EL2BOSS6WRMONWHNWAF5KRA,AFT7QL3HAATP44574CGT47QN4ONA,AG7VJYQTSVIZAOA3UDUAZGCTZ66A","Aparna,Anshuman,CMA Awdhesh Kumar Gupta,Samanway Koley,Junaid,Raj Chavan,Ankit Thapa,Rachit Garg",aparna.anshuman.cma.awdhesh.kumar.gupta.637@example.com,5556206407,2023-02-18
"AEXY2DXZGQDEPR5TBDGEHYB5BFQQ,AGGCO3ZO6REDF65WNBXQ44BXPVEA,AGKZ6TKG3664GMINDWMYRVKX6JYQ,AH6R5WG7BEWKNHVPRQLNPPPEDMKA,AGH5CKVCE4AOOYYHZUNXI5Z6RINA,AGEPGXLHZTDPKQGXC4FIGNYM63IA,AEZDGTRN2Q3JLDVYEKMS6V4GQQSA,AEKXO4Y5DWMWLEINGN5ZUSJ4BF2A","Chandrajeet rav,AMAL RAJ,Avan,Krishna Murthy,Gigendran,DEBOBROTA HALDAR,Ansh Sahu,Aditya Rana",chandrajeet.rav.amal.raj.avan.krishna.mu638@example.com,5558100607,2023-06-04
"AETNDYMC3FBFMJOQYVSXMVMKDKSQ,AHSCPCSPRAPMZNIH6UB6PIX7URGQ,AFWG4JI344C6S46UQ45JBUHOCQUQ,AERDXJS6P2HTRWVKLVW7SUBDKBGA,AFXFUNDPMG2IONSORBEGUJZOMJMA,AHZNRDTV27KCO662Q5ZOX2ZC26OA,AEJXEBKJXSB4RWFIPPOJQG6FGKTA,AE7A3OXYT2YN46P3WD37MDGTCDQA","Sheikh Asif Ismail,Biplab Pal,Amazon Customer,shrikant diwate,Ajay R Jadhav (artist),Riyu,Suraj Rathore,Ayesha Khan",sheikh.asif.ismail.biplab.pal.amazon.cus639@example.com,5556778049,2024-06-01
"AEVJ7N5EX6TJXU2OFCDO4HSY2LJQ,AGMGQLON63U5BK3Y4TWRMLBA55RA,AEL3456JVPVXWB6RKCYTYVXKVX3A,AEUUCRDKXXXU4LJNB3ERBXQY47CQ,AHNNUOE6JO6DYVSBCELNHU63SLTQ,AGZ65RFJNJ2KCHAFLG7G6O5NTBCQ,AE6HGV4SSK2V4C4QVOKY42KZW2DQ,AEJTMP5M2622L3W6D2YHPTZ67JIA","ghost parris,Zeeshan Ansari,Dipankar Mondal,Sonam mishra,Harini Jeyapal,Vineetg,Tathagata Chakraborty,RAVIKUMAR RAGHAJIBHAI PATEL",ghost.parris.zeeshan.ansari.dipankar.mon640@example.com,5558747677,2023-01-23
"AGPAF3K6YHEM7446WLCBQJZWORAQ,AECOALJSL7PRTK6PAPQVUM6BT3MA,AHYSFJSMB2QV5236QBEYJ7TFBMEA,AGT55L7XB6PFMNTDTRVHZTD6W4EQ,AGIGWMNDM3SRININDV7BH7YG3C6Q,AHPG3AAPVL7HKSID4IPJ5MDAMAJA,AER3MEPIVO2UH7ZC2DBFABZIBPSA,AF6LZ57BTR46HO4KDLYUF7UJZQ5A","Nikhil M.,Manoj K.,Nikhil,Lenkalapally raju,You tube & insta- The_voyager_ad,Ajinkya M K,Manish Parate,Kanak Sharma",nikhil.m.manoj.k.nikhil.lenkalapally.raj641@example.com,5555315099,2024-01-06
"AHG7RESECZ5S4EAPBC4A2DMHDOSQ,AEOPEGWC2WPLKRI7G4JLCRHB4BFA,AFEBFFAOMPMC6L3DMOXJYP355UNA,AE27PFEMMMJS44GT27KPL6VUOQUQ,AGWDATRMJQ4TWXQ5PRWFGTMMFWQA,AGCZ5ATYCHHLW3424W3YANJIDVUA,AFULIW5XYUCVPAALQEJYZFZVCKBQ,AFSTZISVUGRJGZYYDY34KP25ZTIQ","BhavenW,satish,Jayakrishnan R,Amazon Customer,Placeholder,Arun Sharma,EvͥᎥlͣkͫᎥŇg𒆜VᎥckץ,L.Sherpa",bhavenw.satish.jayakrishnan.r.amazon.cus642@example.com,5558861484,2024-02-09
"AHPLA3DROALHPBANLV74CKFA4UAQ,AFQKF4QRKCVDUZPTG4TY3QYQHYUA,AEVWWMB5UUJ6DPXQ5LA7D27G7HEA,AHG4SFZWRNQXOK66GANDZ74HIVAA,AEW2EZ75VP3NO4WVJA64BJFBM6QQ,AH6C46FX74ETQPE52ALQ6RKISIPA,AHZZXJWETMZR7SH7C22KVUT7VHAA,AGPZLMY6JJVJNVHA3JEM6XM5CSYQ","Manish,Harish,Amazon Customer,Uday kumar K,Sheela Chauhan,Richard,Sushil K.,blackandwhite",manish.harish.amazon.customer.uday.kumar643@example.com,5553246809,2024-03-01
"AGHTZ6M45GWLTAEPAMM6IEH2BXOA,AGVTW4CSK4PNN4WGW6E2UYMIBA2Q,AEOEJGMPT5X4TS52IF3PJOQ27NXQ,AHJBBEOG5EDRWE3TWLZWZIQ7EIPQ,AGK2S2TC3YVWNUA6ME6NPXSEFHEQ,AGYXHQWJMEIVGPFSNUOON3CFXN4A,AFYRCVBOUMS7NDZBSLAPKGVNLXJA,AFOKIAQZSW4G2XVCTMCKDBKHMWGA","(sic),Harshit,Bharath N,Pulkit Malik,Akhtar Anwar,Amar  Thapa,Chandan kumar,vijay",sic.harshit.bharath.n.pulkit.malik.akhta644@example.com,5557228316,2023-10-19
"AGELGKPUVEJXOFDB3I3OCEGLRHAA,AGURDYN3ZRF6E6XBIP3E67PNKHKQ,AEQZ7R5E3KOSW4U65S4HFY4TOISQ,AFIUBVJJSLGYNID7GWQQHPE3KSXQ,AE565UJ6PONRGUN6Z7BBE63X6D2A,AEM3OIJTDEQTCUKSWMICRKOFPISQ,AE7ZZAYS6ZDZ3PQEPKBKRPZKQIIQ,AEPUJDSJZGXDU3PM65QI7OECGZXQ","Vigi,Sathish,sandep,Tharun Balaji,Aditi Sharma,Gurjot Singh,L Haokip,Anjali Raj",vigi.sathish.sandep.tharun.balaji.aditi.645@example.com,5556036202,2024-12-04
"AE6TTPY5R4YW3XHTPGX6CGHLMVGA,AG5CBSM4UJ7KPPFIQGZPIXASGR2Q,AHM4EBIS4ZE6DWJJBGCJ7OPTBA4Q,AE5M5KSBCHDULWFU2S2YB7JAWQDQ,AGMVFFHVHR6DRCMJOOLWQCN5ZXIQ,AECKGXUASU4IXEIMUNT2ZGT47JPQ,AHJVTASYJSVOZ7XSEMDCWOK3X44Q,AGWG3P5XN6X6JHXKXXOK67JWZRXA","Awesome Shopper,Suresh madaka,Amazon Customer,Nilsankar,Amazon Customer,Praveen Behara,Amit,Aniruddha Shriwant",awesome.shopper.suresh.madaka.amazon.cus646@example.com,5551941524,2023-05-07
"AEF5YBIELXGHKIQUBYBHTEPHHAHA,AETP2GEWPZZBFPYMEMT7GSNYWYGA,AH6PZK3J5MOWJGYL4TNLJEOQCFEQ,AHHV6JDMQT4XARSRIQ7QVIJVLZCQ,AHH25W6KHMEYNBKGDDRMT4VJEUDQ,AGKFR5XM34RLI4CEM5ZA3C2Z3OMA,AEV4TPYJS3L7ZBGHNQ2QFYSOKHBA,AGSFY2HVKGNNWGDB3JVE3ILC6CCA","Daisy daniel,POONAM A.,T.GIFTSON,ANIRBAN SAHA,Priyanka,SANDIP BHAI,Ekram Mohammad,vasantha Lakshmi",daisy.daniel.poonam.a.t.giftson.anirban.647@example.com,5554937125,2023-11-30
"AHRVMPX2FGGIB5LCJFVMAHO7JEHA,AFG3EU556AXTCQXSTGYD2ACM5H6Q,AHW5MLVXYWBRYXXWXGQEH27GVVPA,AGD6XZR3ZUKMJYLBUAWUB4B4YLMA,AHNLTOBDXT2YN4GT5PH6FCZAYZLQ,AHDH2HUAAI2BUJ3DOD5HUQIG3EJA,AFVSLNLGZJITGITPXVRIZPHFK6BQ,AED6JXY3SFVHOYMZM4MBG6D2LGAQ","Navdeep,Tanu,APOORV BHATIA,manohar,bendi naresh kumar,Anshu Verma,Mohammed Ahmed,Experience Japan",navdeep.tanu.apoorv.bhatia.manohar.bendi648@example.com,5559762925,2023-06-08
"AEBO2BBZLCJSQSMQSSZUR4JWW6UA,AFERB3TDE3HAUIGGRZAO7LNF7SYA,AEL6TWTQL7SWNSG4HKWQSG3W637Q,AEL2KKF43WA7LB7RMTMTZ24MKYCQ,AFMZ2T55AMKECVHVB3JJ5H6K2FOA,AHPDB57FWX3S3RH23DO7ZDQRGDLQ,AHNJJSSGE5AONEUXED5DKSZWMXVQ,AGX75LWRUNOTPPS7R6LLOIMAWS6Q","Devarajan N,S.B.Vignesh,Likhith,Bipin Patil,Satish D,Amazon Customer,Hemanth,Sahitya Bera",devarajan.n.s.b.vignesh.likhith.bipin.pa649@example.com,5558565590,2024-11-24
"AE2XBDOYDMXVHS6NWFKR363SXNEQ,AFEWNQ3WHCXFV334RKDY6TQV5F2A,AFYHSM4NZORPAYX4P6XIV3OPZE7Q,AGGJTBH2YKIJVXXHKKLZGI7BDCMA,AGZQ2GV6RFFSGSEEGZCEA55XSYKQ,AF6RMANVDWWGUPHGAQGEI523WDTA,AHUDYFZ2QJF2XQNTH6OYYHJIDGHA,AEOJR4XRHE3AQOTMVVOIESTP34IQ","Amos b.,Srimanth,JATIN BHATIA,PARTHIBAN LUCKY,Kushagra Jain,Karthiklokey,Akash,Suresh",amos.b.srimanth.jatin.bhatia.parthiban.l650@example.com,5551741439,2024-12-09
"AEKGNCGEX4A2YHHJVEYHG4WG4VUQ,AGYPRRDBRPAJTRKZM23GNNMLG4DA,AEOHHIVTTMTCKM4BGPQBFUR2P6OQ,AHROOB2PRQPJF3IOOZ3NSX7YKBSA,AHSVLMKLIMZE3DJNARIJVQJFF2OA,AGYRZSILDP3KYP7AYCCKCJPHTHMA,AHISCX6HUBKW7D2SZNRHWICDLTZA,AGWXKPC2SCHOJT4MMPDYBEP4WVCA","SHAHID SHAIKH,Amazon Customer,YUSUF A.,SEKHAR,THIYAGARAJA K,M M Singh,Amaresh chandra  barik,rathnakar",shahid.shaikh.amazon.customer.yusuf.a.se651@example.com,5557679585,2023-12-13
"AFE7R5FCWMXW42O5UTZ7YEAWGF7A,AHZMXBBTAGNP5FSXCLSP676YEJOQ,AFZUA67QC4VNENJEL2DUIJERYKRA,AHKCXIGVYQTE4LJIPBIFSQNYZSCQ,AHYC3B3YXT6CUZMS5X2TWWEY5W7Q,AEDV4GI2RIY5EVU7EXSDYNSRSVSQ,AFDQ5XNQEFSZJNO7MQZWRNV5TISQ,AHJCN3WBIWAFPESBIGKPYRNWEXFA","Karthick KJV,Ruchi,Amazon Customer,Harishankar Thakur,aizah,Dr.Murli Manohar,Mohan Devaraj,Mini Cherian",karthick.kjv.ruchi.amazon.customer.haris652@example.com,5552045898,2023-08-06
"AFZD4RCAOTL4JRRKT6WHVVJWDNHA,AECAPFEPRBCKU4VOBRUGOVMNJBXA,AH2UVQCFNAROZ46WLW3GCZQBZ6TQ,AE4FRP3D6KIQG7H3GP436GUD52VQ,AEZGVKB6YZLTQQTT356NGQIXBMCA,AESGKVHA72PDDC7C45OGNNEMTUKA,AFSSI6KQRVUBQ6DTUNIXZ4PJ4Z2A,AG2X6AGQIUAPKCJIXEZTL2DPVISQ","Vijaya,Kumkum Kumari,Amazon Customer,Altaf Khan,Praduman Singh,JV,Lata Sharma,sridevi  k👍",vijaya.kumkum.kumari.amazon.customer.alt653@example.com,5551238072,2023-06-23
"AE5B5BRM3KRUUMGH2DOGYGFHAEAA,AFY5TPNWXE2RPD5FGQR3WHF3J27Q,AFH3LWABFWVDV36O4EA7EDMVB7OQ,AGVLQO56YOIYSE6RU3B634QL325Q,AE56AJOPJC6V2NF73NNWOLPERPXA,AHWBMGU2SOK2A2UZBXGWF5O7QCMA,AEVYMGVYSOXKLLJGQNUBA63NQXOQ,AFT7U6QBELQJ5BQILAGPDITY26FA","muntasir kayal,Rohan,Dr.Aasif,Jason,ShreeKrishna Gavhane,Reshav chauhan,Rama kishore,Abhijit W",muntasir.kayal.rohan.dr.aasif.jason.shre654@example.com,5555458263,2024-08-01
"AHIZSFJAXQCBI5OCUHJFSGIARK7Q,AFVRWGOEBQKKF7RQOZTUXZEKIBVA,AE5S6YA36LI6NLAPALMF4AY5AZ4Q,AGMUT37GOKFEAYGAMGAFXJYA2M5A,AEXXGQOF7CTRUY5RYCD5RLB73BWQ,AFAEKGGAPT6K7N6BNE5TB3CWZ4MQ,AFSN5W54IFWZYEVIOUNU7NYT7ZLA,AELB7VZWZEFBZAOH33CHYBJ2OF3A","Hitesh,Deepak,dv,Abhishek Nigam,RAJ ROY.,Reshav Thakur,Vivek Guna,Ban Gamer",hitesh.deepak.dv.abhishek.nigam.raj.roy.655@example.com,5555511828,2023-12-05
"AHGSRT7WNHURSXA5J47RZCOKGWBA,AHHI45SVDVL245YMCPAW5MX3GIAA,AFRXSJD46OBRO2RPVIE2737OTB4Q,AHNI4LO3KW4DTBDT76SF7HJPI3LQ,AG57WIFEBPDQCK3G7H5T3KTXMRHQ,AGFHWXMDW6NRVZIBPE2NAF4BS2LQ,AESEEUG5PHMGMD5K72ZP4NW7NF3A,AGVLSI7FTT3EPIOTOVO67VBQGQYQ","Amazon Customer,Ramveer ydv,Mugunthan Sakthivel,Dipankar Maharana,VIKRANT SHARMA,Darsh Wala,santosh pitla,Subash",amazon.customer.ramveer.ydv.mugunthan.sa656@example.com,5551174732,2024-07-10
"AG726NQTX4GKLFNXFOAQBFA6JQGQ,AHAI3QJ4Q5GQAQRQTSJGPR3BBVYA,AETDBRTOHY56QNWI57VHDA2C57HQ,AGLQDF4STKEC43X7AGQ4HR6SFKFQ,AG4KWB76KAF53ROOZQ5NG4KEAUIQ,AF3G3VBMX7MF3ZNHNO4C737BYZVA,AFALR44LTLTN7PHHQNB7HJDZMEZA,AE5WPJODNCWCZCMCMMXZ4DKDVIIQ","Vignesh Prabu VP,Sachine,Shobhit Chaurasiya,Kumaresan V,muhammed shanid an,Alap ND,sachin,Sourav Bhattacharjee",vignesh.prabu.vp.sachine.shobhit.chauras657@example.com,5554742347,2024-09-23
"AEAJ3Z2IULDDDQC7KCSUIC62M3GA,AEUO6UO5UQUSD4SLP3YJMIP6BOWA,AE5LG42YQKQ5MSEFHFL7N2AIUGQA,AGBOOOPREO7W2ZYNMUBO63UNF5LA,AG2VIEGXWD4W3JNOTSCZR5VU52PQ,AGDKUAES3AEKOQYGU2SSSDV7GGNQ,AE5UIXZIYQZMWTMJQNMGSPZKNUXQ,AFBLE3JAWJK5XQJTOQHYLKNJX3FA","Ramana KV,akshay t.,A certified buyer,Mohamed Nihad,Adesh Bhatt,santoshpandey,Kamal,Abhishek Srivastava",ramana.kv.akshay.t.a.certified.buyer.moh658@example.com,5552746122,2023-06-09
"AGKIML44ZYBW3KKQQ6NNGHOF63EQ,AGJRLOKQPBND2JW7QDUL5U5MY5OQ,AGSJ3NH4VK35QJ2R3SIOG6PPP4LA,AHQR6R4RUMMQMBKTR7ZIOCSFIBGA,AGYWUI23AWDZSGA66PMAUJ4LJWTA,AFGG2P2ER6TDPATVVAMRSJNSHBKA,AHZXNS63DN6MZDH3WSKYRLWSG3DA,AHZEXACAG3YWARLUXFF6G3LK52AA","Dr Ajay Bindra,vivek,DEEP KUMAR V S,ZAAMBUTECH,Abhishek Kumar,Asim,dyneish,DINESHBHAI T.PATEL",dr.ajay.bindra.vivek.deep.kumar.v.s.zaam659@example.com,5552481456,2023-12-03
"AEX7BFQ7AJA6LRX42T72KUOL5UVA,AH5RMYKZKKV4XY26DP4D44PIKESQ,AGV3XFWGIUXJHLG2TGMUOMPRHAFA,AETKISIGU4D6AWWNZQMNWVRWOJ4Q,AHJOREVZKA5XCCFUV4QBFLNO5GEA,AFJKLPLG5YPJLSF6BHH4W2MJI35A,AFYR2ZQMPQP6L5377C2CDAZNYAOA,AHV6MRKEUBJA3I3DDIBEB5SNNWVA","Abhilasha,G4N,Dr. Gandharav Mehta,Nimai C.,HASEENA,Unknown,Sri Prasath,Nida parveen",abhilasha.g4n.dr.gandharav.mehta.nimai.c660@example.com,5557348333,2023-06-03
"AEHIUDWIZIPJN662N7WZ2KXXOMBQ,AHYZLCABV6IHJ54AO3Y7CVPJEO2A,AE75YQCXBMW3R4W2MVET2JICVCYA,AGTWEVGMY74N5L7YFLZQTHAA3IOQ,AHTXOR5HIEOVIAFR7JI6EZCNI3GQ,AH43WZFVRMTGXLVOGRO2Q7HVR2SQ,AGPRYLCS5QJKBCHQKRYVU5U5JUGQ,AHV64HQ62RSHY5AXQZNKUC6DGL4A","T.Sharanvelan,Devendra Singh Rawat,Mahaboob shareef,Jaseel,Ashish Sharma,Amazon Customer,9650386949,Shraddha",t.sharanvelan.devendra.singh.rawat.mahab661@example.com,5551596437,2023-04-25
"AFIZUD4UBB67LGWY6CVLRHKA75IA,AG2TD3527KNZZNE46UL2AK56FSZQ,AFEIKYOYXJ5RNF3MHQ6C5U7Q3ZWA,AGON45QTQGUA7BQ4YMU47OFR7A4Q,AEEZJKFACBVCAW4R5CM45YW4GGZA,AF2CV2NIYSCEV4XH4K6AHNDAJL7A,AETSE7X7ADVJXJYX6VW4SJAX5SKQ,AEDH7DZL7EV37HNO2Y774YFM6SYA","Deepthi,Nitin Mishra,Raju Chacko,A.VISWANATHAREDDY,Saima,Amazon Customer,Arvind kumar,Amazon Customer",deepthi.nitin.mishra.raju.chacko.a.viswa662@example.com,5555085140,2023-07-30
"AEAHQT2GADXG7O5HE362SSWYG5TQ,AFXIZPXW2Y4UA5NWS3EEQOVQGJZQ,AHCUW37ZFHKL7ZTUFAAOFYKTCQNA,AG2MU763T3BPRZNAXR3VCD35A4UQ,AFTZLBOMSZSCBJ7CK5VXRSA6FGMQ,AGGY6AIN2TRYYC62GJQ5B2Z6ZNCA,AF3XNLNL4NT6ZSZUXYXARJAWYFPQ,AGKYWFUBZOSOAMI4I6YA72S6I5QA","Bazil,Shoaib,Devis,PK,Unboxing video by Abananeez,Krishna D.,Sameer,Shubham kumar",bazil.shoaib.devis.pk.unboxing.video.by.663@example.com,5554441339,2023-06-09
"AHJ3EGCWYQPUL4CX3MXHWDERT7HA,AEA4XMS33D3PRZZLZ5W6H5BDENEA,AGBJ2ZDBNU3ZZ2AUTLSCVW525R4Q,AE7TDC25GEFP6FQHGQNYGMEGA7TQ,AFJVNPC2VSQ6SO7WIZJ5Y42BU5WQ,AE4KYJVLMHHZZHZGFZ6ETCWGRCNA,AFZCPKBUAC37LWA3YEJSQ5VU2TOA,AHV6ISLIIEDA6IZXTTGCR4DLLSTQ","Koustav Gayen,Nagesh Pai,DEBOBROTO DUTTA,Kailash,Naresh Arora,Placeholder,Anisur R Mullick,Denadayalan K",koustav.gayen.nagesh.pai.debobroto.dutta664@example.com,5559763888,2023-07-24
"AGYLPG3HSE4P53V3EB3MKLQ7KLTQ,AFXKSM63UF5OAWWNXC3BB46V2E6Q,AHGZZFMXCGD7QFG2Y44DLYVDGPQA,AHNNXK6R7H6EEBQ2BZE7A4HIFWZA,AGWYUX5PXASNTNHQVVFV6P5QRFRQ,AFAD7OCCGIXRKR3RT4KLNHPJKN7Q,AGYB2YEGULFOWJP6KAAK37LUEPBQ,AGDA7CERL2POC3BWBG3FR6XKGVVQ","Amol G.,Avani mankar,Vinod kumar,MD Perwez,NADIA FATIMA,balmiki sahoo,Faris Tkd,Barnali bauri",amol.g.avani.mankar.vinod.kumar.md.perwe665@example.com,5556287061,2023-02-15
"AHQWVH4J5YCLOZJMQJTB3FKA66YA,AGTATACN5LUOY6XTHGLDJV2TV7JQ,AGOD5XRGRJSYCFNFE2Y2IVAVS7AQ,AG4QBUONWQLCCWRCXBA6GKTIPGUQ,AFQVO5Y5V3FU7ISKZOPTHKBH4QEA,AEYJEPMQRPIGOQK7HFIX5BEYON5Q,AGVCOM3JOAPMV52YKVWPCTKFVWUQ,AH6XUPCGCWOG63XDNA4PRPWFX4XA","SUPER HEAT,Vicky kashyap,Kapil,Pragati Mishra,Dhatcha Sarank,Muthu V,Revanth,Ajitesh Kushwaha",super.heat.vicky.kashyap.kapil.pragati.m666@example.com,5555111864,2024-08-21
"AG6WNF3AQBACEWDTRW6UM2MALT2A,AGDX3YMAIQMEVYPEJAQTYTEIBPDA,AFHPPBAJGDWY57QWBC4P34LOKRHA,AGHH3UBBLW7P7IZPJDMQ7PRDX7SA,AH3DDWCUUZDBPHLX4YVCNSECLPXA,AE7DWY6A2QRWHQTYLRM7QYUNY7FA,AFUV2FBPZYYQYR6VJS2VCVPZTODQ,AGNMIY7234MP6VA5DN2HRBGQZ73A","Suraj,nilesh,Pawan,Deepak Singh,nikhil chaudhary,Vinayak P.,Tabish Tariq,Amazon Customer",suraj.nilesh.pawan.deepak.singh.nikhil.c667@example.com,5553302117,2023-01-09
"AFSWMOL6CDK4XP6ZX7IGXHM3GQXQ,AFFY3SQ62GIH6BU7WW6J3VIEOMZA,AHAMEHZNYR3W5ZYHIBBOBDRAAVNA,AENGEPMLQO2XYSN6FEO3FU2XOSBQ,AH6BVEKL7FDXA6ZNWZNSLUZJGPUA,AEEJESI2M64R6WO3LQGYW2J2VYGA,AFH3LWABFWVDV36O4EA7EDMVB7OQ,AFQOC7DOYC5GZ2FT3O6COXZ6VLRA","Amaan Ahmad,Subhani shaik,Vipul Sonker,Pothi Kalimuthu,Guri Kamboj,Vilas,Dr.Aasif,K.Shiv",amaan.ahmad.subhani.shaik.vipul.sonker.p668@example.com,5555516682,2024-04-02
"AFTZBO4S2Z7Q6UL72EUKGZRTVB6Q,AHKUVXCYKFWABRPLWPL443YZWRSA,AFRHLDDQVRCWCMDMWG44BGILASLQ,AEYPS7OXOCZW6EHN3CGLBMES2IEQ,AG36G3XPHERLKRDG7XYQ2IWJWPIQ,AHQ6JV4TKZKOSAQ6TQ3IAQW74MMQ,AHCCFBKMNPTBDV2XEM4UTUKRCEPA,AGC2F645OAT43MZ3FMQT5EWJ7RBQ","RajendraK Tiwari,A Honest customer,Amazon Customer,rameezraj,Amrut K.,Amit Mani,Reghunathan,prita",rajendrak.tiwari.a.honest.customer.amazo669@example.com,5558179830,2023-05-12
"AFFITBM6PHS2QO3SI23K6T5FZJYQ,AEW7WERXDAVF2JFHMPDWI2R6EWLA,AFVSNKZX2D322R5L245E7JBPXZPQ,AEIBWLUGRBR5PDQLXFISBUHOQI5Q,AE2MN74BM246562VMYFMSEFSTAJQ,AEIZWS5HEDO6KUUX3B2GWNI6LVAA,AHU7LA2O5SHVZMSFQU72YATBSO5A,AEBZ5HFJJPYLJAJL6YPW5B5TNSPQ","Vijay,Asad,Mohan,siddhraj,Nayan Ambhore,achoibam poireinganba,G.shyamsundar,Joginder Parihar",vijay.asad.mohan.siddhraj.nayan.ambhore.670@example.com,5558331401,2024-01-18
"AG5AXAJDBTPTEASP2CGYURERHSQQ,AEUQXSX3YSNN5L37W7I243ABWXHQ,AH2OLX25TOPFVMWSSXCIDK2ING3Q,AHSLJYCXIB6MF7XA745OIGQ5VY4Q,AG2XZP6Z52IRYUCU6GLGEUTP5HJA,AHGD2EMY5M3BGX5MUH5DMSV4BNRQ,AGK4RKTLQUZ5OQYSGOAI72QBN6PA,AESFHQDDCGPTVOTQQTTNA3IRSN4Q","Aditya Kumar,Awesh,Amazon Customer,Prita Bhattacharya,Anish,Suyash Bajpai,Rishikesh Ghosh,Rohan",aditya.kumar.awesh.amazon.customer.prita671@example.com,5552121662,2024-04-07
"AE3S2ZAEMH765KUJ57DR6HBZBB3Q,AHSIVUNTJMI5S5AJGFDE5EDQ355Q,AGQUDHVCMBW7DYS2HT5HA3QCZIEA,AFNXZNINQLTHKVRFI37VQAAFFGOA,AGVKQNHNS7PQK63FIB6EVC5GUAMQ,AEHZ4NOZ5SIDQLGODWS4UZ6RVQJA,AGBVAEUPMWYCDQIKNAD2DXEYWXZA,AEOJW7OWUZROZ6Z66ZQU33Y2ZYLQ","Fardeen mujawar,Pavan,Danny,Siddhartha Pratap,Rabindra Kumar Das,Amazon Customer,Rakesh Ranga Yadav,Nivedita Chatterjee",fardeen.mujawar.pavan.danny.siddhartha.p672@example.com,5556514019,2024-01-01
"AFCUW5JX2EZRGRGNHO65DGJ2ZNXA,AEK5ZL5CKQD6YJFWXH2AWMYQ5L3Q,AHTPC5KX6RHKRPKQ3RRUF7ECBUTQ,AGCB4VTTLQMUON2RGBTNCDTTIRVA,AGQ4XHSMAMTMH3AKNOVGTURDJLDQ,AFVZGUHN6ZIFJGIBXSBAFVN23LLA,AFQT3KCDEBTI7PX2J4W7P3CRNQIA,AGPMBJGS7TX4RMXZRT2FILK7ZWLA","AmazonCustomermh7790,Akkuu Akshay,Zahid T.,Pranta,SarangC,Rohini,Aarush,usha",amazoncustomermh7790.akkuu.akshay.zahid.673@example.com,5556773142,2023-01-16
"AHBS2L7JPLUKRD5ZJQVVSFJ4LNWA,AFS5B353QRCCSU47ZJP22D6VGOPA,AE4IOLUZBOKNPMKOWBH4NSBQANGQ,AGW7EVQ7EY3BS4JCCXZ622IVSSSA,AEGALBMIH2REIAM54HH446CXCAFA,AHZ5C4DKZMCI6CTANLO3RVEGSSFQ,AGF752ZU5K45Z2R6A7PZFIVGC7EA,AFTXFBWO4GE62ATLVMHKDCZNRA5A","Prasad,M. Satyanarayana,Sarthak Jain,Lokesh,siddhath shiva,Sharanabasava,shallu,Lalthakunga",prasad.m.satyanarayana.sarthak.jain.loke674@example.com,5557824386,2023-06-24
"AGYJWE5KU7LQVHHG3UBK4DGPWP5A,AFAW4JGIBKTJDQE4EHYSG5PTAOOQ,AHJW63Z3OYPN456LWSNIFUY4QHBQ,AHX4QZLN7AZB65JUWMDFEDFMXDNA,AFCJIUIGZNR72BMVUBH6QSOJML4A,AHODCGFP6G5DRC3ZJONS3SKGNYUA,AFBRSDA6IG6CQY4IGPKXUR4ESI4Q,AFHI5YETSSJR7CTVO2PP6ATKWBBQ","Srikkanth,Sameer,Alexander,Siddhant Pawar,Deepak Kumar Behura,dhruv,Uday,Ajay Kumar Pal",srikkanth.sameer.alexander.siddhant.pawa675@example.com,5553936984,2023-07-28
"AEWMPPA26KJIWQL2VJLXEGGYGXMA,AGDRZZSAOT7UAMJBMLYPZYDNCJOA,AEHT3UW6AG4BFUEZQY6COIDBOBGQ,AFP4K7GIXSHORXZ227LZN2SROSSQ,AHJ2Q76VFBFNGG73ED2KVXOPNHFQ,AGNIU4W6TXLMBMH7JQ4I5ICZ347A,AHF4WTXSJ7OWJ6EQ2TDQQB4TGRQQ,AG2KUMJ53E7NT2N7NZSOUKNT7CVA","Ashraf Akhter,Faizan,Axay Chauhan,Tanmay,deep,Salman inamdar,Soumya Gayen,Harshit Thakur",ashraf.akhter.faizan.axay.chauhan.tanmay676@example.com,5554461475,2023-10-05
"AE5D3EMPETKIA4VU4SZU5UIHXKQA,AFF76KWKCMR6GNPUXKEBO3N5YTZA,AEXM7ZELXVFNAKRTVDJ5RAK42KRQ,AHYHKNM6SBOIEHGTSR3YR4QMEZMQ,AHYDPSGRW6OTHG2H7LYZVV6SHZ4Q,AGQQ5W4LCISBHXT54SYYCIS75C2Q,AGLAQV6LP4AXJCMGURQX3OUNTYJQ,AHTBXGFU2EAF5DIC3PT2MVAN2BFA","Aradhna Aadhya,sonali ghosh,Sam,VGRK,Surfer007,Lovely,Arun sharma,Maria",aradhna.aadhya.sonali.ghosh.sam.vgrk.sur677@example.com,5551185067,2023-11-19
"AGMYVYGTIGHQQDKROQZHYI67AW2Q,AFPW7SWJI6ESX22SYZCE226UKRLQ,AEKY5CMK5HRNNZXVWGT57CJWHCDA,AHRQ54DIJ3ABHV6LPYMZWEWVBPPQ,AGLQ56XIEU243BB6V45WIIMI7UWQ,AEDW5CCSPBHRUFSD4KHK4EYEINSQ,AFAODJJHXH3RGOQXKG5D6NLOMRPQ,AFQS7C4WBSQEIHHQ5G3I5OWJLHKQ","Akhil Raj Kunwar,Aditya Jain,Nanda Kumar,Yuvaraj M,Hari,Yovan Aroquiam,Debabrata Mandal,Yash Sharma",akhil.raj.kunwar.aditya.jain.nanda.kumar678@example.com,5555788075,2024-12-22
"AGKYLNZN5SOR4LZAYWRHAAJY6JQQ,AF3KBDP4KUQBIEPOHOD4CTE355DQ,AGPNK4G7IXT4KWGPM4P5GZVHJWRA,AFELT2ZWY73WKNOT67ZAGVUCQ3SA,AFZE7KG2W5XOGLTWA2J4CSAHNXWA,AGA6B3KA3UVWW7IMQ2AAH7YC7SBA,AELLMRH2KBMJNAYLWDLGUMSWGBWQ,AGLXXAIFPOSW675BKK5KDZL63KVQ","Amazon Customer,Santos,CVN,anonymous,Sacchidanand Pant,Sa9025,Vijay,Ravi Tiwari",amazon.customer.santos.cvn.anonymous.sac679@example.com,5557965937,2023-11-03
"AGUTG6MZYET7MPUMPQXFLSNBEVUQ,AFN53ZMEK5W2MWJW6E36M4ECOFDA,AEJNJQFBSHNGTZ2KLO2IRH2CHSRA,AELJOMTIVYFHQKQIHAB6DVLU65AQ,AFWZSY64MPBL2AJQVIINPMPZBS3Q,AGCQVRAHII6LOJZ5HYLKVZTHACTA,AFKXQZUR2GH27ZHONXGHHK7SC26Q,AHZAJIIJDRADTHCXCEM6QEKG5ZUQ","Rajesh sharma,Akhil Sondhi,Varun Rao,Samrat,Shimnith,sanjana,Aaqib,Thejas",rajesh.sharma.akhil.sondhi.varun.rao.sam680@example.com,5557236394,2023-02-22
"AEHC7ITQUJKLOGQJCAA6Q7V63EVQ,AGCW5OYJJFDRSHITPNJ2NGJO37XQ,AFCDWGFZNA55P5RZVVADKMJX4TMQ,AGNY7JE5TCQDY3MEVOEVAAA4C3XQ,AG72D7R72T2BX46FLNTAPNAVHNJQ,AFOTA6QJ5UKQOBJ5APZRDK3GVOBQ","Tech boy,Deepak,8445025922,Ashok Alkari,Amazon Customer,deepak",tech.boy.deepak.8445025922.ashok.alkari.681@example.com,5551499242,2023-06-29
"AGKT6MY3UZFPKSYVU5V7IOKJKMMA,AEMPOEDWHUSVZ4K5B4NSUITJN44A,AHPG3MJMT3RKYFUX36KRB3EDGOBQ,AE5GMXIOYRAI3YQEDFM4W22P6SWQ,AGHSVMFIK3RXOK2SWFPWN5TZCJKQ,AH7JVRRT5TX4TDCA3XS2HEYQIITA,AGNNU6V5L7VGIRYQ5XIJ7H4VONBQ,AHD2UUIFWNHDJHVXLGRMPLBBHSAQ","Kanta Khaksa,SKK,Subramanian K N,Sandeep Reddy,Pramod,Vipin Kumar,REVANAPPA S K,Debjani Karmakar",kanta.khaksa.skk.subramanian.k.n.sandeep682@example.com,5553644272,2023-06-17
"AFFOW7D7WJY5D3E3PV26TYE7Y57Q,AFXOKMMHVI6D4RWQXJFN3YSI57BQ,AH65GLY4VWTON6HQURNVS3MWLTPA,AHPCPMJYJE4OFUAOCX2GJNYIOGGA,AFLVQOCKHNNVELC2E4SX2GF4Z5TA,AHCVGFTJLPI3BGD6EOMDLSJ43UQA,AE5JNSRY4O3FLWR6P24C76QLBZGA,AHX5PSVSNVHS4QNYCDEKIMFDERZA","Prince rabha,Aditya Koppuravuri,Abhishek patel,Sultan Khan,Krishan Murari Gupta,Akash sharma,Amazon Customer,Lavis Telecom Center",prince.rabha.aditya.koppuravuri.abhishek683@example.com,5553582984,2023-02-17
"AHWQQLE2M65U3ACAYST5FUV4UPVA,AFYWJTX34TSDYAHOCEDFBOESDBLA,AFTI4PPEOUKIY7E7RZNDGR36GJBA,AGIL2YVZAM2EISWCWKZ62NRHRQTQ,AGOLIHXYWOUK27IL5A3NHNA4U6FQ,AGPAK6ELVZPVKQ7GEZ7IUHNK2C3Q,AGFVR7YLNWBVHZT7ZKUMA3OUNIOQ,AFQLEJZYWVOJCCO5THP43JRGYB3Q","Aditya Chauhan,Student,MAHENDRA KISHORE RAIZADA,Sanjay,Srivatsan Jyotsum,Olivia,Devendra Singh,Hemant",aditya.chauhan.student.mahendra.kishore.684@example.com,5555107674,2024-01-29
"AECMQ2RLIJLZPBV65R74ZXYWBHDA,AEDKV6ZUXIBYYQJBXOHXB3DZLYWQ,AEHWYKP6AINWLLGVCZXRT3GOBT6A,AF2LJJNMXJZHEEWT4GCNWPSLFPIA,AGJ3VD6VNEKCMGYVVAS3ZFSISKMA,AFVY6A2WBGEYOPAJNAZP6J44H5GA,AERWNTV3FQB42AN6DXOZ24NJGOBQ,AEVHDFJPXL5VW4EUXTOBVXCPZA2A","Santosh,Ravindra r.m,Shubham Maurya,Prateek Sunal,Nishant Kumar,Prajapati sagar,Keyur suthar,Amazon Customercare",santosh.ravindra.r.m.shubham.maurya.prat685@example.com,5559824784,2024-01-11
"AEHCVDRO2RQCQNWQH25CS6227BOA,AESDNVY2THX3KM33O7EBVYFFW22A,AHRITLVMUVOKHOZWEW7EX5LIHVSA,AF5UHHQGO6G4D6AJ4QC3HFU7QRAA,AFZNCL4GFSQONZC3T2E6CWDOOJ3A,AGQ33QFV6YITBYDD7Q5UZB3KPVYQ,AG726ROK2TXYFZYOHF56OXEQEVMA,AEOF6N7C4GZTUUR3VXU577V4K2XQ","Naresh R.,Pawan Kumar,Pauly C L,msvsmanian,Rishabh Kumar Sinku,Sushil k,r s singh,Ashmeet singh",naresh.r.pawan.kumar.pauly.c.l.msvsmania686@example.com,5557055100,2023-10-09
"AELPAFD33LDSPRU4SBYCF5JOSYZA,AE7CCDFNM42PHTVFFJ5JF3AFRZJQ,AFBWDDA2YE4P72CA6RHL43B3F4WQ,AEIE7R5GFFELVNO5KDRXGRS3TPKA,AEI4GFTOVHF2SESNRVUOE4N2NDNQ,AFQWXBVRW5AF53GDQLBGWN4NWXFQ,AFKIFIYLWXVSKFCEUBX4ID3T5QHQ,AF644KLEQSZZJOCIVE5XK42WW73A","Pranav,D Joardar,Roy,Puneet,Gokul,Nachiket,Prashant T.,Prem Moon",pranav.d.joardar.roy.puneet.gokul.nachik687@example.com,5557130972,2023-06-03
"AGMD2UVAWOKO3W37KGZWAPI3ZB6A,AG7BC5ADBMW6EMTNHSDXNEZACGSA,AEN2I6AIAPGVXROMHAQ4NMUTOP5Q,AGZ626GSSJDOAEJZAPBMENWXFR4Q,AGDJLGA6BF6G4XFQ3ZWBHW7QZFHA,AEC7RE5DTPOP3U3VWADY32HLOKMQ,AESZAGS5TOO5QII4XYFLKFAWSZIQ,AGC5YGA5PCE6NZE2KKTR5KY3E3PQ","Siddhesh s.,Karthik,Vikram Kanth,Dhanesh,Rani,Amazon Customer,Amanpreet Sran,Vineet",siddhesh.s.karthik.vikram.kanth.dhanesh.688@example.com,5553439711,2023-03-22
"AETHN2CGVNPVX5Y6SAWO6IO7QOEA,AHWRHOUQWASZTLTB4CLOJIDZYPBA,AGQS7A3QE6JORKCGQ3K2J3Q7NOMQ,AE3IMYWXCNVEMIF3ELZZDGDXWKRA,AHSRJIWSBOMVKM6IWI4M64I3V4AA,AHQYDF33TO55QZY3STKUBB2WL3ZQ,AFP4IFI6O7PUAZ3A3KONELUOBGOA,AEFZZLVLJSICGSP4WDGTZFSDF2BQ","Selva sibi,TZ,c d johnson rajakumar,Credit Maverick,Subhash gaddam,NILLA PANDU RANGA,Ankit,Gokul",selva.sibi.tz.c.d.johnson.rajakumar.cred689@example.com,5551885965,2023-07-25
"AGWXUDJLYBQYBI5O7UHDK6QW7FYA,AHYBJJUUPQJTFXXO54OQ3J2D4N4Q,AHME467G4UTCVM75WV6LUC4H634Q,AEW5PTYK4UHR7B65WM4XTZLBYJZQ,AEYADIPLPA2P6QH53K5OLKRQS4MA,AGL3YL2HVMSNJ6JQ5FQ6HGAZEJPQ,AGLYEVGC2CQ4B6K7ZLFC6HKRXHXQ,AHL6URBGFQRDUNFGH5UCW4BGF4FQ","madhu AR,Pawan,Mohamed Ajmal T M,POGU SAIKUMAR,Rathin Chopra,Brundaban Das,ABHISEK THAKUR,KD Kandpalhld",madhu.ar.pawan.mohamed.ajmal.t.m.pogu.sa690@example.com,5555585803,2024-06-22
"AFZ7BSWDEUCVHARR4CX2UCO5VZEA,AHFKTS4EHCDCYQS425TALOSRSNHQ,AF65MIICMJTPBXOMJVXMRXJO564A,AEUDRXQAIOQFAJMC2HXHA5I726VA,AGHNUCRUYQXMP4652XV7ZVK5DPMQ,AFJQ6LWTWGENRRJXZLWWX27YREJA,AFWKRJGICXU2EXDCHLR5AXVCMQEA,AHFOGTDIQHP3LINYF4EQOBZ6GKZQ","RUPESH BISHT,Sinoj Mullangath,Charles,Sanjeev Khurana,Dhruvil,Pradeep,Tcr,JULFIKKAR MONDAL,CM",rupesh.bisht.sinoj.mullangath.charles.sa691@example.com,5552681686,2024-08-06
"AFCN4ZD2X2EVUUDSG4BMFT7YJA2A,AHDHRPKNTBSBYA3MRM5PYQVL32NA,AHVUIVUWUFPO7Q7OJKIUG2DA4BFA,AEXIJCTRTURULROTIL72CGUX3K4A,AH227Z3F4JYYTDOQOAYSZKNVWUKA","Nagarjuna Pavan Kumar G,panendra ommina,Umamaheswaran,Shailendra Pradhan,Suraj Kumar",nagarjuna.pavan.kumar.g.panendra.ommina.692@example.com,5558891464,2024-03-07
"AFJIOGKIZE7HIIGKY7UQYGKCHUTQ,AHWYLGBFCUWXVK26AOQEY7QNNWCQ,AFYXCGFUYNSPE2MMMHPCDDG3MPKQ,AHJDPDXYI34BCGDP4LO6EHTJXSWA,AEDN2U7HH4M3FF3HHDBHYZM2V4DA,AGBGH66QZWI6S4A5A65VS2EGULVA,AFITUHP37XFHAR6LTTXOSFZIJM5Q,AE4PAQOUOTQHDRBH74KKGQAMW56A","Naveenkumar.K,Jenny,Flora.bebo.vidyarthi,Kimmi Chopra,shivendra pratap,Prasad,Sunil,Kisan barik🎈",naveenkumar.k.jenny.flora.bebo.vidyarthi693@example.com,5554515452,2024-03-20
"AFMYEBPS6GDJSJNW3W2LA22EGVZA,AGYRWNDZCQ4RHAQ6YZIBCQDFMH7Q,AFNLLROSLYHITIEK3AUCH7F67BDA,AH2I7KKNEMSGES3IVG6KQUBRENCQ,AGMK6A2BENOKD2ODSRVUFWWC5G6Q,AHCOYDQNZS4UUSG6CUGPTYFADJWQ,AEIVKBCTQJGOIDNCWIZGMGGBFZKA,AEBOS67PZZ65W6MOFB5TLA3UMHIA","Javid Nisar,Dr. Gilbert Ignat,RAJAN,Sriram,Sagar,Gurpreet singh,OPTIMUS PRIME,Sheikh Mohammed Imtiaz",javid.nisar.dr.gilbert.ignat.rajan.srira694@example.com,5554679859,2023-08-02
"AEYGIH4DOWVSDCW5NMBO5B66JC5A,AFOSMRWUX356F43ZT3O46AKFXLEA,AHAAATUF2J4XWCRCFDHSGRMR4QHQ,AHTVNJD4KEN5OLLRPBMBVK65CBTA,AF3FG4DF4LJXC26OKQ7OCTTV76CQ,AENNAVVG4GBJKDQKJXQUEKQKTXGQ,AHTKG4MRV4XNZ43XSD4R7A3XSB3A,AEI4VIVXAPEKJT4MCN25ZWPE6Z7A","Shibendra,Rajesh,Hemang verma,Sj mitra,Amazon Customer,Amazon Customer,Johar Mohammad,Manoj kumar",shibendra.rajesh.hemang.verma.sj.mitra.a695@example.com,5556530976,2023-03-13
"AEIGFUFEU2YGVXZQSYKPUF5FTCCA,AHAO6EXKU37EEYYK3GH6ZFK4SUMA,AFB4UHZ3QF352GURQDBYC5JORT2A,AHUH2DL5E7X6EPG5NEI3PYFTXX2A,AH4PKU4P7D5AHUHDYV74RUPDD22A,AGE7RHK72JYVY6MTM33BY4SVZKOQ,AEVJRCT5FUVYU4LJMS7EEXGF4LVA,AHPDAOIVOVCS2LWI73U6DBQYETCA","KS,Shubham gupta,Suman,Sishir Kumar,Aijaz Saifi,sukomal,Placeholder,Gogou Khongsai",ks.shubham.gupta.suman.sishir.kumar.aija696@example.com,5555357066,2024-10-12
"AFXZNVON4LZKKL23DAL7IPT5ZJUA,AFSZKLP7O5V7SHFKRIC5YGKLI6VQ,AGNJT6MCU54JSU2MDPAUHNVVMPAA,AETWKKRH3YG3TDQPRO72TEEGPBIQ,AEK4IBLWWLNYTV5TXRAIVIDWDJEQ,AGEU6T4TWEHPJGK7WYQEINX4NTGQ,AFIDAKZO3JJUEQ5XHV5DQFPWMWUQ,AGC2NONP26AGZYB5HR2FYRMUAJPQ","Ayush pandey,Puneet Sharma,Lakshay,Vala 18,Jel,Rj madie,Shresta reddy,Rohan halaj",ayush.pandey.puneet.sharma.lakshay.vala.697@example.com,5556397946,2023-07-08
"AFTJIOQOYRDJGI723DK74GWNDZ2A,AHHUIFGGDKLFQ5JQ6GKTCFP5ICTQ,AFJ4RYVZPFVURFU2KARPMUWJHY5A,AG4HRCTC3U32DT5KTF5D2KYASGSQ,AFXXUQYCEVF3LETU5PSA77TAE5FA,AFKQ3TOYUPI6L7KPMRWMFU26JUMQ,AG4FIDFQU6LP6QMFQY53VSV5JYXA,AHWPQ2ZMZFHAYASC4DS6LFCQ4D5A","Abhay N.,Karan Arora,Bhavneet Singh,Deeptha Narayan,ANAND PRATAP,Vinay Savla,Parmod,Shail Alavani",abhay.n.karan.arora.bhavneet.singh.deept698@example.com,5555784635,2024-01-13
"AGJ2FUFEZ6Y65C3CZA6XJ4J74NFA,AEOMLWH4R5GQ2PAEYWT7DXBDIDFQ,AGZSGTXSS3U5JRRIRFWBTC7N37VQ,AHYE53BX5R2BNJHNSISJLEXOIAPQ,AHXUXPQFBUYDK4PEVU2BEKXMY4XA,AFN3Q6PA5YJYY5MW4JJW7KD3CFMQ,AE3RFRGO7TRR2B3HPMSS4UGJZDMQ,AHKSCTFHQOFIBISZ7QXIL7KOIVGA","Certified customer,deepak,Sanjiv Suhas gogate,anoop,SHUBHAMKHARIAL,K.S.Sreekumar,Ramesh,Rajat",certified.customer.deepak.sanjiv.suhas.g699@example.com,5558780762,2023-07-11
"AHAV4CJCMF5EPFWOHKYSWKTHHKLA,AEKLUTZJ4NAMIM57BQ2PMV4RGR2Q,AFJXXS2L6HWWPY3JISX5SCNOEJRA,AG3W26PYXB5PZLCXPAT3747IYCYA,AFICN5SUTEMROEAXGDQQ6R5DWIMQ,AFWO26UIM72Q7ZPHSQ3DUGDM6H6Q,AERVTE2EIAQT7NEI6VGV4DJIUXCA,AGOMT3O5U4TB4TZVFQFNDKP5GT7Q","Amazon Customer,Prakasha,Indramani Shukla,Md I.,Amazon Customer,RN,Raj P.,Neeta Pawar",amazon.customer.prakasha.indramani.shukl700@example.com,5553660837,2023-08-15
"AFVTO4K2IG5AYWZPOAEA2QGPZZ4A,AHWTCTHLUKPJP2IUI4BQMHLGSEAQ,AHAPQUB4R4LW5DVZEUNCXW3PB5BQ,AEHTBA3SGAOECHU5ZCSRUW4NUGLA,AETY3ZRXJNRJ7NEK7BMH2XXO26KA,AGLWKVJOI7HQ24WJBODYR5E556SQ,AEH27CVZQNPB3YDLTNLPLCNNMKOQ,AERPXYDL77A3TGZVEC4E7COXPNJQ","Good,Aayush,Nupur Gupta,Gunjan Sengupta,Syed TAMEEMUL HAQUE TAHSIN,DEEPENDRA SONY,Sankar G,Aspire",good.aayush.nupur.gupta.gunjan.sengupta.701@example.com,5553471620,2024-04-30
"AHGPGK7X35WHOVKQHT3OCUQ7KJNQ,AE7SXDPE4UX5MOB32PS4V63RPVEA,AE7DSLIHNWRP33ZULLHXQA4KM5BQ,AHG2ZF34JUECM4ZYKFDRRUIKDIXA,AHQ2DKS5UNONNHOGPYRRL3JMYFBQ,AEFES7Z2WEM3TVJHVRRRPIGRRXVA,AFOLBZKWUZVF4PQ33ISHI3DEFDUA,AEDM7KPWGF43EOIT2OHPQEMDTBSQ","Josh Crooner,ADITYA PAWAR,Amazon Customer,Aaryn Chaudhry,Mrs S Kayal,siva behaea,Karthi,Dnyaneshwar",josh.crooner.aditya.pawar.amazon.custome702@example.com,5559746417,2023-08-23
"AGTIINLWR6VP2OSW5R25BYBG5HLQ,AH3GNW4PAYTBNJZT6ZQBT3734A6A,AGWYCIPKHZXJUZXRJ7EB4TAH6OVQ,AFLHRHONMOZXHDC2ZOZHFL4YJIQQ,AFQV3ZTQ5BMBAWI2XBAE2KGC4KUA,AHGYV4BZYGAHGRKZJ3B56CVDCKLA,AHRBCLLX7TIU43LLXCP3GSMLMN6A,AHPWNTIG3ROOC7L2MFN27UHBQ2CA","S.mohan,Ashish Raj,Dr.Nirmal Singh,phone user,Aanchal,SUNIL,Jayakrishna Bomma,HARIDAS VILAYIL",s.mohan.ashish.raj.dr.nirmal.singh.phone703@example.com,5553523833,2023-01-28
"AGNLXH7GFRBUEG3GEYNDW6B6Z55Q,AFMRUR3XGB44Z6JGCPGIS6B7MXDA,AGERS4EZVITFCCWLQIZ7P4XAEAEQ,AHEYB5YSDOJS2CX5ZYJGEGSQ4JEQ,AF5EHB4Q72MUV3PTDIRKOU6RZJNQ,AGPBIM77CMHJZPR4GROXSNK3GOFA,AEQ2EQIV34AERSJYG3RO5D4RPS7Q,AGZQCU7SW5KKYPSR376PM6UUQDAQ","Saurabh nath Jha,Subhankar Mol,Ashutosh Upadhyay,Nitesh Patidar,Pradeep,Pritam Mondal,Chandar,O' Hansda",saurabh.nath.jha.subhankar.mol.ashutosh.704@example.com,5557323380,2023-11-18
"AEACCLBAYRCRJLUMTQVS5JSOYYVA,AETROJMOXLWYXXLMLCU7KW4HXETA,AH4BA34R2VIOKQRIJLXUDKFR3MQQ,AFYSXQBPVL6SBVWFIUWXNK5P2FWQ,AENMVCXATZBLHQGMVGSSY4XTNKRA,AHGP46O5MO2FPEVAHZM6A7EZHAEA,AGAHJYQQHZEZZ7ZVR7557735PGVQ,AET4QQ4FHIRE6OWDOEU2264PW27Q","Joel Thomas,YMNY,sachin singh,A Jackson,Gogi,XYZ,Shaik Aleem Uddin,Amazon Customer",joel.thomas.ymny.sachin.singh.a.jackson.705@example.com,5556617222,2024-11-09
"AEW6MM2KKYNQQXXAFQH4YNVRUBMQ,AG5B2JK25IVZJ4XBES43PYNFRI3Q,AF3COUSTM5YZSV3S6KASMJ6NC3JA,AHSJLI3SFLCBQV75ZJ5STARKTDBA,AH5A4BY345NKVTFEO733D6G7QNYQ,AFCNIB3CYWCWG5XWEUVDXCLNLGSA,AHSTM3IJNFXMWVR5TOSMDLHPXVTA,AGMZXK5XYLQSAZSVUHHFFIZZ6SGQ","pushpendra kumar,Avanish,Rajet Sutradhar,Amazon Customer,अभिनव,Suman G.,Dr. Fazalur Rahman,Ebin",pushpendra.kumar.avanish.rajet.sutradhar706@example.com,5556103836,2024-12-19
"AFLGIDPC5GTJ4ET22CVZHSHBYCJA,AGFIU57KQ27B2HIIHLNRXEX4LD3A,AH2HEAF5KSG36DBJZATRGPWMQFFQ,AEHFXUDWPL2CJNEDKMN5473JESNA,AGUZ3J4FHC3D4PBXVYJSJLCYLR6A,AEE5TKO2YQMMVIBAGMEE4BQS6ZHQ,AHHWAZU4DKWHDYX6TXUOHE56T5AA,AHOGJRONCJE5ZAJX5CV76QCAKC5A","Madhav Ashokan,parin patel,Arun S.,Salil Iyer,Amazo...n,Shrijit Mondal,Ankit Ghosh,Ritupon Baishya",madhav.ashokan.parin.patel.arun.s.salil.707@example.com,5554279242,2023-07-10
"AEOZN7QHTHMBMPZ44PLKH7ML2GFA,AHBZTGUKAUVUWWRIX5NAR3LFRRDQ,AHBZTGUKAUVUWWRIX5NAR3LFRRDQ,AHXL7635W54KBJSQMVBH5NU5M5HQ,AE7ODFGTGXOJ43E766LIKWOZWYTA,AEME7YWZ3YMKQOAKJY6QV5XKRQXQ,AGMGMQ6LB27Y52XFBO7LZIGDTRQQ,AHJICOXQKSOPQGHIO62545GNPNNA","Sreelal S,Abe Ralte,Abe Ralte,sridharan,Anuj Malhotra,Binu Mathews``,Bhanu,Subhasis Deshmukh",sreelal.s.abe.ralte.abe.ralte.sridharan.708@example.com,5559446663,2023-02-21
"AE7D3RJLZB7FRIEHCAY6O2ATRJDQ,AGR6MSMT6NDHTYUYWIF25PIVEEQQ,AGDGOIKF2V3IFHQLZ7QSCAYQTRNQ,AHQ6LZRLPWZRHXDESLTHYTIQPKVA,AHNLTNUGEDFJQZDRMZTHFFEV6YHA,AE4ENCSAVBVYJVFC3GMNMRDSD2KA,AEBRFXFON7LZTJCLJHVYUTGAG4JA,AEA7RJWIWRHGUYKUP6LJBPRSZCDA","Padmanabhan R,Balasanjay,Tripadh,Philip,Abhishek Patil,Ankit Kumar Singh,Dr Naqash,Sohan Maity",padmanabhan.r.balasanjay.tripadh.philip.709@example.com,5552778039,2023-08-30
"AHV4RBRC5YCXKIOQC2Y4PFTQPZJQ,AEXNDM5WOVFGYVZEG5WIZCIJVN6Q,AFU42F26AWWMHVXXPQBCV3TMJCQA,AHRL6UH5ZPAO25IZNBKRHIBU75MQ,AFNKZKUMVGEZPPAHKKX66IV6RJ6Q,AEK6GCTCP57ROUFQRMAH5X3NVLOQ,AEMKNUIMZACX7TT5FMUOPSS5YNMQ,AE47Z7OIMUONNOFNS74AL5G3SEUQ","Evangelyssa,Harendra Nath Baidya,Skanda Prasad,Dr Nagacharan Gowda,Amazon Customer,Raghavan  CV.,Shibam sharma,Amazon Customer",evangelyssa.harendra.nath.baidya.skanda.710@example.com,5557741820,2023-03-09
"AGJBZ5PXDKBX5LAIWE4RFKQRZOPA,AHZ3OEXV4JL4MNSPNLNCAKIDTGNQ,AHSI5YU57HTLXWPV3GB3YBW6ISDA,AFKYLXLD4CQD2ZTR2332YUOELWAQ,AGO7DPNCGHKXTC2ABQIMLYLWLRDA,AEKKCP7NXBVTMBOUE3MX2X2NTNQQ,AGQWMX7SUHHGX32GDU3UFQOZJ7RQ,AEZGTPDU5BSCNFPNTFRPZEHHKKUA","Rudra patra,Amazon Customer,Nisha,SK YOUSUF HUSSAIN,Diparna,Gaurav Sharma,Abdul mateen,Aakash T.",rudra.patra.amazon.customer.nisha.sk.you711@example.com,5555893082,2024-05-29
"AGT572FSHJL725535LQUNZXHTO2A,AGGIJ2Y7MC4VSMU572S7NZMHGSTA,AHQXV74OUKWTTJSEF3A63MBXSCAQ,AF2GX6LD7IUTQ5V4S3VZ2LMZMAJQ,AGPB4U5YAXMJXJV6SGR5TAXFXMBQ,AFJO4HYHQHYRKJJNE3ALLGPP4J5Q,AG5GIDKTKJL5GQO4WODHFI2ALUSA,AFON2UWSBTUCG5QSHZOAMHVI4WSA","Hayat Ansari,Basanti Renu Hembram,Darshana Prajapat,AMBADAS,Manjunath,Viswanathan K,Sheetal,Srinivas",hayat.ansari.basanti.renu.hembram.darsha712@example.com,5553502737,2024-07-26
"AGFI7QAP24WKYIKSVOKOI6AH5QWQ,AE3OLFD74JMTB3BH445H4VU2KR4Q,AHVSB2RAFNPMGZEKR7Y5SW6XN3PA,AHP7DRD4MLKSHBJGYJWJFEVRA6LA,AHPINNJOLXOPGJXN2Y6S5NVCW6JA,AGFPOSNBSZEQER27XB5IHLWGJL3A,AGW6CYJRLVAP5TGYYDZ5CD4CTYXQ,AFEIC7ACC5JILEDYC52PZLVKB4QA","Anwesh Gudepu,Senorita,JK,Kalyana Manikanta Pasupuleti,😈loki😈,Madhav Upadhyaya,Dhiraj Kumar Gupta,99BestDeal",anwesh.gudepu.senorita.jk.kalyana.manika713@example.com,5558265883,2024-08-02
"AF7KVNWBD7JWYLKGKXBYJ5O7RQ4Q,AENT4PFAUWIXBLC63RBXFSIQS25A,AFNJ2FA2TZWNELD25ME5HKAFNN3A,AE7HD2B333CUTVNEKKQ2OFF3ZWNA,AH7QP5VH5777BLVSP5M6KE2IEOWA,AFHOIELXNNNUIH657DZGY66E47BA,AG56GJXG2U4TIZ42J4H5SIAOZFSQ,AEE5ETMIZN42YFYSNE3DUQUSWEJA","p a joseph,Saurabh J. Deuri,Yogendra kumar,Purvi Neema,ÂRUN MOHAN,Ankit Nagvekar,Gautham Panchavadi,Akshay Kaushik",p.a.joseph.saurabh.j.deuri.yogendra.kuma714@example.com,5555408312,2023-10-30
"AGVKCM3HYXDY24CDSPW7OCLKBY5Q,AFLU4N3XW4NR5F76OYE32MFHFNDQ,AHCTMBY6ILZV6NI6M6AMLCOF4ICA,AFCMAZH6M3TVEIJMUB2MX7OYSKSA,AFVHSUME3FXLMVWOAUMSW2FQY5OQ,AFKXPQJBEVNNZLC74ISHNFVCO6CA,AFELQDSWBB36DNLRMGBO2JO3C7GQ,AESUWQB3L5GNP2BJPUD4MXJ5D7EQ","Ashish Pyasi,SAGAR B PUDABANGI,D Rajesh,BHAVIN,Surendra Kumar Kushwaha,Prasad,shishir sharma,Dinesh soni",ashish.pyasi.sagar.b.pudabangi.d.rajesh.715@example.com,5556982220,2023-11-09
"AEEH5DFNKICJXQME6UXNS3P3OM3A,AGBSAL7DSIA2DOH4OECWZNBWUWFA,AGTWEFLTCAACRA263SPI5GJ3RTAQ,AGZLLIPSQAYH3KIKTP6FY5OERQDQ,AFE53GDVPWIFSX5PQH7P3SEZ4HKQ,AF3ST42POCJQZNBDQENBSIJFNH6Q,AEPLASBTA4EAJJGZ5Z4HSGL32J3Q,AHFGGYF4MVQF5EOQIFQ2MUKGRRKA","Yugandhar Menda,Sonia,Amazon Customer,Placeholder,Placeholder,John Raj,Nandhu sajneev sk,Farheen Shaikh",yugandhar.menda.sonia.amazon.customer.pl716@example.com,5558330831,2024-05-12
"AGIQYUS55MG4UWXTEF4PRMPZWPQA,AH4VWAKSTYSTM4XW5I4VA4VOGL6A,AGXLDDFUAUJIXQ5SZK2CKHJGCO4A,AFDV3XB5P65LS5FRSIEWKAY3K3JQ","& I Am IronMan,Amazon Customer,Sayandeep Sarkar,sherin",i.am.ironman.amazon.customer.sayandeep.s717@example.com,5551963367,2024-03-20
"AF7IXQKBUL6NEIQG4R53LMJJUGXQ,AHB43CZ4RHLJ5S6CBOWX6MEI7J4Q","Neeraj Vishwakarma,Sameer Patil",neeraj.vishwakarma.sameer.patil718@example.com,5554105059,2023-12-28
"AH6ZYHC4ECJ56T4GGZCL6MITCTMA,AE4TXVJAXHK5R7IELJNWWYHFIN6A,AEIJ7SPIJQQGYL2ILSVFV7L7KUCA,AGPQF6FIRVMT534CMDQOPD43MABQ,AEWSLNWPA73PVMUGHDJFRBKEAPSQ,AGBYFOYR3NI4NL3YQNDGZZF2IK4Q,AEM3QOT5IZHF2LEZT6LFD3OTDOLQ,AHK3VCLMISL3QD2KOQSW6WHTC6QQ","RISHABH K.,Anish Galgate,SK HANNAN ALI,S Vijayan,divy soni r,KAVINESHVER S K,Arun,Prithivi P N",rishabh.k.anish.galgate.sk.hannan.ali.s.719@example.com,5559895387,2023-05-28
"AF33NXAARAF2D6VUOBSIWL5CV5MA,AFPPWBB7UVUGIXVIQVFWL5CN6XAA,AFM47S7NXDRALSGXS4LAFU743QJQ,AG7B6TJPNXKVLBY3RPA6HSCFJW2Q,AHBJAEOHXRCVYWBFYUOG2G7NTVLQ,AF6DRSZOQ6E5M6BH27L3GA3SYW4Q,AHAPGUPBVNULSTPS5Y3SXCSWGT6A,AEQGO3ENRW4OGBGWUNECEWY7LMZQ","Abhiram Ganesh,Amazon Customer,Vikash,Rohit,Zakaria Ahmed,Vihar,Amazon Customer,M.bramheswar",abhiram.ganesh.amazon.customer.vikash.ro720@example.com,5554641438,2024-10-01
"AEB6ZUPDFZXQWXHE72JVVSO4ZFGA,AHPZYFKIAW7DX6SSCSGI27FGMZTQ,AFMXLK3YUJVFGQV33RBZQ4IDUPTA,AHMG256GFFJ3XGDBZ33VX2SHQ4OQ,AGWJWL3N6X3HBXK4SKRP6FWDSBGA,AEUNYC2KUYOZRA2TH2WTZ3RG44WA,AHEMPQZQUAERYFBDHQWBEN2KXO2A,AF4ND7E7FHRXWLU2TP27B7BIRJBQ","rajiv,Anil Mishra,Pandri T.,Shringar Gupta,Dr  Abdul Hei,Nitesh Pathak,Anil Tailor,Arun Varma",rajiv.anil.mishra.pandri.t.shringar.gupt721@example.com,5556556175,2023-04-02
"AEG6NCZPUEEC3YY267IS3YMFRBWA,AE3S562OZDGHRXCXEO6AXOU3W5AQ,AE4ENCSAVBVYJVFC3GMNMRDSD2KA,AFREKZH5BGM747DB57WHR4RTR3QA,AEIFPFERCLDOHEDLTL4AT54MGQYQ,AEEGGAYRYXP6RHFL64B5MD5RVOKA,AGB7JIFSP63DCBEXSQJ7NV4QOYMQ,AGTVC53G6H2H6XPYPMPKWPVMEYNQ","Dhineshkumar,Amazon Customer,Ankit Kumar Singh,Pranay,Harshith,Amazon Customer,M M M,E R",dhineshkumar.amazon.customer.ankit.kumar722@example.com,5551267074,2024-06-03
"AF2RABP57DKRSINAD3R2DKITOV7Q,AEGE3H7UIM7FCTYQKD3MMRM3EXMA,AF35WMTKE2Q2F5DQEVAGC5VDLAYA,AEW2XGFZJOWDL6B4TNN4TZC2TRFA,AFQIRFHBUQALCU2BDHWX6T6YOJ2Q,AGFIPI7I4JGMPSNAVSWCA4P2WIAQ,AF4LSZBP7I7DOSKCLX5MZGSR7WJA,AHPDWYQTQGOMTW2T43NC4QQJIWSQ","Jayanta,Himanshu kumar,Saima,Vivek kumar,Raka,K.praveenkumar,Bhavani prasad,Neha",jayanta.himanshu.kumar.saima.vivek.kumar723@example.com,5557494061,2023-02-13
"AHPRNMXR66DD77CEYCS5XWD6SIIQ,AFSP434VUSNRSG4UX2ZLIWZXZ2KA,AEBIJEXNYPRKO5MKEV6Y3B7T3CCQ,AGVOEUHI37YTWKDUKVJVBC3EEREQ,AH6NMSZEUI2NAFVB4F2ZHK2IE5SQ,AHMBCE3D5FLL2VTWRXIWZCXIYXRQ,AH35ZZDDDXAUW4RYSRKV4QYYOS3Q,AF2BZP4VGYYRYIHU2HKLQUSH4ETQ","IAMSRK,Tirath T.Trivedi,Damodaran,Ashish  kumar,Pratheep,Antony,Aditya,Dilip ku Choudhury",iamsrk.tirath.t.trivedi.damodaran.ashish724@example.com,5558849396,2024-12-13
"AE2XMB6CEF4SCPYQI75GHNYEAXIA,AGGZZQ5IGA5QAIGYO5NZ6PVT3D7Q,AE6DVWUAWPSVBSLLUQYNPPSQQAJA,AGY5QPHPBISAP2NWFXQM6IUE2FSA,AGFVUN4637QP6LIOV5R4RLQWPRAQ,AGFVDEDXE3HZWF4WGRUEPMDEGISA,AGLQGHCAPA45C7LFUS257GLOBJIQ,AHHZDQ4MJ63XTHK5UTCXGFSPQNTA","Dilip Panchal,balu prathap,Rahul,hariraj,MRINAL KANTI MONDAL,pradeep kumar,rashid pathan,Baskaran",dilip.panchal.balu.prathap.rahul.hariraj725@example.com,5554598671,2023-12-13
"AEEFUBM5UGOQDCGWGY6JORVEO5QA,AHAYM6PMIGKODC5HL7EZ4X3RP6CQ,AHAX2XSXLJNPZD2VD24CXKB3YTDA,AETDMDOVSXTTR5XJPFQC5GABM44Q,AEV5HEZN2S7XTGGBJT353UZI3GMQ,AEXXGJ2SYJPB5NKCDX67RWMIXR3A,AEL73DAP3UV4QKJST55GPFBB4ZRQ,AGIBRWVH463CHA7ITXB5DLE2V7MA","Indrani B.,Amazon Customer,Ramalingam,Amazon Customer,Nishi Pihu,AmazonCustomer,Sahadeb Ch. Dhar,Aishwarya.M",indrani.b.amazon.customer.ramalingam.ama726@example.com,5554340381,2024-09-26
"AFQ3U3VBOCWRK5FO7AHRDUWWSU3Q,AHAJYQR4MXON2FRMHGMXO5AQMB6A,AF6PSKIGQI3XF6ONPKLUZWTTIJ6Q,AEAHUUJODQRTT2CHUPUCRGDHYTKQ,AHXACIKX2GST7YTDG3AUJJ2XDI7Q,AF772HDBWQAREJWQ2CLI2OHNSKIA,AHHSFGNEBL7YFX6MBHHJ7YO3UJSA,AHVBXZN2O5ZS3WTPVLPL2FICSBKQ","Amol W.,Rohit Sankaran Iyer,Best Bakers  & Restaurant,Patel,Aqeel,Anil Narula,Shivam,Abinash",amol.w.rohit.sankaran.iyer.best.bakers.r727@example.com,5558042140,2023-04-28
"AH25R3GOS3TJRM57EUOXPJ6YJDFA,AHI5ZCPOFUPHGSJW7H5HCL3DYX5A,AE4CCI6LBWFJBG4CLFJFLCJZ7YRA,AGJ7SMZ3VQE3KH5WMLS6XPVDDZVQ,AGSBNTGWSEIU7PSDD3BDPKZ2K3CQ,AFLVPDTAQYKZ7OA4FBXW5NOHY2IA,AF5IQBN7EH66YYEVQXIEYZQMDQXQ,AH32IF3JR7M24NTRWQY3HTUUZCQA","Geetanshu Dev,Akshay C.,madhu,Shubham Sanjay Gaikwad,Amazon Customer,Shubham s.,kalparaj patil,Shreni goyal",geetanshu.dev.akshay.c.madhu.shubham.san728@example.com,5555238509,2023-04-11
"AFSJUWV2I4CD53EPCRMOQJ3CWR3Q,AGLYAYWTFPPMLELDG7MBUTWQZTKA,AHAAYO56NUYMNL7O7P65YAAKV6TA,AFWPXEXJRSEYWLZSQDGUDSBDHBLQ,AES4QRD3RAYW2ORTU7E7K76ODZ5A,AFRXDI4SII4JBMPANDYIBWAXES6A,AGH6HBX2KQ7SPFSKTLA3TXXEODHQ,AHWWSRDGMUI3RUPRJLQY7DLHKXIQ","Abhay Gupta,vimal rastogi,Sughnesha,Prityush,Anzer Ahmed,A name I won't regret,Biby,Kayam Sayyed",abhay.gupta.vimal.rastogi.sughnesha.prit729@example.com,5552116610,2024-03-12
"AHMBY2YCZ6C6D5ZPODSHKAMFGXJQ,AG3O6DYHU7RR4V2YEZCO42RILNPA,AFZVM6YEGV5SQ2KKZFMEJZ25NKQA,AF77N36Z4TV2XEXVZL25HASNQP4A,AF5KHBJBXENJYBREN6IA25CAEGWQ,AG36M6YGRB65XEJ4LMC2U77FR76A,AEVCX7TC4UG5RDTPZTYNHJB5F3RQ,AH3VJYYQHPSF6ZL66EW2AX25XSDA","Kamaldeep Singh,Jaskaran,Ravikiran N.,Rahul Sharma,akbaree,Suraj Khabale,Klassy Klan,piyush ramnani",kamaldeep.singh.jaskaran.ravikiran.n.rah730@example.com,5556383300,2024-11-08
"AEVZ5C4WDFLWANNAZDB3Q33OK6JQ,AGEHBUZ4FXMTXQ5W26K2YUNJDKFA,AEUNGOJK6SA34KCHNR47RY4AUQLQ,AFRWVROVBN5XNW6BTASVE47FBIHQ,AGP75AQH4URU3HHHPEIOT6NUT53A,AE3BO5WPWSLE4GZMDE2Y4HJYS6CA,AGKCXGDP6B3EETRONNRLMW2FEZBA,AE45GZLSH4SCD2YNBBHFAT7PULIA","Mohammad Shadab Mozaffar,Smd sayeed,Dhashwanth,Ram,Bhaskar,Archishman,Kevin Kunjumon,lalit",mohammad.shadab.mozaffar.smd.sayeed.dhas731@example.com,5552805390,2023-06-21
"AH63HFCY2DBQCGPIVKPHXNHTA7WA,AFWFWVCRK5WBT2KNQO54ZRY6EGGQ,AEP4K42PEUOFUZBSUUDCSQBLE3AQ,AHR6J42MLK352GDZSY7SDIR7FRAA,AH6SYTU35PM6FS3MYCMZE2HUHX5Q,AHOUXQHR4KHOOR6GRVONQNICCGGQ,AF3RAGM4J65OMFTJPKIZ5EZSKDNQ,AG5PVVOM55OQOZLE6RR7HRGV4E3A","hrithik,CHANDRASHEKHAR,Amazon Customer,mukul,Saumitra Pal,Prachi sisodiya,Naveen Sharma,Samiksha dalvi",hrithik.chandrashekhar.amazon.customer.m732@example.com,5555118308,2023-08-20
"AGA4V2SLJ744MITK2FWWGPXOFB7A,AHDOHVS266NLKERWUCDBLOI2HS3A,AERHDD3XT6MQGSE4F4NHHYRDW3KQ,AHU7BO2DJJO2GP4JBADXH4ED6NUQ,AGSDISZT2Q56EHH3RWMSELFMI2AA,AEIY5QN6TDD4V2TCBEE6BF7KLIAQ,AEI4BIWGOCYLHHENSEEBA3PZACHA,AFA3SIQ6QNXPHVU6AIEL4FIMUYDQ","Dhruv Sharma,Durairaj B,Ved Katyayan,Shailendra Kumar Negi,A. Kumar.,Sridhar,Suresh Chauhan,Soumyadeep Barui",dhruv.sharma.durairaj.b.ved.katyayan.sha733@example.com,5551477142,2023-07-05
"AFPBB55ERBMYZ772BNASND7FMW5A,AHM727ZYMMQDPUHJ6OWCUCU4355A,AFS3O2OIRQF5ECXHPLIAACRYS7ZA,AHMR6LPDRS6LA5Q4IPR7CR5C5UNQ,AHNKAHK6RYA2C67WMJPAHYF2SOOQ,AFAE3QQ4QXQFUDMR6PPV7Z2RBBXQ,AF2XP36RNYHP6ECLKWEGNJMPIMWQ,AG2GORYENZ57Q2GI5YX363VVLIWA","Basim,Vicky M.,Neeraj Kumar,Tushar Singh Soam,Vidyasagar Murty,Pramod Gangurde,Guruprasad Shejwal,Dileep K.",basim.vicky.m.neeraj.kumar.tushar.singh.734@example.com,5557014640,2024-01-10
"AHL435VQHZZXB545DXGLIZSACFOQ,AG6OEN75DD6ADCNOYEGCMHZRI22A,AF3CWTDKJKG76CDV3IL6X72ZC6EA,AF73CGOZKN7MGOT7NZBIJFV35UQA,AF4CMSAMBV4RKGO4LWDE4LY5K2QQ,AGVG3B4ICKXGMOKDYKEOWIAO7LSA,AFVLASKUEKD7ILQRPFL4TAUJAUUA,AH2Z5DXERV53SFHROV27HKERTZPA","Devashish Gautam,Vishakha,Sunny Tanna,Dr.Suman Das,Arijit Sarkar,Amazon Customer,Heena,Mustaque Ahmad",devashish.gautam.vishakha.sunny.tanna.dr735@example.com,5555797297,2024-04-30
"AGLOZNSKAGH5XUZEAZ3FZTQ22CHQ,AFAT7XOWTWEFHD5OPAUPOMHDS6ZQ,AFOQM6Q5YBLXIBXQ3OX462DOEJTA,AHRIS5H6Y3RZXHEWWOIH4G2LYJRA,AEHJFSE7VES6WCXZMR7OAQ6W7NIQ,AEGAHQJXL5G7G3Q7RBN6RDVGUTVA,AF6HEKQ4VQN3LEYA35NQCEG6LAWQ,AEYIX2KJOD6M2ELCQRD2AQATBBKQ","Surajit Patra,Dixitkotadiya,Abishek Stephen,Dev,Subrata Nath,balakumar mohan,Pratik,Sekhar Kommuri",surajit.patra.dixitkotadiya.abishek.step736@example.com,5555993386,2023-11-30
"AENWPLS2BHDMH4O6DD7EYV5DOGHQ,AGWEZX7ZMZNEDPVTPFZIOKD3RUJQ,AE4JUNCUKPAHHGNR2OJEXJ64ZJOA,AH3AYKWBYIOGWAQURE34B6PGJWLQ,AHQXC2MQJWWBWFCLJQWZ4KCT6BCA,AF2GCLO5T7RRFOW2NCDF2POWFGLQ,AGPAK6ELVZPVKQ7GEZ7IUHNK2C3Q,AFQKN26SJVBLDXPECZHMTIAYVLSA","a.john,Sonika sharma,Umadevi,tarun,venkatesh k c,Anumod,Olivia,Syed",a.john.sonika.sharma.umadevi.tarun.venka737@example.com,5553152539,2024-03-26
"AG4CULPDENY6NXR67DNAQU5VM42Q,AE6XZBRHYTRKG33Z6UGCG7EUQ2UQ,AFLCRL5P6JC24SEQTM6ASIJUVC2A,AECBTAP3SOAAMWUSNGBILNOOM5DQ,AEC5C3VXEKLH62ITNOMMUYIE2CAA,AFB6GXJEM6T4SHB3BQJ5G4UC5VAA,AFTCVC4B2DKVF5IF7GQYAWOA2X3A,AHFYGXWTFW2WTUEEYAKS3BYPQQ3A","Lingaraj Naik,Vinod Patidar,Shubham Soni,Himraj,Anonymous22,NRD AZ Customer,Koushik Roy Chowdhury,Govind S.",lingaraj.naik.vinod.patidar.shubham.soni738@example.com,5558286653,2024-04-30
"AG23N2Z5CVKFJZ6ZLIYU4NQTDKFA,AG2T5VLGSYCC4K6VINWC2USGSDJQ,AHZHDTTEM2NV5MW3BUGSBU63WTWQ,AGCFGQ3GOFTORIPXP5KJ7ZIB56ZA,AGZMM56YS4MIVU5GTMUXWREFS7PA,AE6IJ467G5TQ72ECC4ESEAAE2BUA,AFU3MFN7EXNXOFFXW7NUKIKIKOAA,AGQYYL7HPZZCZQXA3ZV66J6RXZTA","Amit  Kumar Chaudhary,Ankita Kakkar,Neelam Chouhan,Amazon Customer,Ajayaraman,Jaspal singh,Nishant arya,Tharun Sharma",amit.kumar.chaudhary.ankita.kakkar.neela739@example.com,5554887390,2024-01-25
"AE6FSULFZEB65U7FWSETNHLBP5JQ,AGV3YW3GZJTWUP4FC7UBOYRWEFUQ,AE6HGV4SSK2V4C4QVOKY42KZW2DQ,AH2NX4DPPSUUQYJJYAECCBRBJK6Q,AEJ47MXJRDNX6VPRKKW5KD56SAFQ,AEHOGFWLLZ3VXB3FKNIMZU5QBQQQ,AGCU4M3EJ346F7J4DKXK4C6FKXKQ,AHH4X42X46T6KKBR7G3L7TCGV3OA","Rayees Tigadi,ajay,Tathagata Chakraborty,Rajendra,Nihal Rathod,KOVENTHAN G,Pushpita Mitra,Neeraj",rayees.tigadi.ajay.tathagata.chakraborty740@example.com,5552997399,2024-01-15
"AF3I4EPZQIK3OVITINOGTUMCWQ7A,AFGJUJ3SUS35KINKLVKUSSPQOF7Q,AFLU4N3XW4NR5F76OYE32MFHFNDQ,AEBQPMPROYPTAQLTNBBFS4OQBYGQ,AGS4LZEEXWBXM5YCLRHDMZFDHVXQ,AGTW4HJCRU3PV3RWFQZ3OY7A6FLQ,AHKHL25G2FSHGHSMWDVH47N2IEFQ,AGY7TVIILTBSFMWBPYTIWLTOEZ2Q","Prabakaran V,Chinmay Nayak,SAGAR B PUDABANGI,Gurmeet Bhamra,paras jamkar,panchal,ABUZAID,AaaaBokkaLe",prabakaran.v.chinmay.nayak.sagar.b.pudab741@example.com,5552777432,2024-10-22
"AFXXFWMGUKQDP27JRILRUKME7R4Q,AE6JO5FOQR3D3UE4GTIJT5FVRNKA,AHT5FELZRNJ4ITAESWGATN2COH3A,AECMC4ZTLI2FFUQHAXVILRVCNJHA,AGIPLO4AJSNUVZ3ASVSHC2BZXFFQ,AH2KQR23MJYSJCXDH3J6AUCON5FA,AES2TTA7I6H32D6TO6IGDCI7DFOA,AH33GQ3GIETSNVJGQPQOFZIQBR5Q","Sachin Goel,RONI.A.P.P.POONTHOTTAM,ELDO K MATEW,Ankur Kunal,Karan,Amazon Customer,Prashanth Mettu,Rahul Gupta",sachin.goel.roni.a.p.p.poonthottam.eldo.742@example.com,5556733218,2024-04-16
"AFJAEGGXB3SFKV3CIQG672BJD3HQ,AGT25A2JUMFSTJ6FK7AJZIFRHRIA,AGB5B7QDVRRWO43PODQ7BRQBS4PQ,AF7XW2VZLPVXOMLEC2WU7FPUJ66Q,AFP74SQR57V4DO4IH2RW3KKQBGZA,AFCYUWRUBILFTKYMBHMVJSIJKK5Q,AFW7SE27ST3TM7KFAGQEORGOCQJQ,AEL3GVS4JNKIOZHRQCGE6CUJISDQ","Ashwin,Spidey Rage,Placeholder,Shreyas Ghare,Sandeep Kadam,Amazon Customer,anuragnaidu,Naveen Saran Singh",ashwin.spidey.rage.placeholder.shreyas.g743@example.com,5556616438,2024-05-03
"AFRA4BGAKHDU2PFBCHKEPSVG5OYA,AENPE6KZIPHD7QUDJVPDKRMTR2UQ,AEW7M23YLNN4FJNU2N6DLN3BAZMA,AF5EUX755HPX32CSZZYARRK6VSRA,AGEWLEEAALGWMCPDGMT4H5OVJI2A,AEL3EZQDKJFXIQ6MBXGKGGKVZGYQ,AG77EF477UX6JHDRZFZM23ZRG5HQ,AFBOZIRKFRPTQJZKZE7CFSSDK2WQ","jatin.,sushil Kumar,Darunte S. C.,jayesh patel,T.Kothandaraman,M Badrinath Sarangapani,Sukhwindar Singh,Rajesh",jatin.sushil.kumar.darunte.s.c.jayesh.pa744@example.com,5555179937,2024-06-17
"AEGQJH2NIAS54T7WKAHKVEO4B67A,AFDH4NWAAHAVKPQVBCSZEHPVFYRQ,AHHMIBI4WD5JRIXCHLFWBDUBUANQ,AESHIA4Q3VBR5HCJJMRGUIBHBQKA,AHV6JCRY6F36XXVSJAQ3SKYLHUFQ,AFXAZGN66ICO6QGG2A4PZVZMPUJA,AEVIV42RTEB4DEQLJOVPRLGAJBRA,AHC5UZYDEQJY55XHOYR4Y7YYPDIQ","Md asif akhter,KIRAN T,Hanuman sarda,Pranav Chaudhary,V Vijayaraghavan,Placeholder,SHAIK IBRAHIM,Nitin Tanna",md.asif.akhter.kiran.t.hanuman.sarda.pra745@example.com,5553198387,2024-02-28
"AGRDTPMUHWAPVCLIT32C7WW2V6JA,AG6JGI37HP3HKED7FYSE6HNY2OZA,AHGX46NEAGEBIMLPLC4TB3Z342QQ,AGU6A55DL2E56WX7673GFMC6HEYQ,AHORMKJSJGUFFI6JCZP3AGVQIIPQ,AEPHE5IYH65CT6E4RFVU2QFQ5RDQ,AGBSKFFDGK7DFN3J54X4VMY7MUIA,AGBBOHCULMY33RU5XRNNOVVN2ZGQ","SUBODH RAJ M S,Amazon Customer,Saurabh kumar,Aarif,Yash,Amazon Customer,Yoginder Kumar,Asif Farooque",subodh.raj.m.s.amazon.customer.saurabh.k746@example.com,5559153960,2024-10-09
"AF5IDL42LBZCZ7A5YDGM2QFNUHEQ,AHPQHJVDA6JHFNRN7OBYTBTJXBYQ,AF5ZRMB3EOZXTXOOBVEVJTGZ2XFA,AFK4JLZVY6JQ3VZHAVISLJ72RAAQ,AFS27RNTNLFALK27VK3TX4JHPA5Q,AH75IN5WV5BWRPLR7QFKFIN6XLEQ,AGE3DIZBUUHDRMIUR37KDA5WMESQ,AEYMSQGEOI3PJTI3DKWC2ANWVIMA","Mb,Amazon Customer,Adnan Malik,AD,Pradeep Rajbhar,Saikiran kopalli,Amazon Customer,Aryan S.",mb.amazon.customer.adnan.malik.ad.pradee747@example.com,5558007856,2023-12-08
"AFM6IHWXNLXOBO3JZTO5DN5QJROQ,AHXEMXDI7LE4FLGEUHSK426PVKOQ,AG6HMWEV2ABV7VF344EGP4SNMLHQ,AGNK4GKNE65RYXUXCDFO6B22NXCQ,AGVHESKGY3VL6CHECT2G2NPFWYWQ,AGTATACN5LUOY6XTHGLDJV2TV7JQ,AFFGWYKF2QF2IRGERWSNOLQ2QW7A,AF6WO26Y4PHPBSGOCHOH66BVQ6HA","Sayan,Lucky,Anish Kadivar,Surjit pharmacist,Aniket Ghole,Vicky kashyap,Kushal,Nrup",sayan.lucky.anish.kadivar.surjit.pharmac748@example.com,5557157039,2023-02-11
"AE42EZDBUFSJZGL66F275G54PSUA,AHFGOPCKQ4SMDFRKGLYFOAKTYXUA,AHW2UJ6K5LK5BL7LHAD72ZGWJ4MA,AEPWUTZXVJGKU724YMMK4AFRB73Q,AGJ3RV3MOS7D4IMNR7PHFGTDGKPA,AFUWFYMER6VM4ARW5VTGF3KEYM5A,AGFVVKJUZWYWIXOOMYTJYRV4ZSZA,AEL4TWNZSN7KFL3W76ADWINWR6KA","ESWARAN,Amal Gopinath,DODDI GOVINDA RAO,Vinita kumari,Chidambar Kakathkar,Hari,Siddhath Gowtham,Hari Bhaskar",eswaran.amal.gopinath.doddi.govinda.rao.749@example.com,5558204512,2023-12-13
"AETGW4KBMIJPPNVLPKB7R7O3FSQQ,AEYRRD5MDFEO4UXUUKZ4HYJIWCXA,AECQXTLQHIUJGVCJRIZGBG74HZMA,AEG6WS6DQBW7RUYV5N6Z4QKCWSPA,AGE6GHTP6TZV6IMHAQU3X3GSEVGQ,AFPJLOHRAM3HFFNXMWTZN7GT5FMA,AHI2MWHMTDESX4HL7HFIN5B2URKA,AEDP3USNSZXGRPOONSUFGDM7YDKA","Bhawna,Abhishek C,Richard P.,Vivek,Sonali G.,Chandramohan,Michael,Amazon Customer",bhawna.abhishek.c.richard.p.vivek.sonali750@example.com,5558531802,2024-07-20
"AHBISYTXOMEMKDTXVEKH57D2X3RA,AEOSGU32LYFVLXEHETK4QU4UDWEA,AE3MPP4472M7T34QT5674QU2XC3A,AHGDXMKQ7B3CJHLZ3GCXWMDMPGSQ,AF6OH7C5LOWQK2VR6DKMNSKHMUFQ,AFLY6EXAO7CNVWL2AVBQVO224Y3Q,AF6SSEMMZHBAKRV5BGIBKWRCNCTA,AHUMH22K5KBLNH2K2GA3EEXOWSPQ","Sreekumar KURUMALIKKAL,Mukund,ADITYA GUPTA,dev,Abraham,Mahendra,Rahul G,Vivek Kumar",sreekumar.kurumalikkal.mukund.aditya.gup751@example.com,5552126055,2024-07-21
"AHHCE7SDKWRKQDLFXF2YNMGODDRA,AEJQ5PXFKFXUBKWMC5RYF2WLEZSQ,AGZDR3Y6MNTBZRSP754LCZGHCLPQ,AE4DHHEU4Y3LQBPIJKXC4IBXB4WQ,AEJ674BKH3ZTC2JQA5PMMQ62I7MA,AFVIELPXTPPBI7HXOXX72AIPJHGQ,AF7V6CVPDC3UJNI3UODXF5FCU4XA,AFYCNW74WYKEQYYNUDBTD4V45H2A","ba_doh,Asim Kumar Ghatak,Deepak Sharma,Ujjval Rathod,Shiva Sai Crisna,NANDA KISHORE Patra,Amazon Customer,Danish Shah",ba.doh.asim.kumar.ghatak.deepak.sharma.u752@example.com,5552403054,2024-02-22
"AFF4TQVTALIJ24PF3PWD376ONLXQ,AHF4Q46ABHEW3O6SZQMAXB6R6ZLA,AGKD2FZGZLQPA3VITZMPXL2OQMHA,AEF46LTPVXW3BL7J4RETUFLLW3RA,AEKFSZLXX2ULI3U46YCZPRILVW6A,AESYTC5OIXBUIDGPDE53XYOENLWA,AEV4CXMHUNKPH56BNTAMEH7EOMZA,AHFXBNDCOX7XWOQ3AG6PTK6LOF2A","Sudesh,sayan mukherjee,SS,Ritu Doloi,Sudip Mandal,Yash Raj,Abhay Dogra,Tajammul Hussain",sudesh.sayan.mukherjee.ss.ritu.doloi.sud753@example.com,5559034665,2024-05-29
"AHMOBOPW4OAANJ3VXXWX2QGJA6NA,AF5IGDDLQ6JNALQVE2QDWW3Y7GFQ,AEH7AAYSP6ZITYT2K6PDMCY4PGTA,AG4RZDXIU2IUVLGT75YVH3KJTEUQ,AGWTF5MKOLD3VVQUFRQEPN2F7TCQ,AEEPWPF5DKQ2OMNUTMCXXLZLF3RA,AEFXFHQQRNGTHNUGCIDULRC6BHLQ,AFSTZARBDNESVFT7AANAHBHV3QUQ","Amazon Customer,Prince kumar,Rosy Thakur,Dheeraj,Amazon Customer,Neel Sengupta,Anu Jain,Srini",amazon.customer.prince.kumar.rosy.thakur754@example.com,5553676271,2023-12-15
"AGQZ46RQ5YJFVCSGI4BJGNXB7DZA,AFS6PV7PIU6VP4IPE6ED6EG75Z6A,AFDOCCV3LNI3FFF37HOQKLRU4NCQ,AH37HVSNIOJ3DJOGCWS6UFXOKR4Q,AFHIBNHDDDHLLVSXTV4DRYLOWM5A,AHUXZUPCP7X4ZSLLP3S3M23PTTLQ,AHJ3NVF3ERE5CN626OPOX6AEPQ2A,AGHQDSDG5ATRKOSV5HZPFFQBJ5KQ","vipul agnihotri,Banshul Garg,AJIT KUMAR,HIMANSHU S.,zamasu,madhu,charanbir,Ayangla Kichu",vipul.agnihotri.banshul.garg.ajit.kumar.755@example.com,5553049081,2024-04-20
"AFMJDZKFVMHFW64W22IJYRZLNS7A,AFQ7WK2RARMAY3NCZVYXQ5OH2XGQ,AEGVHZAPQ2JZ5NRAROTG75MC6PUQ,AHXQBGXJGDE2LRTXCTNKJA4ELAEQ,AEY3S4MECAO4HYQZYG4CTY7EQAOA,AGL76XCJ2EWY36ABPD25DHZRMQMA,AFUC5YIDC3M4XEGLETZWLMIFJT6A,AFTW6YWBCDN5KJ4MWVXSFPHJRD5A","Anurag a.,Shivam Singh,Amazon Customer,m.ganesan,P Santhosh Kumar,Amazon Customer,sk,MAHTAB ANWAR",anurag.a.shivam.singh.amazon.customer.m.756@example.com,5554467136,2023-07-26
"AG2KSOZBBZY3A37U4Q273OYH2IAQ,AE2KY7GO5HPPGPTMF2M5Q2GT7AXA,AE7B5IIEKRJEPJUD7MU45QZIRLYQ,AHKEH7HFR3AZJEZMS2FU4B3SFCCQ,AGXNLZFFY7QM6ZYXUJ7VLPXH6DXQ,AFFOKWDBWHTD73ESMLG5EHU6D64Q,AG3H5M4RSVVBD3XRPC4MVFPUGTRQ,AFYA3XLIG4JUAVDGJR6XDG4XZXOQ","Akil,Sravann,Arun,Priyanka Bhura,Aniket Kumar Ray,Ashok.,Arun,B.SRINIVAS",akil.sravann.arun.priyanka.bhura.aniket.757@example.com,5559832973,2024-03-29
"AGJTPXSZDYEWZM76UMJXCHUUPJSQ,AH4ON4ZDRHM5PWVW6725NRNU6VCA,AHTTCQ7A5VN7L4335W3VEZG6QDQA,AFL5LUHNIIKW6G6GPQML7SFN2W5A,AFHJ53JKOT2VWMLKXNADZHOFDMCA,AF3DB2GLX5C4YCCPB7CJYRQPANTQ,AH723Y45K7AIA5HG27CCBVDZQPYA,AGDB3UZ4G544VVY2ZDHJUI6KOLJQ","Harshit,Fazeela,Chiranjiv Singh,Joseph Ka,Rohit Kalyan Khaparde,saikumar venkatesham dusa,Dhanu Muthukumaran,Commandant Rizvi",harshit.fazeela.chiranjiv.singh.joseph.k758@example.com,5556055086,2024-10-11
"AEDCFJT7COKZ3DP4YGWKH6KU7LAA,AFCOSVW2NHSFLPG7O5EKP2YRUERQ,AEI6GYSN3UARZSSWIR5HYUEF44XQ,AHCOKF4M3PRZWEENXHMFXKAZSYBA,AE3Z6FOZQTLXHRH3FSDWSUVG774Q,AH2OOR5NWZ5OB4GTDQ24D6CS6DNQ,AHWLIKXRCLQS7T7SHUAAJOKBQTLA,AHBYDX5JRGNFCSRBXDXTITOBNQ5Q","Sib,Deepak Kumar,Amazon Customer,Karthik Ganesan,jivan surse,Parthasarathy.R,Satish Kumar Pandey,Ashish",sib.deepak.kumar.amazon.customer.karthik759@example.com,5551767996,2023-07-12
"AGI3LMXQXP4MEFM4NDQTJTXXQBVQ,AFC2IZIMLDQRHPP6HME2J34YYOOQ,AGRB3PSBBGROCDVUZ4T5NQCFGULA,AFV6EB63VB7UKYIEUYKNYEXHV5IA,AHS5BOPH3WRQV2BD4IWZRGDYQVVQ,AFYWFSV7SQAJW6KLYQN4D5OVIUNA,AH4GBZYOUGBQQ2XQQHY6WKQZTIKQ,AFFBDPS3XMGKIVKYZIMXQZJGEI7A","Shanu SwamiKohar,susheel,Shubham Tiwari,Amazon Customer,hemant,Rehan alam,J.S.,Ankit kumar singh",shanu.swamikohar.susheel.shubham.tiwari.760@example.com,5559448708,2024-11-19
"AGYJ6QNPZV2B6GT2AC4MVSENRPQQ,AHGQK5T2FWW7VSK76KSD6XOP72BQ,AE72VFMVHB7UT4FFROPQ4KJPAAQQ,AFNFRCOPOSSJLZQELMABX23PG4HQ,AGG5AUMCUIQNY4UVAAJCUF4SBIXQ,AETJFXXUOXIZDBIMIPODYJPTTB5A,AH6ZJI3PGOEZ6VHZ6GDE7XLD5KTQ,AH4ODBOTYE45XNPWGDCJX2BJ4ZVA","dgp raju,Amazon Customer,Dipu,Annamalai,prakash srivastava,Ranjeet Pandey,Bk,Narendra Verma",dgp.raju.amazon.customer.dipu.annamalai.761@example.com,5554322492,2024-08-25
"AFVYGOA4AWO77UIPMUNH6YSKSB5A,AEJMVHQ4LOSVJQ5BOXQREVQBC5RQ,AGZFPOD265HIFGO55KLY54L2IWQA,AFKT7G2UM46AJTJZXWBFXXH36B7Q,AGS6NNHGXGDDXIK4A2KFIXOO3A4Q,AENVIDMF6GS74EEWE2EBBUD3EURA,AHGBW4HBRJEUNLSHM376MUW2QCIQ,AGNGCIEWFRNNNYEDUUFQRBBWAVFA","Amazon P.,Snt,Rajesh,Soniya singh,Md Ramiz Raja,Amit Rawat,Ganesh,TOBIN KERALA",amazon.p.snt.rajesh.soniya.singh.md.rami762@example.com,5559734787,2023-08-10
"AGQPAKYDQNK56M5SRVNDN4XOEDKQ,AGA3QPDGKGEZFTLXEDT75FTCIVJQ,AEHY4R257RX5JX5BBSG5AHMO6GSA,AGE2X752RF7ALEWIUKXEJLXE65AQ,AGIGNDQO5K5X7LAIW7FW6U4Z2ENA,AERK5QQB3RYTBTTOGUJ5ZR7BD55Q,AEUMBCFNMBKPZ24SALMXIQDSHJGQ,AHHNW3TC4PO5FFOT44YTXIBYQWGQ","Vikash Kumar,PD,ASHISH CHAUHAN,Kush,Tahseer,Imran Khan,Nikhil Anand,MD Altaf Hussain",vikash.kumar.pd.ashish.chauhan.kush.tahs763@example.com,5551968564,2023-05-14
"AGTBYZOGBXCBMYG2AN7LT4WYRZRQ,AFDWZMVLTXWWCX2UZVGVO5JLXCYA,AFXVKJMZW54XSXP6CQHUWEDPUDEA,AG4W4DLB7L3TFL5MDB7P465HOLDA,AGVEAOLFUM3KCYMH2CDHGD2NKGVA,AENJD2WI3N6QPTI4MTSQ5JABLCHQ,AFDV7XXJCNSWA3R466A2OB6WX66Q,AE4WFHYQM5DHVK4TJMYABWXRPMHA","Jagroop Singh,abhilash g.,gagan deep singh,Akshay Tibrewal,Priyanshu deval,Amazon Customer,Satinder kumar Gautam,anuj saxena",jagroop.singh.abhilash.g.gagan.deep.sing764@example.com,5555026769,2024-01-11
"AE6PYJAIQ4PNYJNVMWW6NOCP2SPA,AGQBKNH24HGPL3INPZWJQ4GFRDJA,AHWV6EKDNZ7ZGNEPMUJNXT7JHSRA,AFR4RHGUIRKKR7YFRFXHRHPBAEDQ,AETZFDQIFECA7GMZHIA2CHVPLIJQ,AHIP2HW7P357NTKOSI5YIEQVN27Q,AF2QTRAXJNM6RNHLGYYPDJ32KOOQ,AHDQ55QTDUSZWLSZABNYVS34WPFQ","Sandeep,Rajiv,Adarsh Patel,Devansh Hooda,Vikram Babar,Varalaxmi,Shadab khan,Suresh Prasad",sandeep.rajiv.adarsh.patel.devansh.hooda765@example.com,5556927320,2023-04-29
"AHMFATKIPX3KHDWWE63O3F5UM3DA,AFKMOTBVCZEGAYHCXPFHV4PFTD3A,AGGH7NCERRPXKHPP6E4WC7RFWO4A,AGEWO7FPEHZGQ5BE5EA74C32GCPQ,AF7LH47LBG5ORFG2V4LDGVM7IJQQ,AH7OVX5ZLGYOQAEYLGW6GTEW7DVA,AGZPS6UBMMPBTMNAETWPQEHSXKYA,AEX7B6KZABJXFXZJRIAGCYLDKM7Q","iVan,Priyanka Das,DC,Shivnandan Gautam,Riya Sagar,Ritika,Prabha S.,G MAHABOOB BHASHA",ivan.priyanka.das.dc.shivnandan.gautam.r766@example.com,5555450645,2023-10-04
"AEWW4RY2BE6FRKM6CVAJ2Z4ZTR7Q,AHJRPRAXBOIRLYMCRQ4HCACPXDVQ,AFCCVMGUWTBRWJCYRW6PAMN5AXLQ,AEL3F2M663FPAM5NGOPIHDLQLQGA,AGTBHLMFZBZYGUWZPZRHRJVZKZ3A,AHK7J2EVK33WETV524DZPUYL24YQ,AFT2MH26JCXVVBN73QZEFU3ZCQ4A,AEPUWVGQ64XTHKV2C3CFSR5Y34SA","Chittibabu M,Sagarjit,Samiran Mondal,ᴀᴅᴡᴀɪᴛʜ,Ramjan khan,Vijay k.,Ramakrishna Dey,shivani johari",chittibabu.m.sagarjit.samiran.mondal.ram767@example.com,5557423113,2023-12-27
"AGEWFIJDNQ73TIDHQIEMY6PTF7SQ,AGWAYDRCPJOSWY4HN36O4426WURQ,AG3JTK7QUAB6PSV7ECWRFCZCWNYQ,AETCTQA5AB7VTMMOTMZW2HNO264Q,AGBSGY5FA7YYUAR7KJTBGDEZ6TXA,AFIUVXNEPQTVOPLMJ5462QTEWXRQ,AHMTTSRZB6U63UH4TW6J63UXIYEQ,AEFHQZEKUBGETK53T6ASRZZROQRQ","Om Shankar,Praburaj,keertika Banshiwal,venkatesh,Masluddin,Shubham Chauhan,S.Safura,Amazon Customer",om.shankar.praburaj.keertika.banshiwal.v768@example.com,5556675241,2023-09-23
"AF7XWA4GXXWKOYLWWKGKZIP5O7DQ,AHDS5LB3MMUPNWTCDQEXTSXOPSOQ,AGNIQYBJFY2NWMGIXJQQRKWAENEQ,AGJVSVELOXYVHW65UU77WNDG45XQ,AFHVZ4KFVKXPO55UNZLOJEQIUQYQ,AFV4TP7EA6GRZX4WZUQTAFBWIR2Q,AE7IAOHK4VD5SU2NV3WDE5Y5TVHA,AEUJMQ7IHJCECNPJLEOKEI4JLDPA","Amazon Customer,Lucky,Pranav M.,Kavin Kellan Kelveen,Yash Tanwani,Amazon Customer,Sunita,SOFTIZON",amazon.customer.lucky.pranav.m.kavin.kel769@example.com,5556271996,2024-05-19
"AHVZAVZYUTJOGQMHGNQVLQSOJNOQ,AF6ZNHSI6WAZLVT262M2JAHJGLNA,AFPDQ7U6JPPT2K2VW6KANBWLNFAA,AEJKIHINZUORIJHJTKKC4LLSLI3A,AFG4PDUEAAG3L4OYGKZOSPZYY3OA,AFMGKNFQZYEZLDII52VE3BSLNNYA,AFCYURWTX5HHOTUJUFX3TTTWICTQ,AGS7F3T2TCPZLLH6EIC7FAFKKCPQ","S Y,Budhi Tangu,Lukram slim,Naveen Vashisht,Amazon Customer,Amazon Customer,Deepak,Blush Bunny Organics",s.y.budhi.tangu.lukram.slim.naveen.vashi770@example.com,5554860316,2023-12-20
"AE42ODBABKBHKRL2PW5XSBEB2IWQ,AFZVZZKBT4ICJLQIMTJ2ZK44UMIQ,AHZDTJJ7PM3GN33LCJB2YWN4QCZA,AEZ25F4GGF4YOFE6XLJ2SN6TNRGQ,AECUHYUPESWI2DB5JMEZQF77VWOA,AEJJNCWMRDOBBFSPLRZQ6BPGI3OA,AFK3PX2HPROWVOD27NFYCUDWKRGQ,AG67OUXW2WVTJESMZA7F2RPZXWGQ","neeraj vashisht,Krunal Golwala,Sangeeta Yadav,Amazon Customer,koustav,ompal singh,Sunil,A truly Amazonian",neeraj.vashisht.krunal.golwala.sangeeta.771@example.com,5551243559,2024-11-02
"AFQCUNSSU6YNN2GEJ2262U55BWYQ,AHBHL7H673C44RP62CLQ7UQASFPA,AEZPAJHK366QB5JCBQNS26MJHZKQ,AHS5BOPH3WRQV2BD4IWZRGDYQVVQ,AE3XNUB7K2MKUGB4H4KY2JY7WVQQ,AHQY4GZWNNMFCUAMF636EUJ6VJCQ,AER5B5J5MQT3PMDDBKQQ5AMBCELQ,AHTQKXAE7KNE4O3RPOSYYJMMGOLQ","Pranesh, Chennai,Pushp Raj,Prakash,hemant,Sunil Mahato,shweta s. sawant,SAPNA,Amazon Customer",pranesh.chennai.pushp.raj.prakash.hemant772@example.com,5559125247,2024-06-09
"AFDP6MHD6SSBGTNIH6VX4FQDKNUQ,AGOYO7V7CGV5RA6ZABQLCA25AA6Q,AH7E646VV2CGNVST6ONFXBGJW3UQ,AEGUITV4JAB3VYFYBCTJPGIHXAHQ,AEGN7HVNZ43GTPKGZMHH2CUDQ6GQ,AEU4KWBPB2M6CZASQ7PZ5GFSYSZQ,AFEX2Y2RWUU2SSU4VYFKNX77YU7A,AEJQYFK5UHOS5NSQUPYPSTE7DRQA","manoj tanwar,Ravi M.,CHAPPA RAVIKUMAR,Shameem Z.,varsha nale,ਚੰਦਨਦੀਪ ਸਿੰਘ ਬਾਲੀ,Sherry,Saket",manoj.tanwar.ravi.m.chappa.ravikumar.sha773@example.com,5557905591,2023-04-30
"AF4RZTGOIDIWKKEFQWE3PIURRV2Q,AG4ATWAPS6UTAKDEZLP43YRIHKVQ,AG7WPF7DVFD23RMJ7UATEGMI6ASQ,AGQDAPNRFPKXPBX7IO6D5PZ5U6WA,AHHIYGP3CYZMZCQ75JLV6FKKXFYQ,AEONAJKQPOJFD47DLBXAD656UMPQ,AFVVQAUFB2HFUQO6U752FCLT53RQ,AFJXMQS4GNTUM3XD54H5AH62S7XQ","Arijit,RED DEVIL,Nirab,Ritesh Srivastava,Amazon Customer,MUTHUKANNAN R,Y VSREDDY,Shashank Verma",arijit.red.devil.nirab.ritesh.srivastava774@example.com,5552495209,2024-12-06
"AFHU7KCA3ZL6XOL3PYSGYJM4LAZA,AESFKEVRHPM6BNLUQT46FFXXXHUA,AH4CB6DJWIC6OY3KIOSDCPJLII4Q,AHGGKBW74PHXCYDZCZL3DQ5ZXYQQ,AEEWA3EFIRGINHXPIZFLU74HKVXQ,AGOJAM5G7KHARFVDHTRDFHZGR2IA,AEXVKGPHYLNTVNLQTB56KSFVNQ5Q,AHNI4MEMANGCZNN7HIVCE73ZLBTQ","shardendu dwivedi,JAYDEB BANERJEE,santosh,Prachi shukla,9625766449,RKPal,Sri,kapil Singh",shardendu.dwivedi.jaydeb.banerjee.santos775@example.com,5559477576,2023-01-10
"AHWC6QG7WU35GLKYM6XTOTHAXCIQ,AHUMG2C3F47APL74MJHMZGU3GHPQ,AF76BLD2T2D257G2MT7QQIC6TPEA,AGMFUQGKKH2I3HTOGMMFWPKY4UIA,AGHVNRHBJBY3T6MVECCGKYF2E7LQ,AEIC54X2ISV3NK4SBJUMSTJWRMLQ,AGKP6HWXW4AV5DK5A4GJ7EJ4TFUA,AHVOBL5JCW6AGGH3Z34W5I3ZLOZQ","Suri Babu,Sumedha Thakur,Arunava g.,Pratik,Shubham Padwal,Rakesh kumar,Prudhvi Raju,Apurba Pandey",suri.babu.sumedha.thakur.arunava.g.prati776@example.com,5556752646,2023-01-04
"AE23RS3W7GZO7LHYKJU6KSKVM4MQ,AEQUNEY6GQOTEGUMS6KRUEYNXJSQ,AGYPIE5BICV44WEEEPJVEFQOCJSQ,AFR7CEQKWZE53IHHOWBIPAMYKL4Q,AGBV7FBP4SEITF6UKRFKTV7O32IA,AHQVOY54QKPIQZIJ57JKCGQPVV3Q,AEMCVRRD3XQRGFHC2VFCXHJEMESQ,AFBWXU7DUWCIK5MRDCLBXWTWN7ZQ","Mithila Saha,Satyam Raj,Kaneez noori,Pankaj,Ananya saroj,Kishori jha,Anuj,KUSHAL VANWANI",mithila.saha.satyam.raj.kaneez.noori.pan777@example.com,5553813962,2023-01-25
"AHM4ZOXDCO5UNP4WQUXKP4NWX64A,AGHJ3BRARYIXJRGPKDIOLJYK4U2A,AFPA2366UQ6OXRQN6CDE6GBLHHIA,AG7C4WOSISFMNRWDAGVEOHVNUYSQ,AEN7C6UI4MTHHJN4TQDCCHDDJC3Q,AG57LS7SGNITPOERH5OV4VQHSVJA,AEQX24T5VMQGIZE6EZ3F5LKQP6EQ,AFP3BW7UQEWCU2KNQEJDKWTCDXRA","Kiran jot,Salman Ahmad,Neelam Rawat,Nawaz Akhtar,Jitu,Saikat Bose,Toshit D.,satisfied customer",kiran.jot.salman.ahmad.neelam.rawat.nawa778@example.com,5556462334,2023-11-25
"AHFAYARHKASPMG7VH6BITH7O52SQ,AE7XJTRAUD7W4BJAEVEKHQ5GDJIA,AG6SHJNJ2HSGSXQLN3COPFEMZ7UA,AHFLEWWPES5LH4ZHJGDJ7OJR2Z7A,AGQRMUQ4NGNWNHTYIPKAKIDKCFMQ,AFCRKUO577ZOIVRSZNAU4PXSM2ZA,AGSDGCCAX3E4CZSREKNHJSIKKYWA,AHTHQNIPIGKQNVMT2PV4MGD5OZJQ","divya,priyanka sahi,vivek sharma,Syed Z,Shivi,Ramesh REPAKA,Varun,saurabh",divya.priyanka.sahi.vivek.sharma.syed.z.779@example.com,5557081662,2023-08-25
"AHNVMNUO3GZIOGQKKAGSPTXY5VEQ,AFKDML4DUIIFJPCMTZZMJTLQR5VQ,AFWWEYDN3ERGL6UJNV7GF6PB66JA,AFNBPDYECMALHAA3NL6L3JUUAWBQ,AFQ7CJTBPHCZUKFO6G7Y33VCXLKA,AGLQVPXIXE7WNSV7S5QV5UCNQUZQ,AGYVZCXMAA6OB3UGJXCUBQCQCYRQ,AECLL66KOCXSQJ2GAS5FF2DEIXQA","Amazon Customer,Mannat s.,Tanveer,Amit arora,girish saini,lokesh vijrai,Vipin,sadiya swaleh",amazon.customer.mannat.s.tanveer.amit.ar780@example.com,5553728516,2024-09-21
"AFIIPGUQPWYMXSWDC6UMMV2GNLFA,AGJZTKPLF46HDRMNKDGJWKPX4UYA,AER7I64JAJJI72G6VZ6H4O6Y22UQ,AHFSBUDBRXKMCYZPP6BEZKRNOQTQ,AGF3A3NHVCJAOUUJY4W3GLAGGVRA,AFR5UNEGJS5HATA2W22UHEXKKY4A,AEMPRFMWCAOCHQJTMMRQDNTOK4NQ,AFLN27ZNTKWROZVTQW6EZEQSEQ5A","RAMEN MONDAL,Goutam,Suraj Gupta,Sony S.,Rajapandi Mani,Divya Dhanwani,Sangeetha,VEDANT SHAH",ramen.mondal.goutam.suraj.gupta.sony.s.r781@example.com,5553218736,2023-11-05
"AFBFA6KBCRGWVDW4KGK4IGLOZOMQ,AGWE57ZFO2W7KE4W6DUUKGFDFS2A,AHDEJNJ2AC2S56IT72GATCSDCD5A,AG22NVWB5NWRKIG3YU3FV547ATKQ,AFX5MLF4YHBERVPZOKYPHY3KYYYA,AFVAWKSZHBYC7JWPLEDGHUTTOPBQ,AEBDNHLXROGGOSFVHA76BYKSNO4A,AEEGGTGGYA4JE55NEKYL4DOOZANA","Vikash ranjan,SHIV MANGAL,Amazon Customer,Ajay Chauhan,Ajay Srivastava,Ravi Patel,Abhinav Sharma,Rupesh goel",vikash.ranjan.shiv.mangal.amazon.custome782@example.com,5558756779,2024-11-21
"AHXSYSLVVATNHR4SWPLA3L63YUTQ,AFFX4KVZMUXIEDXAJRMDEXK2RUYQ,AFY52SCGUVXVGOTEYS4SI2DNI6LA,AG2ARPIPDP5V6IADKVV3L65PFDWQ,AHR4VCSSS3ASHLNKCARGYORIBO2A,AESMEEYPQQLSSH32LMFSEYGPETVQ,AFFMRURM355RMYWJADFZ5ALXRHUA,AGSB7TRZSONDCRCQI6SC3NVWFQPA","Swapnil Mane,vinoth,Saravana r.,Akash Singh,Shabnamperween,SHUBHAM KUMAR,Anasuya Meghana,Monesh patidar",swapnil.mane.vinoth.saravana.r.akash.sin783@example.com,5552045160,2024-08-16
"AECUHYUPESWI2DB5JMEZQF77VWOA,AE22MK2NXQD3ZARLIOL3SLD4GU6A,AFV75LSQUFRY327UWQEBYQKLFSMA,AEUFMJPVYKUAB34FPZ53O2EE7VNQ,AHAHSX35S3ZUCKX2UAB3DPGWCYJA,AG2GXBIXLFJD652RYILCZS44PBAA,AEPZDUAEBII7N7RRWKTPKON6HB3A,AEZSW3HIRJ2OUNDQHDJEB7NMGUWQ","koustav,Vishal Tiwari,Waheeda shabnam,alwin alex,Arjun,Placeholder,ishita,SVP",koustav.vishal.tiwari.waheeda.shabnam.al784@example.com,5557228463,2023-11-01
"AFY43URPP4H2YAU54BXZXHAA4PFA,AFXPNU67DDECPJPSNRFI2E6H5LDQ,AH5YJG3CUXNP5ESN5HM4NHPAFB3Q,AG7DFEJVZNB4PW34WVGQPVLU7CKQ,AHHCC6KDIDI7OF6J6HV7OBGG2JGQ,AEATZAGPDVY63OECCENTN5XZHNNQ,AGBV77FUBU636MRHY2SQULBIMXIA,AFE4WCUSKXY43CIWV6NPOUUZD33A","Sachin Ramola,GIRIDHAR,Neha Singh,Amazon Customer,Sangeeta sinha,Shruti Didhate,Khushbu,Hardik Sharma",sachin.ramola.giridhar.neha.singh.amazon785@example.com,5553457011,2024-07-13
"AF7IXQKBUL6NEIQG4R53LMJJUGXQ,AGBITVO2DOMNZU6DB4QF2WXXELLA,AFKLAG22RFOVUU5PLNHQ5K6J44ZA,AFLBQUGX2NEY6DLJBUN7O6LGH4QQ,AFESOELYFWWZ3LND4HLBVI3PLAYA,AF7N24U3P7U7KXYPZXEKACPE2KEA,AELHJ3ZSDT52K3IHCRSBUZF4LXQA,AEOEMKEL2KZN2YOOK6FKZ7NYK3XQ","Neeraj Vishwakarma,⚡ Pushpendra Singh Patel ⚡,Sanjeev Ydv,ESHAN GARG,Arvind,niharika,Parvesh,Amazon Customer",neeraj.vishwakarma.pushpendra.singh.pate786@example.com,5556956126,2023-07-23
"AGEBUO6CQ3XQHSSH3PUT2M3VRIIA,AE3PNBPHVSOFM6ZFHRN65BJ623WA,AG33YAVAI5WBUVO6P3OSR7ZWEENA,AEASLP7ZXVRRT76WW6BZCHKEETPA,AEAMTNJ62GWPNSKKZKL2CBYJ7QPA,AFDE455VYYZCOICWG6PJN2OH5UZQ,AHQB5DKSV6PL6CIWHZOUYFYM3QAQ,AFE5TCTC2Z2RKYN3XOCDMTTUXYQA","L B,Ashwin Showi,ajith,Rounak,BISWAJIT DAS,Abhinav kumar,Karambir Singh,Soni",l.b.ashwin.showi.ajith.rounak.biswajit.d787@example.com,5556245248,2023-06-29
"AHHR537KLQY7CNKPQSL3SFUGQFYQ,AEWMRBC2Q3TOCF3OZ7VTXRKVOTTQ,AFTBMFB3LZBJXYM733IX6RA4Y32Q,AHKHDU6SJT2ATWB6NYREQFI7LMKA,AF6IWYXBJGKC5NQHDZRGTUYY52MQ,AFTGMTBHSESALH3N64ZDYSK7ZQ6A,AF2DRT4YNZ7JK3TM7IYG7T7GWCAQ,AHVZEZBMHZ3FEKFYLCZUWSDJH7PA","Nirupma Kumari,Abhijeet Singh,Mukul,palak,Amrit,Amit Chawlani,ANKIT VERMA,R M KATIYAR",nirupma.kumari.abhijeet.singh.mukul.pala788@example.com,5557935825,2023-10-10
"AHFT3PEI64SYXMAXBJMISWFPD72A,AHK7QIHRRUR4GRXTSE76EZYJ77XA,AFZIDUSFQZCTHMAIP5ESQP4D46IQ,AELZIYLUUHK72SAGGIWFRQ7NZMRA,AE3PNBPHVSOFM6ZFHRN65BJ623WA,AGG5FYE77JHQSTXRPFUK4QP56OVQ,AE2SX6NXG2KPPA4PPOG6ZXAO4XRA,AFTJHDHH4SFWDRKYNRYWWJ2SCO3A","Amresh Tiwari,Amazon Customer,Sarvagya Verma,Sourav Debnath,Ashwin Showi,Sowmya Srikanth,Shyam Kumar Diwakar,Amazon Customer",amresh.tiwari.amazon.customer.sarvagya.v789@example.com,5557070989,2023-10-14
"AFBHLRTSYYAZ2IGMVF2BNV6ZPG3A,AEVRNHFUTYUHFVYZIRFX34P3HMEQ,AGFGBKO4HNU7RBWUIQ4SEDHPVJ4Q,AHKQJGLHNS4XA3MXLSQTPUTJXGEQ,AEWL2PAPDGE7BFE4JQNQGAC2OU5Q,AEUF7JGXQJQHT6KCX2QUIH654SCA,AGUM74GIOX3I342NCGUFQLXBDFJQ,AFMQGNAKHSIPLISWAGVT76URCNBA","dharshnaselvan,Saiashwanth.M,Dr. Arshi Siddiqui,Priya,Ravi Raj,Prasun Ghosh,Greta Tigras,Vasanthi",dharshnaselvan.saiashwanth.m.dr.arshi.si790@example.com,5559163321,2023-06-08
"AF46TGPPTX6KI5LAMPWQUT2FWGAA,AEKJQ26OPCPGJGTROLSFYDTZQI5A,AG4TMVLE2E2Y6MTLHIY357BFY2MQ,AGHHIDEH53KUJLOZPDE4LR2HJQFQ,AG45O2BGKXV2KHQ7RPLX6VGRK3NA,AGGBACZMWOUQYTGTBUCNPPRSLR3Q,AFIQSIL7ISWOODN5KHNEOMLRTICQ,AGKTUWZXN4S5YSUFCOS2HZWGEVRQ","manmeet gupta,Ishrat Bhat,A kotwal,Mohammad Anas Qadri,Ashish Jain,Amit,Akram Khan,Amazon Customer",manmeet.gupta.ishrat.bhat.a.kotwal.moham791@example.com,5557959139,2024-06-20
"AE7ZYKK6AN7B2Y7ACR7JHJW236LA,AESOWISQWBKYJDU52KCZ7YS6SVBQ,AG7DKLB2T3PNRAY6LDLIW6VJMJMQ,AGTPGCOUIYSGBEI4FNB5DBNZ3YSQ,AEV7FG26UKIYP5BGJCKTAAW2P7IA,AGMNUA3JQNKB6LFY5U6IVEOUL24A,AHORRTX6YEOE4EHOZ7SMYMIVM2LA,AGW3S7WWJPRUQR3E5NM4WDXE2QNA","Vipin Arora,TKR Singapore,Amazon Customer,SATISH RANJAN,Sanjay Kumar Moharana.,vivek,Firdouse,KULWINDER KUMAR",vipin.arora.tkr.singapore.amazon.custome792@example.com,5559822641,2023-11-22
"AF23KL3IJO4DTXNR7B6VYLGMPPOA,AEM63IRT3VZEHLKD6EJGEHLR26DQ,AF3YLRSNTFBT3D5CVTFYEMZXEOVQ,AEZ2UVTU6QGVMCNZVF23LFFHQGEQ,AESGDAOGZ3PXGVZBESS6OBCAT4UQ,AE2LUQX7TDOHRQ6KSHCG46LFH2SQ,AE5HN6WL7NRP4AQWHEA2OGRZNAIQ,AFKSXB5D4V7OTDHTLNFF5COQ4C5A","Rajesh kumar,Shuchi,Vishal P.,Deepa,Kindle Customer,Bharat Chugh,A.P.Gohil,Kapil",rajesh.kumar.shuchi.vishal.p.deepa.kindl793@example.com,5559029618,2024-10-01
"AFVKRRAFQOO6G7UIAK6H44N3AHUQ,AEDG2D2EUJBTRXOTXTERTO45O3YQ,AGQMHEOMID4JPWI362AEVAFIAM3A,AFRUVFPVIIIWUPPXM7EQEXD6I5BQ,AETNTQXA5XZFHEBM6KKNB3I4SH3A,AH4KRGUX424RRJAJL2N7BQKGC3XA,AG73LD2KHD5QVU277LLIT3VMT7ZA,AHSIPI7MVS5ICRZJW6FJEDI2TBKQ","Icu,Pavish,Krrish kumar,Vit Bernatik,Sanjay 6266,surykant gonarkar,Monu,VikramJit Singh Khaira",icu.pavish.krrish.kumar.vit.bernatik.san794@example.com,5551662758,2023-01-31
"AGI226GQCKRT4Z3EB3IW3VTJRT6A,AET5HQF3I4LQLCIILH3ZVBKLSBGQ,AFWFT42A53TOEEBRRN6C5HLLBTSQ,AHBF7XZLKLGYAH7Y44ELCRD3NTSA,AGRZFB35TUXB4ZWLVYPPBUN5YNUQ,AH7TTTBSXRAFZR4KAGYIFV3J7ZIA,AED5BT2OISJYFBV7A2B33PXRM27A,AHIZGOKS3XBB5L524ZR3OZBCVWVQ","Arun siddharth jr,Rajeshwar r.,DR.RAMANJEET SINGH,Vikram Singh Rajput,Birendra Kr. Saha,Rahul,As,Ajay suyal",arun.siddharth.jr.rajeshwar.r.dr.ramanje795@example.com,5558430127,2024-02-21
"AGKKNM6BD3A6GKIOIIX4JJBDLDYQ,AFD4QMZGWAYTZ3UNBOFRY6VZ2RTQ,AEWCCNZCVTSPJOV3Y5WKHQNKOMFA,AFIWLA4V26PMEUGOVI5YCG3P2CQA,AEF43YVI4VWAPHIJ6PVL72WYMLZA,AFTIKI6VVBGFNSNZNF42LO54PYDQ,AHOQDOFZZ7JZLFNM72XUCART76XQ,AEUKN7UQLOQ63SSRFPMYFGH2T5UA","videv,Vishal Rai,Dawood,arfaat,Mohit Sharma,Noman,Khadija khatun,MAYUKH BANERJEE",videv.vishal.rai.dawood.arfaat.mohit.sha796@example.com,5559709624,2023-08-31
"AHQKNH5JPOQWCNN2ZCUK34VEJAKQ,AEFYKJA3MREFE47PSGVWXKAZNX5A,AHDMM2TUZE7W7XK5BLDOMBCAKCGQ,AEND2YIQWXODS5XLFTNBWNCFHJHQ,AEFDI2YRIMBNCPVHEGTCZ3EEJJBQ,AFMLMNJBBQY6VM55KS2KJR2XVLSA,AFQRLX3MNPS6RGV4NY5BEXMGZNKA,AFQQYXNVJ7GGOQT4GZBROESNKX4A","ANIL. KUMAR,Rohit Y.,Amazon Customer,Chandra Sekhar polineni,Arvind kumar,X men,abhi,Dharampal Singh jadon",anil.kumar.rohit.y.amazon.customer.chand797@example.com,5556847769,2023-05-18
"AHFKBN3ZZECQJAP2WEVEDSPH67CQ,AGKAHQZZVWL46MMG723MEZ2B5JXQ,AG77YVKGFFYDUVVPDE2TNAYYMKOA,AFEVFMYDEJHU4LZC5NIFNHXIBTHA,AFZFVBUJXA6PBKJ2FDOYPBEACFKA,AFSZBGFWEAXEDMC4FY3MQB43MSBQ,AGO5KIAIKOB2PPLPFLDLLDMGBQAA,AGY7KGVDNN7DDK5MP4CKRINLVGIA","Lakshminarayana G,bhanu,shah,Pavan kumar G,Sai Gangadhar Chawan,Venu,Laxman Ray,Ankit Yadav",lakshminarayana.g.bhanu.shah.pavan.kumar798@example.com,5557514497,2024-11-22
"AF2FWVZPG6WMO4ERTECABX7BLUGQ,AFHFTUD3BM25DHFHSE7N642W5LEQ,AF7JB6HX2S3TCZRZSRJFOWRCW7CQ,AFDVOFPLM2S3QKJ4FVMZRSCKOT5A,AGDKPXTUSV3HTZTBDED64VHC5J5A,AEA6LQAAQNTPHS6NGAL6DDVFJZ3A,AFX3KZYHLGEF5Y2EAEGRMVVPBHTA,AHXGBF2ZTVWC64GMFRCTEINBQZIA","Sivakrishna,Anish kanneboina,Amazon Customer,shravan kumar singh,U K,Chandresh kumar,Mulli balaraju,Swapnali",sivakrishna.anish.kanneboina.amazon.cust799@example.com,5554700092,2023-08-15
"AEB475WQGOIS7R5P667OS3Y4YYSQ,AH7D2QWLLWMHIP2H3OQZ63D4RMEQ,AHKZLDWBBDU4KGY6XTFJVWSZDZVQ","Avi kaur,Bhatia,ayonao",avi.kaur.bhatia.ayonao800@example.com,5553674913,2024-04-16
"AGPSLGGTW5EHCUCCFEPSMH76H3NQ,AFJ2YACJOQIL4CKZZEDPSP3PZHOQ,AGKHBAELL7AOON2QVRG6EQ6YV6RQ,AFOQ5WEUSSLHKGE5MTWWJTN3AXOA,AERBX2ZBWXBE4HAVQ2Z33QANOOAQ,AHWU7AHDKBJQGVBN77UECJRMP2ZQ,AHRLM722B3LWWPMVM7FEFAZN5JZA,AHD5JQAEIHIAAAFUCBHJQ4VXH2GQ","Shaji Kuruvilla,Navin Yadav,Nieraj Kumar,Amazon customer,DIVYA,suraj kumar lohiya,Gomathi,Leo",shaji.kuruvilla.navin.yadav.nieraj.kumar801@example.com,5559583567,2023-01-07
"AHRVVXFPTDB3B4XEYTEX3C4ZF2PA,AEU7MCZY4XW4EDOXAYKPNDPTWKMA,AHF32Q6YAAQ7QNHEROCDCCWFUOPQ,AGPRDVIBLQ763CQ2BOC4WHZQ4KHA,AE3AMYF4V4BHW3J5ODDAU6WECIRA,AGKNIH5C6WURF7GXXLBVS4HCEWHA,AFSPKHQPAW6WL74AXVQ7SGVQD3UQ,AHARN7LNP2PZHIXOX4FOADQWQCBA","Liz M,Dr. MRV,Amit Kumar,Kalpna Kumari,bhujvir,Naveenchandra Dawarkaprasad Agrawal,Shyam Tiwari,Vivek Kumar",liz.m.dr.mrv.amit.kumar.kalpna.kumari.bh802@example.com,5557228167,2023-09-25
"AFQJZK36S3SRAAAD3376U4KTPU6Q,AF5WVB3K3SQOW74FF45MMSZ7IT4A,AECTQFMI5LITXPVVXAMCEN7T4OMA,AHGYKNL6LSZEE7TP7CPLHDZXBNFQ,AHZQRNFYLWZV3PCNKMUXLLAL6Y5Q,AEU5D4GBLUFHIEJXMJEX4L6TP5FA,AHF7NDPWJ435H5NW5V6B4CLR7NFQ,AHKWS73ZN752YNYJI3RUUS2MHCSA","Hariom,Kali,Ajay Patil,Reddy Pradeep Kassetty,Nupur Mallick,jeevanraju,Shamanul akhtar,Faizal",hariom.kali.ajay.patil.reddy.pradeep.kas803@example.com,5556796488,2024-01-27
"AGWW6QNDSOJD7QJMPIUX6ARHJNYQ,AGBTCEQQM6J6NFR5SH5RLAFUGFTQ,AGEBDGHKAWRQ3G2K5AKRTQTCKQSA,AH6ZP7UHCY3RFNPXJFR3EKEVNR3Q,AGJ7O6CXXXUN72WOV5JID7X7ZBMQ,AF3X5JX4FUQRCMHTMKZUDHWJ7B4A,AFNYWWOJRBL24SML73HBJVSRXMEQ,AFK6FJPTHV56DSXXPAMBI4F7YUCQ","Usha,CHHATRPAL,Anurag Anand,Sijo Pattam,Gurujeetsingh Pardeshi,Keerthy,ANUPAM DATTA,Binay bharti",usha.chhatrpal.anurag.anand.sijo.pattam.804@example.com,5554889450,2023-06-20
"AETWBQWWSOPB4VOZOE6DGW5XCJWA,AFDW64EF2N4FNSHZW32LOUJXBTMQ,AEUDVR5JPNG73EPOGFLXQVUHDVAA,AFLK4LJALINEZNWRQDQX3NZPKKFA,AF6COZRJZXGM4WLJMA2ESMYPHOQA,AHM3XHTCR53YQNLERSXFPVJNMC7Q,AGQK3ZY7A4QZOCBKS7VLUEYNRZLQ,AHMU2CWOELBGT7EFCMWFQE5444YA","BISHAL,khizer,Sowmya N Dharmalingam,DEBASIS MISHRA,nanm,kumar dewangan,R.sreenu,Mehatab Roza",bishal.khizer.sowmya.n.dharmalingam.deba805@example.com,5559678538,2024-10-03
"AFEKMA42BV5FJVCTFCTNOITU3J5Q,AGYM2FPHHKUVNPT2XIIYYCELGB7A,AEHGMGXA44JTSSOAKBIHJ2MXUJOA,AEQZUVSKU4NRHO4CPHAV32E2RBNQ,AHJ6KV7SLE2A5BW3MIEVW4BR7MXQ,AFFCDFQM4F2QGZUHKZYVVVTRQWAQ,AENA5ZRRFZPAB2FNS4TITBW5O6ZA,AEHNATRKVLZZ3X2QKTLTSJN5SOXQ","Ishan,Andrew Watson,Harvinder Singh.,Mohammad Shakir,Sarita Yadav,Adarsh Paswan,Anisha Jain,Himanshu",ishan.andrew.watson.harvinder.singh.moha806@example.com,5557736317,2023-05-26
"AET6ITYPXTZDZO5QV36VRCTRCTVQ,AHIQYP5QKXYWXGJC5Z6YGIZVQTKA,AGKQOLRC23XPWPMGZZI4PT44WAIA,AGRTR5T37N7NSBIH253DULSBE3VA,AG7WUOUVMGXDRZPOUVXHK4MLB6LQ,AGVUDFWDMNQD6KRLLMCRY5TPG27A,AG4KV3ADPE2DJLL72U64WNSGHVUQ,AF3QTFMFYOCXB5AQRGCPFGYLOXEA","Phani Prasad N,M.Sathish kumar,Naresh kumar,Amaan,Suraj bala,Hariom Agarwal,Gurdev singh,Laxmi",phani.prasad.n.m.sathish.kumar.naresh.ku807@example.com,5555950689,2024-10-18
"AHUG6D2J2WHZ6AU62RNYKNEOZECQ,AHZGY66J5FAIJFO6MDNGIIOF5YGA,AEDJTEMKFFN3UT7NI6Y2E4UKCJWQ,AE73MTFALRYHY4XMK66FIAZBOMGQ,AGMIJDZBYEDBG3KSC4CROY6AU4NA,AGXUEOA6W6AVCPVYOUKJ7BDKV5BQ,AFBZOJLKGDQJHZVHU4NLJBD33PSA,AHAXRJE6A47L2U7ES3NCCMRWUZKQ","Ram Avtar,Ishani Roy,Sunil,nikhil joshi,Shamsher shaikh,Azraa,azad,Amazon Customer",ram.avtar.ishani.roy.sunil.nikhil.joshi.808@example.com,5556539414,2023-02-09
"AHS2AIH74SEVYE3K6Y44ZV7EASTQ,AEPRLZ5V7YTPDBKOWW4P33N6V7DQ,AGDJOZACINESSIVU4TICK2Y4BV4A,AG2OT56YJBO6ZE5TZMWJ6GRXZ2QQ,AHP6NED3QSRRORVGG4CIP5OWRJBQ,AEPGR5GLFQRW7GDYB26SWHN65ILA,AHZAHAH55JLBTMSUY3Z6R2ASMCDQ,AHCGXTWL243VQI4B7YZ4E7VO6M3A","SANDEEP BANNAJJI,Preeti Bansal,SureshKumar Pudi,Amazon Customer,Nikhil Mistry,Rawish Kumar,Amazon Customer,jibin",sandeep.bannajji.preeti.bansal.sureshkum809@example.com,5551285566,2024-09-16
"AH7ZFZAWQV5VTWQHLXZYDGFDNJGQ,AHFM667GXYFTR3AUJA3PYCTQNTRQ,AHMVXMVFXD52BW23VR6LGK6ZVYLQ,AFY4TSX2F5VE4VZOVGHWODY6YMXQ,AGE4VV5XHVOEH4P5GC4F6QP5WRQQ,AE65JZULZYSAXTA2EGDZEM6PBYPA,AHNDS2S3ENCHSKCCU22SVWH5UZKA,AG5BPTCQ4ZU6JWWKH2KBGNLSLKCA","Rajiv Ranjan Singh,Eswar Babu,Gaurav Choudhary,Vinay kumar,Placeholder,imti,Satyanarain,Sanjay",rajiv.ranjan.singh.eswar.babu.gaurav.cho810@example.com,5552013468,2024-01-14
"AF6LIODHEVBNHSICH65AHW3Q5K6Q,AHHZ7QIHLGGULJCNSO6UZWGGA62Q,AHSCIEU3X72XOBAMBBZTYIEWEFSQ,AHOMYGLSLJLCOT7Z24PZSVJY3LJQ,AGAW2EDB3HCVCKBR6DVI33KGYI3Q,AGZPN7K6DUABDZNR6UPOWFJ2ISYQ,AHTKACMLCVKP56U5L6GITRGPXIIQ,AF5IOS4YT454ICNOPYIIRH4HAHMA","Abhilash Sengupta,Shweta Sharma,Jennifer John,Saigal84,shabnam,Priyabrata Praharaj,kamalhallan,Gulab Sanjeev Kumar",abhilash.sengupta.shweta.sharma.jennifer811@example.com,5557810130,2023-03-22
"AGHGGSIQM4RM22XLL7RSBII7HZIA,AHAYFRVMROHBYUMKXLYDCXNAJMRQ,AEMICKNJILKDILX34NH2M3J46IAQ,AGKZ3KXXYD3OEYXWWSVFJRGLFCEQ,AHCJ77IDXMNIETFDYNI3WZLPUMXQ,AGYA2I3AYUSIYU7GXXETOJPVD4PQ,AHGLGITLEVUVGIAD5XHM6GBKJTBQ,AGCFMKKXPUUHYMVVG5B6YDBV45TQ","Aravind,Akshay,Bhola,Shaik Ashif,yudhishtar sharma,Chintan Shah,Chandu,Harjinder Kumar",aravind.akshay.bhola.shaik.ashif.yudhish812@example.com,5553910741,2023-06-06
"AH2MRKVSHAWAMAXALBY6VSDCFMSA,AFF7763EFPZ7EQUC3YCFQBN6X74A,AFZHYSJFYNPWZKOWVJNTDMHHMZSA,AFSLL3D6IF2ZF2ULTI3AXEJ5RKBQ,AEO5USQ7LAEFEDAVXGMA4B27F5YQ,AH5IM4HOV6RIWNRDUNGIHY3JLV2A,AHH2OWXJPPMWL5Z7X6WUFN7RDTMA,AGYBSVPUK7GIFYY6JLCESDYEM4FA","ll,Vishal,Sheeba jayaraj,Anil,Amazon Customer,Ajeet,Sachin P S,Aarshay",ll.vishal.sheeba.jayaraj.anil.amazon.cus813@example.com,5551909217,2024-04-09
"AGNRGEU74CPJRWEMJZHU67GWHETQ,AEPDYIUTV6ZZGRHTBTUA5SDV72PQ,AFYFUEC7XN6L5GP6AGS57WS3GTQA,AGR5UFKJIRRJ65QH7LAQ3OVUM56A,AEGFVXFBHCAZ4DHUJ2KSAP2RMMYQ,AHU4XIM4RTCDG4VBDMBY5G4CHA6A,AFHL3O7WGXMUCMEX3NRC7SLK2TIA,AHTUPS7WO6UOK73VTZHV6LBBAF7Q","Ocean,JD,SHIVAM SINGH,Kunal b.,Amazon Customer,Vivek Raj,Ishan s.,Tanoj",ocean.jd.shivam.singh.kunal.b.amazon.cus814@example.com,5559910668,2024-08-09
"AGXV3SLRVNDIMF34OAZ3FYMCV7DQ,AHCJWI5KSDFQ6AGUKQDLZD7N2KGA,AHIY6OJMTRL7DOBFBAIJSJ5NQU7Q,AELCD2X4OYQWZDW24WP73RIX3CMQ,AGC7TKRMPSSFNK3OYGLFFOIHTTMQ,AEVXGIZBVYUMJBALJWOCBUI525MQ,AGMMRB4KCBUH7UG6WDXTJH4TTVBA,AFAUAE5SWPAMT4HP5SG7TPGXPJNQ","hufriya kavarana,Manjula,Jood G.M. Jerry,Dhrunesh P.,sahil verma,Minni Shikha,Rohit Kumar Rawat,Anushree Tapadar",hufriya.kavarana.manjula.jood.g.m.jerry.815@example.com,5556645371,2023-02-08
"AHI2TJYEOS5WZ2OAP2BRD5PPXNCQ,AFMYS642XYLUBTRFG3M5W474FBPQ,AFIO2L3EQ43TI3JBLPVTOWZRSKWA,AHHXKLOSVKPZHXOWB4PLM7R6ZYIA,AFRDQYFHWWRO4YINJENRFBYPJFZA,AEZRHWLY6RHJXAXMNX3JRNQTYDRA,AFOLEZNNCN3OUSHBBIVMIVW2G4JA,AEBGGTLXDNNFGOIHCQYCGF2AOL3A","Madhuri Khanolkar,Chandan,Viveka Nand Verma,Praveen kumar,Jeetu kumar,Istkar Ali,Shubham,Shashi",madhuri.khanolkar.chandan.viveka.nand.ve816@example.com,5558431351,2024-02-29
"AHS4CWP5EVS55YZCJPTJGOYTU3HA,AGHPR6EQTULPZKUROAS4OPAIUOCA,AFKFATTS6WN5ILCVN6CMRLYR7ADA,AFZRJWGYUFNULZQLL27PLZYMTYFA,AELE7DJLGDUM3LAQRBESEJDYTKGA,AGX65SCI23EJZDXFUWB2TMZSWM5Q,AFIJ3YWPZ7XB2PZOM2VOCHGKZ6YQ,AG4P3FAK356UYE52PQV6CJD2YHMQ","Amazon Customer,Priyanka Shaw,manish agrahari,RAMKISAN,Mahammad Mostafa Madani,akash Gupta,Nikhil,surendra Kumar",amazon.customer.priyanka.shaw.manish.agr817@example.com,5551290678,2024-05-20
"AF2OOHAIFJV65X44LFLRPUNYNXJA,AEL7OJOT5HFIZJT6RTL22ZZAUGYQ,AF43XH2JF4FSNTEDGKDV45XU3YKA,AHCQQW6WJP6K3IUVKIIXHIUVHMEQ,AG4RZWPPUDNODTIYYVLFSFHEKF4A,AGETIFKS5QE6BZCQPL5IFZ55INOQ,AHJVGRPUU4HSNRCPSCNXR6H6QHSQ,AFOUP7R7AZ6BWMGBDPE7ICSN6R4A","Atharva kambale,Ashitosh,thegoofyblock,rajan,tej@,Venkat Sai,Rubina,Mahesh",atharva.kambale.ashitosh.thegoofyblock.r818@example.com,5551594229,2024-10-02
"AFWHK4LKZHJJVZKD23JDBSMYCTWA,AG4YW4O2PIYELIEF7RIWWELPR2IQ,AG7KEHOTRQWYCFBB3YOYWNEEKOWA,AG4VHCBBGV55FALKIZXY7Y66G2QA,AFIVHFGYMXUH432ZHISVITBGO36A,AE2QCA6OGX2KOV5CKDSU2S35R4LQ,AHS4K4PMVZYWPO23PM2ZLSJBQOBA,AHDZQ4ZYL7CHT6BLJE6QRKZ4ANIQ","Kulsoom Hussain,Hanamant Waddar,Raju Pandey,Akash sachan,Mohamed Jarjees Ali,Radheshyam Tripathy,Satheesh,Kunal govindbhai dhedhi",kulsoom.hussain.hanamant.waddar.raju.pan819@example.com,5552018565,2023-10-06
"AGX7Q447BYAOPUPJVHUBUYDFSEGA,AHVLQMNM6YIXWPWKQ4N4BZCH44ZQ,AHABRYJJZ7XBTKLPL3QJVDI5JYSQ,AE7FBRGFEJAIKNXKMR47DB6P7TEQ,AG223GHNBRH433Q3MXBZ4GEXJH3A,AESDIR7ZAVXUIFSH4C33SKBN2FFA,AGY53IR3MDK7TCQ5DULDJEGUB56A,AFFN7AMQW7KD2KL7BSYMSV3IIUBA","SELVA velayutham,Mohamed Khalidh,Ayush,Hemal.S,Chaitanya Kumar,Sunny,Ravi Teja,Amazon Customer",selva.velayutham.mohamed.khalidh.ayush.h820@example.com,5551684858,2024-10-26
"AFK6D62HRZSHP5W3DE5QGYUYJQEA,AHRFERCLTLB3ZDZ7HP7ZK7C47NRQ,AFBEN3XNJW575CUUZZVH57LJNXKA,AFUGJHXELHJPICD2XOZKM5LYI2PQ,AFUWAPZHIONWGZH6JSHBSMRX7B5Q,AHV5QA3S6VRKZVGXSXDQJUS4VMIQ,AEC7I37QEPNKZBAK62I4W32FSVBA,AGYE2FH2QXPNLL3DEMCGVQ3HCLDA","alok tripathi,Aakash,Pankaj,Debjyoti Singha Roy,Vineet singh,Anilkumar J,Nimeshchandra S. Patel,Meiyarasan",alok.tripathi.aakash.pankaj.debjyoti.sin821@example.com,5556150982,2024-12-29
"AHSLOMUBZXIC52OGKOTLUNTGWYTQ,AHQSHRRCDGZFLTMJRFNWVI67OEHQ,AEQKGESRWR6SUQP5ULBIYJ65HSFA,AHSMUIBMREHNFF6KSRY4CFC255AQ,AFGM4HXDHOITFTWT3H4ILBD46Y3Q,AEKRUOFGND5373O77W4ZRW5H4ROQ,AFLR42HKKN7F2O7BC7GAZJLODZEA,AGOEYCHBYOAN53ZBHUMCS5GUSVTQ","ZenGirl,Athulya,Shrinivas C.,Sinduja,Bibek Narayan Mantry,Puneet Khanna,Neeraj,,Amazon Customer",zengirl.athulya.shrinivas.c.sinduja.bibe822@example.com,5558026730,2024-08-16
"AHELT4VFJYRAZDGAQPKJRJNHBTEA,AFX2BHTN5ZAZ2DXPJQBJEV7OP4HA,AGVL5OEMHGK4CGEHMHI4VGNF3LVA,AE4OFTARTQGROJSUYBZNK5N3EZHA,AEYEJ5KQ2Z6WE3OQBH6AB5DMFPSQ,AFU5GCXUVO5GKP4XFEITEMDSD7JQ,AFWKJFBWRYWJF6IGYZF7JYNXLOIQ,AH64ILF2YFTCGYWOGMFHTSD2OLJA","Prashant,Shailesh Rege,Robert,Amazon Customer,Tauheed Ahmed,Raj,ANISH,Kumar Raunak",prashant.shailesh.rege.robert.amazon.cus823@example.com,5551791256,2024-02-13
"AEWWWALRID3B4CQQK7PMSARCRM7Q,AF2QBWT5Z74JZHE3S77CUOB27DAA,AG3KQMTPNTYVQP6G2VVMDJAVISLQ,AFL5X7LNIPQK32WX2QUOVSWPQWVQ,AGOTH5WF7GFVYSVFB74QR6DFFJGQ,AEX5CY5H35NM326XYFBKG2NKEY4Q,AGUESXLWNVQ34VUQZALEPPUM3FBA,AGUUSD7JHIPMDKKGSONBKFQ4CQ4A","Prathiba R,Aishwarya,Jeevan Raj,Madhur,Vimal thapa,Komal Mathur,Babu govindan,Amazon Customer",prathiba.r.aishwarya.jeevan.raj.madhur.v824@example.com,5556696197,2023-11-07
"AFTXFDZKRU76YNC2ZIWIBDVQUPNQ,AG5G6IU6RDTR24OHO3LSE24JCVEQ,AGLR7ABVBBQZGXQHSD3M3NW43F5A,AGUHS3IE6FV6AU5UAXASB5FFMDZA,AF67VBH4E2L4FO3UZ7DU2CEOEFHQ,AGQYXIT75Q6ETXCF6C254IQEWDJQ,AFM6Q2NEWHU6FNNQFBKTFXZ5E2JQ,AFA77KJVXMUXJYSHWGGFHAGZJ2DQ","Md amzad khan,Manisha,Rajesh Jadhav,Amazon Customer,Yash Jha,Dinesh,Rajesh Yadav,gaurav shrivastava",md.amzad.khan.manisha.rajesh.jadhav.amaz825@example.com,5559153971,2023-08-07
"AEOEF4FMKNN5QZZVUQDHHKWRHCGA,AEVLNWB3IQYMTNXJ56HJUV55R2WA,AFZYCBUV5DAFUWI2O74KE6BRJZ2A,AECB5EX3CJUHCFUXJLQNDKYAXO7Q,AEI5DECZOUI4HIKFFJMOOKI7EZCA,AHRLRRSDQKWWXF4P45NYCIFDQCYQ,AGS63O4GCQFZH37FU25M656C7BJQ,AHLVAR4UGQ4I54HUEYPEQSLT7LGA","Ananya,Pooja Raj Gor,Shrishti,Ashish Wakte,JOHNNY,Priyanka kaneri,sharmila cynthus,Zuffila",ananya.pooja.raj.gor.shrishti.ashish.wak826@example.com,5559902143,2023-04-08
"AHLQSFOZ3EHRPTEANJF2JUZUQOQQ,AE6GK7TE4UWNKQMMTNWZ5I4L3RZQ,AGQKNP62ZU4IIJVBGVQ4S2BHBEMQ,AEWL5IJ4W6YAUMCDNECFRYNWASCA,AEUCHG5CIMXJSL6RFYR2R7VY3IEA,AHI5OWQHLQO2GNR2KBIOFRAPK4LQ,AGGAKSKSFU6ZLBA6RL55HZDB3EVQ,AE6GVJU7FTFYSAV3VRKLJMZJ5PFQ","Sathish Kumar,Babu v.,Shankar kumar,Amazon Customer,Hrishichand P.,Amazon Customer,Ruma Das,Md. RIpan",sathish.kumar.babu.v.shankar.kumar.amazo827@example.com,5559600828,2023-02-13
"AGOKX4THWIRFYRMYQ5KFQHJZFBLQ,AEQEI4TU3C6Z3PCZ4JLQKAJXS6MA,AHMOAECWT7K6WYFJYZT2YIPYLZWQ,AEROF7DJPVY436TITKPPU7BCQULA,AHUWSGUB25Z3JYNSJAYZ6AHBXRKA,AFTMTTM3BZVAQSSPNSPVEQ5GT5AA,AFETPEXYGOLZ7ICGWQK5ZYSRMZDQ,AELKXM5XQB3HW5ZIF7WZEW37BS7Q","vaneesha,Priyabrata Mallick,Parag Kane,Prabaljit Sarkar,Sindhu TN,Krishnendu,JENISH B SAVALIYA,Abhishek Patil",vaneesha.priyabrata.mallick.parag.kane.p828@example.com,5551624317,2024-12-23
"AEKVPYNV2YHIUCUH64CJDRAYRHTQ,AE47VDLEQSEVOXUCQTGZUFGIT2DQ,AE4KOR7RGVVZIAJPP5V4KYR7S4AA,AFBC5LMEZK2OZBMIPZTVSTMXE5IA,AEBEUDO7ACRBO5M32NSUUSUVEIJA,AE2AQ2I2SHITDWZ4YERKOBFU4KGA,AFFV7UV3IOBTH6NMTYK3D3IY7A7Q,AGCSFTTBWTI4IXP42UHMLZMI6HZA","Robin,Manish Kumar singh,MIR AMIR,Shobana Siva,Lekha Shivashanker,Shishir mishra,Parthiban R,kiran",robin.manish.kumar.singh.mir.amir.shoban829@example.com,5551757778,2023-12-25
"AEYE6GBRAGTNWEYKWB7FR7N6TDXA,AFDEP5BAQJAZIRI4DYD3EDMU3QXQ,AHX4VILQLV2O4YDRNDB2CDINB3GQ,AEDYZS5DODYXST6PMDSAC3F5NOUQ,AFLLBLLQVZ3QSLIIGODVPUBNBBEQ,AH7CPPNFP5OSHCIZ5DOL7QFIJFGQ,AHXEZJCTKLG7GQLWYZAYJZUIO5MQ,AGVVBU3GUEICPISM53O6W5H4DZPQ","SURAJ VERMA,VRK,Anil Bisht,ajeet,Harsh Mehta,Arun G.,Abhishek Gupta,Rajesh K G",suraj.verma.vrk.anil.bisht.ajeet.harsh.m830@example.com,5555217887,2024-04-20
"AESS4FF6GYJRGBSKKQTONA6UA34A,AGAT4B2SOCYYE474JV7DDVOMOGGQ,AHTTSRDFCDWF3FJO3IYPBSSCEN4Q,AG3AXJDOVVUXIWQCAEX2EXEQI77A,AFTXFBWO4GE62ATLVMHKDCZNRA5A,AGIL573OE75S3SZJIUZHFWJBI35Q,AEYH6IVYMLPHU62VNOKKM2KTOIIA,AF3NRKQTW5FWJ44LYUHVL6EZ5HIQ","Vicky sahu,Abhay Patil,Sanu mahato,Shekh Mohsin,Lalthakunga,Saad,Kiran K.,shohrav",vicky.sahu.abhay.patil.sanu.mahato.shekh831@example.com,5553493197,2023-12-13
"AE3DRCI3U5PRSINPY2TZAU6JEWBA,AEOSTNYHDXDWBNGEZYE6BPMPR7LA,AHJRAOGQG47ABVMM5ZQ7FF3XOPKA,AEWWWALRID3B4CQQK7PMSARCRM7Q,AE4UXKJGBAZWE6WR5DADPJBGVHTQ,AH73D5XHOYMI7FCB6QBV4C77OC2Q,AFQO3JM6M3SWDHFLMQIEWSUOKY7Q,AFASOASLRV4MRGUQHM2OPYFYRHPQ","Deepak Kumar,Abhishesh pandey,MD ZAHID RAZA,Prathiba R,Siddharth patel,Amit Kumar Roy,Devi,Vinod",deepak.kumar.abhishesh.pandey.md.zahid.r832@example.com,5557819006,2024-09-04
"AGIVW6YDF6G7356WR2KBPADPKE7A,AEOVPFUZZRU7EA3ZJFWKXPQZATTA,AE3VLBYZZY526XUWNWWSXEEQ2O5A,AFNHLWRPD52MSE6TUXAB5VLED7AQ,AE4FFHZAQYHRMCJA7VSTKEWFAMXQ,AEOQEKGWB2B7Q5ONJFGET3MYI6VQ,AH7GMEHVW44SQG6NRGTTTK4EQPOA,AH77KODAPXPQ7E5TR4MMODAMSJGA","Vivek Koushik,Dilavar DN,soumya,Prosenjit Dutta,Ravi shankar,Ranvir Singh,Ravinder singh,mohit yadav",vivek.koushik.dilavar.dn.soumya.prosenji833@example.com,5556224706,2023-12-31
"AFQZVGSOSOJHKFQQMCEI4725QEKQ,AGGM6Z3RLFTGS5WMUPUYH6Q5PWDQ,AEZBNCSYGMQVNS743EVV5JXF47KQ,AFQ5B3Z4JDHK2YQBF2TOUPUUMLEQ,AHL77AYQII5RBC5R3VAPWGBA6GGQ,AEZGE3UVG5QEZDOBW4DDF2RXCSAQ,AEEP24AQWPKPYJZOKSCKSBMR362Q,AENZFOFJUL6NDGELEJLAFKEQC74Q","Vikas Singh,Muhamed sufyan,Amazon Customer,Ankit,Nong,shraddha shetty,Raveendran,pallavi",vikas.singh.muhamed.sufyan.amazon.custom834@example.com,5559704390,2024-08-07
"AHQLMUZTIPYZJ3Z5YZSFDWES7DGA,AEDNS57XE64VB4TCVC5ZOKBDE2QQ,AGTHWPE64RQMU36FU325T74CWXHA,AHRZN3F4YU2GAOAJ7JM4BR5KXXVA,AENMY5MOVKGPB2MV3YQPF24GWZZQ,AEHJQV4B4LXFWLMUQVHBC4DTAMXA,AFLAZCEMJXTBN2USCU6KZLCD5QAA,AHH2YDP3RVAZJCPRGWRZYUIUPJ6A","Samrat Singh,Raushan Kumar singh,Hassan Siddique,smita 123,Rahul Singh,Kushal,Himanshu,Hetal D.",samrat.singh.raushan.kumar.singh.hassan.835@example.com,5556217650,2023-10-25
"AG43Z7WV62ULSGSI3JHOKCZZRSLQ,AFXOKBDDHJNQRGHFWPJZA6PL3XMQ,AEDNOJVJHRNIBUYTBMFCMOLD62VA,AGE7XVUZ2FXSRI3BK5HVLRNWAY7Q,AEX3XKLTC3JM3H5X4YEBQFLNFX4A,AHZLFVEFPM5G6NINL6C2U6DEUNZA,AH6JPKYMSSWUVSSYIRXWC3YUAYSA,AHOI4FVLH6MHWFQHKWJKAKAWTZVA","Monika kochhar,Mr.,Amazon Customer,Amazon Customer,Sukhwinder Singh Arora,Pooja jain,Aman sharma,N.Nasrullah",monika.kochhar.mr.amazon.customer.amazon836@example.com,5553957044,2023-08-13
"AET3FR7J3R37VHFFZQHMBLV5ELOA,AEURVTR2NJUO6OMIUX7AL2Q6PYLQ,AGET73SJOAW2YXZSDMPGBCTZDPAQ,AEVJJUZQMXEWZJF2MJKNQDASDCSQ,AFDQAJVNVC5DM6SHSC2TDEAZEOTQ,AHG2TGE2J6EVY6LVRY5Z4T5QXDVA,AF3QTFMFYOCXB5AQRGCPFGYLOXEA,AF4OIHI7WHGZ2DHTOI7NJPSRD3XA","Sneha W.,M DHANAMJAYAN,JATIN,Vara prasad,Zaki,latheef,Laxmi,Sandesh kumar",sneha.w.m.dhanamjayan.jatin.vara.prasad.837@example.com,5551212848,2024-10-05
"AE5LEWHQDGISBMSHQ3QRHVAO5ROQ,AHFZEHT2WQTE2ZR4SJHYNJNNST3Q,AFEMOLRLTEKGCITTKW5GIJLWG5EA,AESB5HS3GAAD5WYPYR2KUIIQRKMA,AFISQSPSCQ5GMHX7TIWHTIQL25MA,AFFHXQP3EVBLE64PWCSJKA67WJBQ,AGTOHOQW6ZML3FQTOVOB3G5VOIJQ,AEHF6MHN4CV3UGP6HKGFX5YVOUIA","Aditi,Minnaz Rehman,Sourabh Karambelkar,Dhruv Taneja,AJAY JAYAKUMAR,Noorendra Singh,Amazon Customer,Siddhesh Garud",aditi.minnaz.rehman.sourabh.karambelkar.838@example.com,5556152546,2024-08-27
"AGOCKZ76H6K5XE67QWLOFO5SZMJQ,AGOZSNP7TTSEJFOMPLXDVTRHKJ2A,AH7Q2MTOGJ3Q237AS6RWYKTQC7EQ,AEO4KYVQRGU36YK7VBJTVP4OBNDA,AHW2XMU277XTU7BJHUH2GORKYUIQ,AFANO6XV7I2E7Y2VFLQPNVVK356Q,AEQPE4IU4S5NOMQLA76RJV4FLVJQ,AHI6QKYX47HGLXVXLCHAUHBZJTNA","Balaji,Parag Parashar,N Kishore,Ritesh Babbar,Gurpreet Gill,SD,Avengers,Dr.Rajeshbabu.V.V",balaji.parag.parashar.n.kishore.ritesh.b839@example.com,5553864362,2024-12-07
"AHA3JEZZDQPHSAYB2HWK5HNPXHIA,AEC4LE3IVY4QZXX2ZBLZJSVOLOMQ,AEUP2YQAYTICDXIVB5EASRFTVCNQ,AEUCRWSKNKIQ3QJBO4ACE46VDSCQ,AGXCGSQGSXQLI2VYDZ4H77C6QCIA,AEUQPBHW5WMPYYEEPVOA3ZTI45HA,AEHQNWJEJY5XIESTNJAGD7LXQUVQ,AGYLMTMZXZPP2XBWQQFJRGJBCAMA","Raunak Kumar,Shubham oli,Paresh Ahire,Suryansh Tiwari,Kumar,Anbalagan,Preeti,santosh",raunak.kumar.shubham.oli.paresh.ahire.su840@example.com,5552407969,2024-10-15
"AHX5COLYUD4DO3WUMFCOQ47NPJFQ,AFZZF7APWEI5WIVALP3CW2M224VQ,AEDMCNDDE56FCVUPTKNCDFKM26NA,AFIHBS3KY7XZ2DGYYEIQ66UHBX4Q,AH7ZATBNY5PTPNUPHFBVKZGW646Q,AG6IV4AS3MF5FG3VYPZOG3ACGNLA,AEAYAWNX73JL6XLLTZIBP3WRPGXA,AG6BE54C5GMY47O4FSBWFNFTOGLA","Joydeep Bhattacharjee,Harsha,Arun,Monotosh Saha,Saurabh jain,varun sharma,Tuku Roy,M L Sharma",joydeep.bhattacharjee.harsha.arun.monoto841@example.com,5555421789,2023-02-12
"AEWNF4GPHERXGZRJC3TOQRSXCQ2A,AHDO5PN5JGBBDMPGSGB3DRKYCBWA,AGBEDXMF6BSFODJP4MWYYTSLN62Q,AHBANMLYMR32OLUTA4UWCEM4RS3A,AGO6PVXYI6OL74JB6XZNCTPLUDNQ,AF5A6W6BXOFOFEU6XLJDHGTJWWDQ,AGJGSPUQPTXAWMNQM7DVBDMOLF2Q,AHJ3MZMF6XCTMU4Q2ZRGHQIPYTVA","ARCHANA SINGH,Devendra Singh,Sanjit Guruaribam,Ram Gopal Pareek,SAROJ KUMAR,Balbirsinghpathania,SHAILAJA,Vikas singh",archana.singh.devendra.singh.sanjit.guru842@example.com,5552687447,2023-10-10
"AHFS3ZLC4Q5YY36YMZJ4NAIVELMA,AEEFPG736MUL72UDWLRNYQWVSWCQ,AHDLA5TV4URGEURWXXNFEN2ZUBGA,AE6XO6PGI4TTR6S74S4LWSPCMI5Q,AFCXBVV2GA3CHCYDIEAUKUUUFLZQ,AEL5NJ3PJDPJUBPPWZGTBTSMQB6A,AEYFNPLTZR5IH76CUH54YVZX2QNQ,AFZQ666X2VK2RSSOOKKUH4H3HPGQ","Bala J,Devasish,PRASAD BONTHU,Mukesh Kumar Maurya,Gagan G,....,AK D.,nagaraju",bala.j.devasish.prasad.bonthu.mukesh.kum843@example.com,5558824100,2023-07-19
"AHKAX2IH662IVTVKNQJC356T3D6Q,AG6I6TM63SHK4H2BFN4VQREFP6TA,AGBOXTHG2BN67HMZCECCRG2PEJ3Q,AF5M4O2XSTVJINIWN7PC25HM625A,AHLAYQQK6ENDYDCMO5IZFMROZKZA,AG2SYAYMSOBCNG26IZLXO2QVFIDQ,AFM5RRUS4OSG5GUU4HJH2GLUZWYQ,AG5VYWN77PG2COOPPEMMZIOFVR3Q","TK Saha,Rajappa Thimmaiah,Ritesh kasture,J P Atre,Amazon Customer,Yash Gaikwad,Rafi,Raman",tk.saha.rajappa.thimmaiah.ritesh.kasture844@example.com,5553296880,2023-08-11
"AFIW7SS6JYD246VDPFCNSS45PH7A,AEOI3LGG2G5YAM647D2WYTRHMPAQ,AHSKMWRIGAXR4TF5RMVJCNOIAJZQ,AFQ5YTBEEJ6L2CH67Q3TNTJDIJ7Q,AG4AFKT4PVRYWBKJMOJEKFUSU5MQ,AFPMOPGPU5NWYHAOEYSYXPI5S63A,AEK63HRZEJ3UTPW5TRT3E5PXAIQA,AHIHM65JP3HOHP2GPPDMKIAZJQCQ","niket,Priyasree,Ashwani Agarwal,utkarsh,rajani 2406,Mazrudeen,arun kumar,Amazon Customer",niket.priyasree.ashwani.agarwal.utkarsh.845@example.com,5553216927,2023-08-29
"AEMDF6YAXYO7WQUIAFGEULA7NWWQ,AE44R623GFX6JWJVREI7NZGB5BFQ,AEZHMBIKCX4X5OCDNP4T24I6ZLHA,AG6FMEC2OLWDZW3UTB3ISADQMNTQ,AFHEOUKPVR6PP3KYPZAYRZSSTGCQ,AF6NBOGYTO7OIV3HKZHKE7W5BDJA,AGQT4P6WELGHERB6AFDUWH22AZJQ,AEHADZCQJ6HAZHKR6U57FX7GAUFA","ruhi a.,Kashish Vardhan,shankar majumdar,Amazon Customer,Suman,T BHOGESHWARA RUPANAGUDI,sekh,Irfan Shaikh",ruhi.a.kashish.vardhan.shankar.majumdar.846@example.com,5556817960,2024-06-03
"AFCEPFOBTC7XT2G2WLISEFCKSTMQ,AG7K6562RYGYYIWLBP6GELB6DZ5A,AEKVZD5V3FF7WUS2PTBK3K3SEFPQ,AH2BZV6MIJYW2HIP3CVTQ44NOXDQ,AHXWEITWPBXRDFSHW2XGLDXP4FFQ,AEZ6S3BMNXVG7NBZC6KJRY4K2IHQ,AGQG4SLFJRW4LAU2XMKXEXUWNT2Q,AFOQYWSGIAUJENDCDS563HOHPMRQ","Rohit,Panchami Menon,swati singh,Siddhi shukla,Amit Tibrewal,somya vishnoi,Seema R.,ashvin",rohit.panchami.menon.swati.singh.siddhi.847@example.com,5559349175,2024-05-20
"AGOQZTWW4TWCEF63HEFYT4AEIFPA,AHFE7BRH7S5NK64EFSE44PPPE5VQ,AE6CCAMGPBVPHGMC3F5OFEGLSNXA,AH7MEOSIJPT7Z2WMJI4ROMY3I2QA,AGFRVZRJQWOFEH6MWQJS65SIXIIQ,AGMG3K7YUIDFHK5L2KD6Q2XWTIQA,AFN5VZK3VEW3GLLAIDD7I3GKBMVQ,AGFJYU5UVYUCUTX3HOBADIW4CMRA","NARENDRA A.,Utsha Datta,Uma,smsn,Abhishek,partha sarthi,Utsav,Kuldeep",narendra.a.utsha.datta.uma.smsn.abhishek848@example.com,5551628573,2023-03-25
"AF4OLYBDMHJV5DUGONVIH7GU2V7Q,AEZNF3N52DQTHYBJ6ZKUG7UWXDIA,AHJ57SAHKACWMDHRDRNH5UXKQXRA,AH4FR3DUUHVLCFVUWCBTGF7BXQKQ,AFDFQBUFDOO44TCLCYJUSZFXRGBA,AH2JJHAQBJCR3JS2MWWMMOJ4JNPQ,AGMA33G2B4VFZS7GEQGKDFA7YM7Q,AESE5F7Z2OTRLIJKOPESC73ZQ72Q","Kewal k.,SANCHIT BHATIA,Akshit kumar,Hugu gupta,Amazon Customer,Ayush Kumar,Shubh kumar,Saundarya",kewal.k.sanchit.bhatia.akshit.kumar.hugu849@example.com,5552788868,2024-01-09
"AE7WYVO3LE7NWMHVORZVUYS55TJQ,AFMN7VI5JFZCWKPLS2N5LZNYAWOA,AGC774HH2OPQGNJEUGLITUQQVABQ,AFGHLIYZUGSZ226IRP5CMW6RM72A,AE6O5SNFA7JNCFCI36XMSLHPT6IA,AFXD4X5ZHUPRNQTYZIVCELJUSBYQ,AFU2A2JSELGD55YLLEA2FEDCPZPA,AEY6PEMQ7DII44WSUSC67JEWDE3A","Jyoti Dwivedi,Malav,Amazon Customer,Seema,Sun.,Prabhat singh,Amazon Customer,Tabassum",jyoti.dwivedi.malav.amazon.customer.seem850@example.com,5559608950,2024-10-27
"AFR3CAZ3QN2PEXO45OEKQQ2YJPTA,AEAUTGCUVV2HSOOAJL6YMN7HG4OQ","Anjali,Zafirah k.",anjali.zafirah.k851@example.com,5559111311,2023-05-10
"AGMCZ2KDUK34T3TUMG3JCFV7FOTA,AHZLFVEFPM5G6NINL6C2U6DEUNZA,AF5GDNAQLJ3SAR4Z2GHHWCJ6PZEA,AHASL2VPJAIFFLPXEDF3X464QCAA,AE4BIPLKOA6B7N27WD53TX2UU6VQ,AHWQGQ4LHOPQXZWAVIMXQ6UQFYHQ,AFB4DO5PCKBMV3TJ37XFDTWLOVRQ,AGDZJR57Z4DRGPARXFMEQJWRLSGQ","Partha Sen,Pooja jain,Ayush P.,Shantilal Sharma,Gautam S.,manan parekh,LM,susmrita",partha.sen.pooja.jain.ayush.p.shantilal.852@example.com,5553717825,2024-01-31
"AFZ5ADF4DVYO3IS67WN2K6UKSVSQ,AEEWIC5Y6UOO3KA5O2RE5GMQMLDA,AEUWI5TDSKBQHOFTRMU3DHC36IZA,AHFGAQ7GJGA35TSLYKZG4NAUFBFQ,AF6CQDSUJMPSM7YSYVXZ6KUMZVMQ,AESIGIVPJE5SHWIW6SOEHVBHT5ZA,AGONHBXIF7DGPMNZ2LUIBBW3FHZQ,AFUKG7S3SXXBZ47G5JVMH7TN4L2A","Annonymous,Sudhanshu Shekhar,Manish P.,Purrnanssh,UMANATH B,Dr.Susheel Kumar,amruta rokade,Kalzang",annonymous.sudhanshu.shekhar.manish.p.pu853@example.com,5551216013,2023-06-04
"AF5OHXMN4BMFYFBAHRA3KF55LEMQ,AEDYGQWG3MQCXE4NAFPHEKHC65RA,AGM6U42GP43XU2OGYR3CS2J7DHRQ,AENFJF6M6ESZKBLJAMLVOZFCCORQ,AGVNTYOKOFM4NNLYUW4PYVCGLBWQ,AH3ZXWK36A6T5DSP6ZNR42M6C44Q,AEEQ3N6TTKJ6KIQQ5GNDS7AHU7ZQ,AGCSVYGZ5WIFAKJVQBXPV23L7ZSQ","Aam Adami for India.,Colonel PSV Ramana,Tarique Hossain,Durratussharaf najmuddin,Athappan,Amazon Customer,Priyajit Samanta,Gopi",aam.adami.for.india.colonel.psv.ramana.t854@example.com,5554285276,2023-05-18
"AGCKLWECKEAMHEPQZ4RSRYXBFI4Q,AHNMGYFOR4DBIKA2RPCDIGULYQTQ,AFOF4HGAVUO67MEWEKCNWXUYNXCQ,AHAB3QEH3EXTX52TZYS33MFECVOA,AGG5B6TRVEJCNBBDIXG2BKPS6X3Q,AFYJFR3HKB33JS7X55URE3J3GWGA,AGERLZPMLG6VNY6SAB4UTZ7WRBTA,AER3GEEUA5RF6QBIJCREKSWXID3A","Soorya,naveen,lexia Jacob,Nisha devi,Unknown,Prasanna S.,Saravanakumar J,pravanjan panda",soorya.naveen.lexia.jacob.nisha.devi.unk855@example.com,5553097800,2024-03-30
"AFUYYV4MJWXM6FKQL6BR44OK52GA,AE5N2V2V7NEXSAKNOV2YCEKMBTXA,AEEGIQ6LMHJWRZ3YS37ACZD6HYCA,AE4FTPFQLHBP4IG2JCSRSKXM4VFA,AEUOCCUL5KHPEVXARZLU4U42WV2A,AGBSJ7VFUFPUQO6FH2ZJXY267A5Q,AGJ52I42NLYWGYET5BK5SJWMP6HQ,AEUWACJRUOGKOVFW2FOW3RSI3SIA","Amazon Customer,meena polkam,Amazon Customer,NSP,Henita,mehvish,BOSSAmazon Customer,KSESH43",amazon.customer.meena.polkam.amazon.cust856@example.com,5554056774,2024-09-09
"AE7M7M6QTDYEHQKAKXIWO2OVMBXQ,AESSDAJQCU3XKBAGYDYVBCKLOTSQ,AF3DTQ5WLDISMZLEORWHXTLHV3NQ,AHF2BSEZURS7UKI23YIHED3UIJKQ,AFZKPE6ZA4U5QVICSDRTTYN7PJEQ,AECBX5NSUD2POXPYXHZSETUVH5CA,AGRBDMHDBF2KXPBPF4S5PAVY3NYQ,AG6Z3AUD67XGSSTZOR6GZX3IC3DA","Dr.  Balasubramanian Pechimuthu,Abdul rehman,shradha,VISWA,Arun kumar choudhary,Seshadri Majumdar,pratyush,Amit Sareen",dr.balasubramanian.pechimuthu.abdul.rehm857@example.com,5557734206,2023-02-04
"AGJOLQCEFNEKB33FOCJ2YIEVT5DA,AG7ZK27I2UYNSV56CRBCTEVB7T6A,AGQVKQZEHDMHVKFJPOKCEL2AXYAQ,AF73BK6NIKVXKRPNCDXLYQSPEUQA,AFGJXN3GRKMMAAM6XCUL242N6KAQ,AGUQ2BDLQXF2QF3UR2CN6576AKIQ,AG73KSBFVJ5HI7YVT6EH5WTAY67Q,AEIRYCLKICDDTJU5QZKI65Q47MSQ","Abha Rani,V SRIKANTH,Bhagwan Khobragade,Suman Adhikary,Amit,Dominic X.,Srivastava rahul,Saleem",abha.rani.v.srikanth.bhagwan.khobragade.858@example.com,5551515303,2023-03-12
"AEZVOCIG5UB5RYBT7P35LXEYGNUA,AG3OM7FBL3LB5C266XVNPJGOHPPA,AGBT373ETZCUEC7X2LVVD3FKWRAA,AEM3EO5SQFCOE4BPSMM3LKOIWL6A,AG73KSBFVJ5HI7YVT6EH5WTAY67Q,AHEQSSHSFZ6WZUZUZS7BTVNCOTAQ,AH6NHWSWYP5ISTHGMARHDD54FLBQ,AFQDM5ECIIUZH567BITZVOP6LISA","Suryaranjan S.,Gaurav Kumar,Tanushree Laha,Tirupati,Srivastava rahul,Puremba Khomdram,Sre ram,Kanthilakshmi",suryaranjan.s.gaurav.kumar.tanushree.lah859@example.com,5559266084,2023-09-11
"AENY7MQ3WUVPIJ5I5GPDPMC3NKPA,AGUCURUVW2ZY4B5WL44GZABDZVJQ,AGRVCQ36H2PTAYD7UXHK4NEGENYQ,AEEIEOI4H2XLUKSM52M7BFRT2LDA,AGUYRXOKNFIRS6UWEO2LW3R3SMPQ,AGZ6A52CLFHFAYPVVQ2S2UDBKVYQ,AGGPRBEO44FFHMWGTEGYJIBTPHMQ,AFVQ33NU3HR2QB7KBRNEKKO2REHA","Prabhat,Chandrika,Pramesh969,Prity,Amit Kumar,Rao,Sreekanth,SRIKRISHNA",prabhat.chandrika.pramesh969.prity.amit.860@example.com,5552996351,2024-01-02
"AG6A2WAGVLEAIUQYP2YYIVAFTYPQ,AE5ZU25XXCXJ33ZMNCFE55DO7IJQ,AGSWWTQ32THQ7XJUQ5QWNW6JXGDQ,AH2RQ6KCQ4TKLI7FQWZPHSIOM7PA,AFUPFBFZTP6I4AZ6DTZQBHC26XZQ,AG2ELN75KZERETVTINPKCDLHJNVA,AH5P6N6SJBMPKT6EJXXE42TW7AVQ,AETWNOMRM4BJ4ASTEJB6NT76FJTA","Tan,Ramesh,Ramkumar,kavithava,Srinivasan Nk,RAMANJANEYULU,Parikshith,ARAVINTH R",tan.ramesh.ramkumar.kavithava.srinivasan861@example.com,5555404916,2023-12-21
"AGVCTA243VHAYH4RQKB4TVYSPC7Q,AH36BC5JQPIM7MZOMVQZLBWAN2VA,AGT4TIXFKY7JZIUJPXHX2L7PDXJA,AEAMCSAQXV3P5AXMBC4FPV3SMVWA,AFSBKYXEFH6TLZMMDGZG525HHPGA,AGUQMLMGMMN4NW2GDOV5LOH2LRLA,AEX4HFC5QP2AAU7LEIIME2NRHOQQ,AEDQG7IQKAQB77K53PPHHWV4QCXA","Ekambaram,Gaurav K Saxena,Amazon Customer,Amazon Customer,Asgar Pinjari,Vijaya,Pawan K.,Sandeep",ekambaram.gaurav.k.saxena.amazon.custome862@example.com,5553818563,2024-11-30
"AHF3WL6GGYYJSX6HUJCDG67S4EYQ,AHH4BY2VNEWPMYROK77IHTHTZWVA,AENRAZMV4YCZETNRLK7QMEOP2YGA,AH5YCGN6R23HBNF3KOS23ZJZOURQ,AEGFTYIQOSF52XMDJABR4CC67WUQ,AFXPWPSO5PFTCR2QYR6VWGBSB2QQ,AGQYUHMAVORZ45B7TLMP7IN6ZXOA,AGULTXKCMQONHUHM6HIEJNVBTEOQ","K Ramesh,MCS PAVAN KUMAR,Parthiban,parusuramireddy,B. Vinod Kumar Reddy,Amazon Customer,Revansidha k.,Leela Parvathi Paluri",k.ramesh.mcs.pavan.kumar.parthiban.parus863@example.com,5556807795,2023-11-12
"AGYNRGEH26Z7PFCEBRVWTJ6RZ4PA,AHLEYZIZY2JWUVX7ZJUP2ZDQHZRA,AHMJJFA7DVXYO76MLL6IAPZYNHBA,AETECGJKFYFTKFIB5ATS6YRUKWVA,AGPYC54L575ZDPY7FEGITMLYI2UA,AHPT7QLZD7MKHTRII3BGGNHDNHOQ,AEGALXWP75YMO7CPPRFZBHHM73DA,AEOLDYDAFLQTHPD7HIODC2Q7HKZQ","manisha,Suryakant,Uttam Kumar Mishra,Raunak V.,Dheeraj Sharma,SYED JAFFER,Ashutosh Chawla,ekta arya",manisha.suryakant.uttam.kumar.mishra.rau864@example.com,5555728858,2024-02-03
"AHVLMPOZX552F4S4UIO5DEVGXBAQ,AGSFXC44XWRFJ4D5NXQWDP6EC2PQ,AHWJ3FWLEGVBAWARBPV4N23IIDCQ,AHIXHLUQXHAFN2TKJX3DSFYYQ22Q,AHVDIIKAT5MSKLZGQPMKZHBV6DZA,AHLTUC4AD6YBXWAMDU2VVL4ADPQQ,AFALTXLNKATKJWF7UVD2PAMKQYXQ,AHAVKBRQC62ZO5F4Q54MW3VLPBZA","MEWT,Amazon Customer,Pratibha Pal,Kishan Gopal,Animesh Rastogi,Kothapally N.,sandeep,Arpit khandelwal",mewt.amazon.customer.pratibha.pal.kishan865@example.com,5557274331,2023-05-14
"AE3T4QKW5KPNX5VAVCS5K43WSESQ,AECKXEN7R2D54DHRZIB6JYNXLU4Q,AHZTLZNYRSIEOCNNYMQCXWTWA62Q,AEWBJR5EYL5RCKUPUMG52JU2273A,AHWX4CNRSPTA5O3ZVOEKOUW6X6DA,AGV63VPYLUSZSWULWUIOXW446K3Q,AH6I4KMBDUUVG25ZEN636KJP7DQQ,AHHSKRWWN3SB6GQPEDWWIFS7NBIA","Rohit Dudeja,Md Tauqeer Akram,Murukadas P S,Ghazanfer Munam,Richa,rajaram kahar,Anurag Pandey,Amazon Customer",rohit.dudeja.md.tauqeer.akram.murukadas.866@example.com,5559702493,2024-08-30
"AFENRIT42SOS4O7C4PHSKJNNWIWA,AGJW32XBQ6KVXXEPOF2F7TXSI56A,AHRNCTBMQ4Q27ECKAMZP5FFDOWDQ,AE5QM7YNLDN264RDC3P7GBGFYUEA,AEQOF2P6OUP23GYS2CADPFTMVJ4Q,AHOMVPDRQ74UCNTIWQKOWVZVCVSA,AG5ZVXUMPBZT7QYYE23JJU3HTLLA,AHP3V6CE6O6VEEGPQMAT7WEGTVOA","Pooja,Mahaaveer Refrigeration services pvt. Ltd.,Digvijay singh,Varun,Rakesh,Aman Rana,devashish,Haya",pooja.mahaaveer.refrigeration.services.p867@example.com,5554214086,2023-12-28
"AFL4CXIRQT4PT764WYAH2OT3TSBQ,AHCADERQGXE7VE4AC3LMB4JE75WA,AFDGKQUU6XZZCFHIU6DELP2PXF7Q,AGBK7JZOUSPLSNOB4YRTJWXVMKRA,AFZKOLERWHICQGFIVYFDVDPJS56Q,AHAZ2SAFDDJE74JFX4XEYZDFQTJA","Raj Patel,Malvika Upadhyay,Amazon Customer,Jaldeep giniya,Aarti,Poorvee Chandrakar",raj.patel.malvika.upadhyay.amazon.custom868@example.com,5555362126,2024-04-19
"AGND3HQB3XFX544IUGTCX3IKAEPA,AFPQFZQGTCOV6TB2E7EBZHW2DUHA,AGYUFUC4EKXTZHF4CFVTKB3T7OUA,AFKHLRBSPFYWOOTXEENPIWUVNZGA,AEAMTXU57DL6YNJCT53AYMLYGXUA,AFF3TSSIXAVH4BPSQVJCLNQH4BYA,AFQ6C64AFI33KOGJU5IZAB57A45A,AHUBLOQI56TLETS3LQ3YZIYR5Z5A","Ashish,Veni,subbarao,srinivaas kandula,Karthik,venugopal,Swapnil,Dhinesh Sridhar",ashish.veni.subbarao.srinivaas.kandula.k869@example.com,5552051108,2024-05-20
"AEPRNLSE43UGWKAMTLIKPM2LEAMQ,AFGL2BJQXPTK64ZAMF54LVNZLLHQ,AFUKBGJHIZMXQXXSS4NYJIPV3E7A,AGFCNG7LPSXN2MSETPNUJX2DSGIA,AFNR7QJV4DOLLVM6ANOVMOJSBOSQ,AF3FRLNJCF23ANLTKX2GRWHJXGDQ,AFVHA7F6WGALC7CX3ALHQUYOAYNA,AFDKFR5OJZXCDJRUZ44JVGWD7SIA","Priyanka Das,Rohini,ArunKumar,Jayanth,Sk,Avinash Bapat,Amazon Customer,Balaji",priyanka.das.rohini.arunkumar.jayanth.sk870@example.com,5551278093,2023-04-08
"AGBITVO2DOMNZU6DB4QF2WXXELLA,AFMPYDPXNEAOY7V6ESN3RHHIFOLA,AEXMSOQXFSGNINYXVTPXWF6LNSOQ,AHJ36WVWO52FUAO4F7W2V2HUVIOA,AHDVRIPXBUVBEU4SPWOC6RGAYRPQ,AEM6HSXS6EAAW2W2YCJDURHPAOHQ,AHGWXO3TIN5RERBOPO6KS5HW6PQQ,AF476TMP4LI7EBRKEYTFE33CHLLA","⚡ Pushpendra Singh Patel ⚡,Mukul,Sauron,Amazon Customer,Bumble Bee,Naresh,Serena A Lyngdoh,Sohail Quazi",pushpendra.singh.patel.mukul.sauron.amaz871@example.com,5551136809,2024-07-25
"AFHCG4ZUNHS5X7PYX6IPZA3AO7PA,AHDH4K7B4XROK4NUUKOQMLVUGXKQ,AFAOEOKOE3IHNJKQDHAZ3JY63F6Q,AEIIOCCDVYEZSGZVFZSNYZKHM6HA,AGXJHFAXB4ZBSYHCSJUOU6TBXBCA,AGRDQEDZJUKOFPT4HQ6JNPP7PXYQ,AH4A6BDLABV357G2A6HQGCJ7KGYA,AHHJ2MPEQDEB2OL5VELPVKG7HA7A","Shiv Kumar Saini,Amazon Customer,Tarun,Harish Thakkar,mukesh j.,Bhawna,Yankee Kazi,_gurnoor_00",shiv.kumar.saini.amazon.customer.tarun.h872@example.com,5554755287,2023-05-03
"AFJVAVYH2K6VUCTNLA5HZ45VQFKA,AGGWXZI3DYEKKDM4B36R7ZJJKAUA,AEKJDZK63IDTROMID4JMKGJHSULQ,AGQYYNEUBQWWEQBNYIUC53RFACNA,AF43RF5XBMHJAMI2FG34NN3L7IIQ,AGU35SVLLAC34EAVBSRUVTK67DFA,AHKMF4W5DDK3NQY3YUKMZNNLPS7Q,AE5IO4H7IZTRJPKIO4L6DMQ76GGA","gowtham saran,Nanu prinu,Roopali tiwari,Vipul Hulekal,Pooja Sharma,Anurag s.,Priya,Lakshmi",gowtham.saran.nanu.prinu.roopali.tiwari.873@example.com,5555452732,2024-02-07
"AGBFUWHPPCGWJDR6B4OMKVTJXAMA,AEWESDLVWVAOHCLCTFT3NQHY4ABQ,AFY6NUGEJR3FYO5JQQYPVHB7BN7Q,AGARLHYVHR5YQUAPN4UW6FDDQZDQ,AFDNYZLF2TIOIHCE6XBVDETYLS4Q,AHHBABC6Q734R46ZOTCRCVMIDE3A,AHRL7HWG5QFKUHZ37KS6WGMCSV7Q,AHMXB2SMKANWFDSUQJAZSB3J2W5Q","Rakesh,revathireddy,Pyarasani Sai Kumar,ARD,Venkatesh,Prathyusha,Rajesh,Neema kumari",rakesh.revathireddy.pyarasani.sai.kumar.874@example.com,5557343744,2024-11-10
"AEU7DVFEL43XZ6T4D572W2ZLBRKQ,AGWOH7CFDMUVW52NMZWQBKBNNQOA,AGZN422FGG7JO3T5YY6IVUELOODA","Yogita g.,Amazon Customer,Mimsy",yogita.g.amazon.customer.mimsy875@example.com,5552930060,2024-12-18
"AGDV2MRADKOX2DX27DLTJRCUNFLQ,AEPDAG3D6JDB7GMFDWRZBRDUT6LA,AHBAP5SPTSJ44JCVAA66JL5T3GSA,AGD4WOYC5CDCE72HI5NLTKJMVCFA,AHUNCPEWHPHZGFK4NFZYGZS6HA6Q,AHKSKUA2E4Q4UTWGK5KJOQUANEHQ,AH3RXYXJCWNF4R5G2MKDNHDCHBBQ,AETJYYRMC2XH5YW67E3WLNYEXODQ","santosh,Dhaya sekar,JS Bhuvaneshwari,BLS,Ash,Pradyumna Mogre,AVINASH  INDURE,Dhaya Cj",santosh.dhaya.sekar.js.bhuvaneshwari.bls876@example.com,5555057111,2024-01-31
"AHODVRQWWJ6ZANKRQMUTC2XAP7DA,AHUK7JORZ6JUBP6Y2DJDQM7DY4UQ,AEX2J4SOFGG5MWTWNQLJ4YJPRO2Q,AF52JXL4N6RP2E7KY7IRE4IDX5AQ,AFJQNV4NJHIBN6CLE4UOSFS6KRYQ,AGAGQBMUTC7WREXUTXUVP6MXJ6MA,AH6ISURNXEG3QX4KB6LKSINS2IAA,AFGWDVXHRJHOJ5XGBMFVXVCQ6FKA","Shreya Saxena,Asish Kumar Saha,Nikhil Kumar,Dilip,Abhishek Mittal,Prasant Kumar Panigrahi,Vicky Sankhla,Manish K Gupta",shreya.saxena.asish.kumar.saha.nikhil.ku877@example.com,5555940142,2024-10-07
"AFS5PZPVKEP3UJSDPRPDIR2MKGHA,AF25ESIE2VTCJ5TAKLIJSBHE7TXQ,AFAH7WHWITSQ33IHJU2MW5QRT7HQ,AGVT6QWGLKSYHR3YKRBKMUUSIXAA,AGPWKPQODYM5WTOVQEG5JKCWFFEA,AG7U4ELTZ4SALHGRJGQUH5TOKXFA,AHHXZ73LFPUVJKZIVPGVDLUSD7YA,AGEYZNPASS34VXF5WSWDGKXXOXJA","Vikram Chesetty,SUBHENDU KUMAR PATTNAIK,Atish Biswas,utkarsh tripathi,Kavithaprakash,sanjay tiwari,arul,Anand Kumar Aketi",vikram.chesetty.subhendu.kumar.pattnaik.878@example.com,5554942646,2023-06-05
"AFMJG5IJKO7AFSAAXTAAHIKK4DDA,AHDEDC3POAU5BZGDWP33QORI3YEA,AFLPTFP6N5EL5WWVVB5ELDFJ6DPQ,AE2IURVHTZIHYVJSWHTXDKEF3QOA,AEY4DSGBLEDYOHJTHH4VKWLS777Q,AHLX7ZJKWBQ6IEC5R7O56JAVEHPA,AERUNKZJXZDXZ7WPIUH5SQHDDWUA,AFJSTDPDPNSJF5IOIZN4ALD2W2NA","kanwar Singh,Vipul,Bsanju,Chiranjeevi,S,Devang.Gadgil,Nilesh Kumar Dev,Rafik",kanwar.singh.vipul.bsanju.chiranjeevi.s.879@example.com,5551669696,2023-12-10
"AENPIPI2T7E6R4HKOBKZAQFCJZUQ,AHIVPDOVK6OQN6WGTESSXAP4O3NQ,AEIOIMVJ327S7YLGXHPRMSKFRSDA,AE6XTR4HOF6A4ZYWTEYOIM7RXWIQ,AHML2YILNIL55QN5W3ALM22KK4RA,AEDASFMONSZILDTQ2KMND32254ZA,AG6DF5G6NXVTFKGB5OGNOFQ336SQ,AEQILKA6TDCEJHB22PLMICANAKCA","Rahul,Calorie HNT Pvt Ltd,Ankit Shah,Santwana Bania,Anupam,Madhu R,ANANTHA RAMULU KASIBOINA,Uttam",rahul.calorie.hnt.pvt.ltd.ankit.shah.san880@example.com,5559507367,2023-05-12
"AFAD3K54MDC5KWKEIL4GPRMDUCSA,AHKLFZK4YWYVSSH6RENLODXSQEWQ,AFPEWRRHEEB7AE7UXZZW6AYFGI2A,AGMR6IFE74NZ6I2AKCYNT3OA4WJA,AFLHIPN4MXE2CDTUI675U5BMGJ5Q,AFG43ME6P6CX2VMBEUJ4A3VILLIA,AETAP7PLIHXSLRWHSKZ6CB4LUOEQ,AG6EJGP5G3XX3PO7XUVN23XNF7QA","Rohan Bhosale,Shaileshmhatre,GIRISH RAYBA PATIL,Muthuraj Kaleeshwaren,Subha karmakar,MK,ganesh prasad,UDAY",rohan.bhosale.shaileshmhatre.girish.rayb881@example.com,5555269984,2024-07-25
"AGOUMGTCVOVNACJWHOI6QXEOFWFQ,AHWVKXF3D6CW6INGFKC4BMWAICWA,AFLFHQMJXDKP4FNRZVNDLBCI7ULA,AEMLU5KFMLIGZH36SO3PT2DLHDPQ,AHD2YKTU2NGV7WIT2AMZ5KGUCI5A,AE6HP365WCXNFAUQETWLZ5AW2KEA,AHU3ZRGSY6NBCQLHHKYG4BWGN46A,AHQI663PWIM6UA3UZUE352TAEJSA","Durga Prasadu,Anindita,Amazon Customer,Sindhu,Amazon Customer,Alan,Amazon Customer,A. Kumar",durga.prasadu.anindita.amazon.customer.s882@example.com,5556294325,2023-08-14
"AERNKVJL26A7X5OYWX3736CMPO4A,AEEFHVT72FRALB75Y3WUTDBMMKDA,AG32CGI3PYEPSA5OYLMRI7LIUWMA,AFCHLRXHG4OTDU77ATX2U3ZW5IXQ,AGRNDHBTVELBY3ITNVNRK5J5Z6HQ,AEQVXFTKQXES527IPEG4NDB4AUTA,AHLNMKVMOMO7SMAI3TRC3RCMUAMQ,AF2JWX6HVNTE6TFYX3K3OP7G67OQ","Priya Tewari,Siddharth,Amazon Customer,Amazon customer,Renji,Pikapi,Anand,Abdul Samad Khan",priya.tewari.siddharth.amazon.customer.a883@example.com,5556619752,2023-03-12
"AENFBKCVXFCSNELMZME3E3W7WNOA,AH2NF4GWIFI5TVCUTHW3Q3X7EUXQ,AHEFKTS3MRG4AW4YSYD2OBMREP6A,AF6X6534MZ5EQH6PSVVTGHH7WGSA,AHGDO2HIQNPHLHJND5EY3GSLNG4A,AGZNOQWZ5NBBOPJYUSKJSY3QDHWA,AGUVJ34ZNNM5AYHUUPSW4LCMUQMQ,AFISSFINCYUYWGRYU3I7QVNL6JCA","Vayun,Vidhate Jitendra Gangadhar,sambasiva rao,Kalpesh,Kishore,PRIYESH,Jalaj Khajotia,Sk nagourbie",vayun.vidhate.jitendra.gangadhar.sambasi884@example.com,5559973526,2023-09-26
"AHGFUWNO5JO5V5DUDHKMWTLNP5HA,AE5M7SPRDYEU6EPXVXHFGAS3WZXQ,AHVJBPTSYB54ISNJO3RFYLHEVUVQ,AHN7GHEZKML6JVIVYWBWABE7O5TQ,AHHCVLPZJDMVTNXUP3HJK3YIFDFA,AF3MKLAVO72PML63OAC3KF7F5L3Q,AEIJ2WAYER5T4QYWGJINFMXVV5JA,AGL5Z4GVIBTUZX3GXZFXEFSQC7EA","R.Ravinder,Tejinder,Santosh dixit,Raju Prasad,Rajendra Kumar chandra,Sekhar Reddy,Fatima Sayyed,Selvaraj Duraisamy",r.ravinder.tejinder.santosh.dixit.raju.p885@example.com,5558698544,2023-02-04
"AFBJUY4B45VSG7ROPSXR44Y3PCJA,AFM5RQWP5UN7CKYZGLBBS4Z3SOMQ,AF7FNHSMCRU3BQJ4J5XSMGYU5ZWQ,AEDR652FAPSVVJAKQXEP6BYIKVEQ,AEYD4WEMX25FXS64S3D5Q75JBGJQ,AH7YTQORZ6PETTAX2C374QNBR4NA,AHIWN5RZTRU6WU6RDZ2QBYVQ64YQ,AH6YLT3KTDNWPMSAS4I4EYVKO5BA","Smithil,Abhishek,Amit Sharma,Ram Shukla,Suresh Kumar Jena,Amazon Customer,Masood zafar,Bhim Singh",smithil.abhishek.amit.sharma.ram.shukla.886@example.com,5551781453,2024-12-09
"AG6W5HESRSDLBX3NCYOOUGFOWERA,AED4U5CF37HVSYPMD6KUP3YPH36A,AGUHDV5GZZQ53BGLNLV654IPDASQ,AEDMXTLZRXBSPPDRYIN6PAGXFXCA,AEVBIVJJCIRYJRR7G47DFT6SFBAA,AF65HJXCS64PXG5GMEBZOLVCZSPQ,AE5CGWMRDJN6NMXZ5XH74X2GIRNQ,AEDVMC3DUI5UUVQ43C4XLLZJGWUA","Arivazhagan,Ajit,swanand pandit,Venkatesh S.,Shubham Sharma,arun chaturvedi,Amazon Customer,sanket",arivazhagan.ajit.swanand.pandit.venkates887@example.com,5555733105,2024-07-07
"AFEKJVIJNA64W3J3MTGDJUQ6TQOA,AFAILC2MZIU2UFLQK34GQLE4Q42A,AGYG6IP3252GADX6BGGRZFNJGN2Q,AGVR6CP2GL562CMMN3TJJDIBQKOA,AGRSBPMGH7TCQPCZ7XD7GLEJ7NBQ","Neha Gupta,Abhay,sumit kumar,Kundan,Bond 007",neha.gupta.abhay.sumit.kumar.kundan.bond888@example.com,5556108451,2024-12-04
"AGGFXDLCFZMTLJJDR3ZFKEOXCFLQ,AF6MHKXCPS3UEF23XLMKK25DP5YA,AEXTOEU4ZA4IBYRZ2IBBPQWISYQQ,AHLX66FYYQMBW4K2RH6ZIK7FFVLQ,AF3HP3UHZSWRRIORS4HTBUPFA2ZA,AF5DJAWOTECSDTL7XHVNCEJLFRCA,AHBLS2242VYW3MHFBFU46OIBCVMA,AHRLA5AHCTEQVN7FPFCVQK35X4WQ","Samson,Manish T,SWAROOP,Gaurav joshi,K PAVANKUMAR,B.MAGESH KUMAR,Rakesh Sharma,Nandagopan",samson.manish.t.swaroop.gaurav.joshi.k.p889@example.com,5554164036,2024-04-05
"AHA6L5K5EK56VNJQCX6ELQD6IIOA,AFT4H5AHS2IHNQ3W2MKZW4IK4WNQ,AGIMKFLKIBXWJC4A2PEJ6MUUXPGA,AFHKIWM7FFXHOGRBL4KXZJN74D4A,AFPZCHVK4AFUZ3EGRSQKX2QP2EQA,AENJEA3YN6GTB544FIMEIFBVLYBA,AGFJKRNASZD6HAOGNZ6TKXIZ7POQ,AEEKJOMZAKG7QA2HLN2OSNTKTN3Q","SARAN,vandana,HEENA Shekhawat,ayush,Sanjoy thapa,Ravindra Patil,Prince,sonu sharma",saran.vandana.heena.shekhawat.ayush.sanj890@example.com,5556489546,2023-11-05
"AHMV7CFP5QJKQVZUWZJHE4HZ2ICA,AFZST4HYDBQ6XVQACSAAFUDJOIKQ,AFKYVEINPQ32ZQGZEDXOSUWEDFQQ,AHWOFQXJDJDNP5RV6PBCUOJTFI2A,AF4BOWODXP7NVQUEXZ6UTVGLK36Q,AGK7QXGM6LN3H4ULO2S3OFXH7LBQ,AGA4TH7LEY2HBXJYTK6Y4RA4LWDQ,AFVZYHLIYODBCD6G6VOMDXWNTV3A","Swathi,Amazon Customer,Chethan KP,Anu Tri,Ravali,Nitish Sharma,Baldev s.,Digambar Gawali",swathi.amazon.customer.chethan.kp.anu.tr891@example.com,5555511502,2024-07-26
"AHHRHRPMQ3O5NZ3NJEFYSDPS7XHA,AFWDREJZJIDUA2VLFDSNAP6GRVWA,AHFNQ2ZQIAN6HAYSDYZK24L4ZU5A,AHL74SDUOIK6IPSUCJI2JFFSWVJQ,AERQHCJNLF5CWK63G4CSN62UKE3Q,AEIXIXGQXO55K7YHDMNU5G6XVHWA,AHZAEVCLQBC6F6VVPI3OWSWZKGMQ,AFZOXNV5I52MMGRSNIRPW22I5BKQ","Akash,Girish y j,Nagma,Shafi,Priya Textiles,PITAMBAR SWAIN,Santhosh,Manoj Kumar bais",akash.girish.y.j.nagma.shafi.priya.texti892@example.com,5551106271,2023-05-31
"AFN56JFPWCIQUPBWBBKRTB5ACQFQ,AFYOAUU6ABZMTVU36GZK4VUGNQOA,AGHUKJEONXLCESOPBOBUE7GKTDGA,AEBWPF3PRVVFG5KWXV7X34GDFKUA,AFLRPHJSRGH5NKPA7OBXUJ2JZ27A,AG2MS6TT6QSBXJYL474XNZ4IF7CQ,AHTOYIBOEM2MAMV7T5TD5DDEKVTA,AH672OY2LDIEQUP643H3JKXAL3IA","Vivek,Sai hari,Shekhar Mourya,Habeeb-ind,Rajesh singh,Amazon Customer,satyanarayana Moganti,Mithilesh",vivek.sai.hari.shekhar.mourya.habeeb.ind893@example.com,5551652254,2023-09-08
"AE57EASYAUGIY3LHBP7QIOETS7IA,AEIGU5AK2I65SNMDBAHWSHIONC6Q,AFT7I5VC6EBJ6RQRYTGRLAG3HXUQ,AFFBQAX7B4JEDSFQO5YV2N53DZQA,AEIBNPVAOVFKRMNCG7WQBP3KD6LA,AGTIJUTFLQK2XPPQ6CYRFIRIFB7A,AGYJCHWOAP3BOVRZTI4X2BDJVMVA,AG6FIMS4K4KZ2ZEJMESRMWXFYFXQ","tarun,RITUPARNA BANERJEE,Akshay Saraw,Bimla Devi,Abhishek,Deepak chauhan,Chandni,MD Hasanujjaman",tarun.rituparna.banerjee.akshay.saraw.bi894@example.com,5556746915,2023-11-11
"AHO6AWGPNKTSTMNPWGZB4WHA2U2Q,AHVONN4NTBA3GJ36PROOYHSDNZCA,AFEQ7NC66N46VGPPVC2NXFWRCW7A,AEGKENPFPHGDZPCWMBUDNHKBVQJA,AHKGDW3ZEXQJDWZST66D6WW3RAPQ,AFEYS37TMYGZWIC6XZWB5A44WHDQ,AG6ZGGBWZ3W4RS3AO36OFPMEM6EQ,AGBSZTAHL3ZLNCNV4UMDDL7PVFVA","Naitik Parekh,Nerthi,RDP,Anu Chandra,HHJB,KANIKA S.,Avinash B,Shilpi",naitik.parekh.nerthi.rdp.anu.chandra.hhj895@example.com,5555639751,2024-06-12
"AGUM6DLWGQ2LOM4MCKXEXKBXHXCQ,AELFZZK6GYFN3YA6TUYCQI7RO7RQ,AHYHEG5TPFHDT5P2H6KWCNRKVFAA,AEYMIOYCCMY52ONMPWEMCFKTAP7Q,AGXKXAGLG7HR6EMQAEEQBJNKAHBA,AGS2YBMKNMGOX72U5CWAN4H4IKEA,AEINPEPKMQYXLTEYJ5H2AOGO3YSQ,AHMCRTWOJAUGPXCEW6BDOCJ44YFA","Amazon Customer,Gaurav,khalil shaikh,Aman Setia,Mayank,janardhanan.s,mahtab alam,Krishna K Jha",amazon.customer.gaurav.khalil.shaikh.ama896@example.com,5557468776,2023-08-16
"AHT4OY427LBXPJRGFTQ7TYZXYHWQ,AEJ3JPQBTNEBFAPDYJ7LVBEQZABQ,AHAOS6S25NW4GNVO5CYKF2VWMX3A,AFFASS4UUKBTHTT4D4HXISPCWD3Q,AEBGOR6UDRO2OU5XDIA2MV3YYFOA,AGG5NKCVBBPSMNB72ER6WLOTBCMQ,AHBWW52EK5OOJYVWM2I4NYZS7CUQ,AEV6PF6JEUSL5VE35HHTUFU65FAQ","Ulhas,Rabi Dash,p r.,Nilanjan kumar,Hari,Amazon Customer,Tumge Bagra,yashwant sinha",ulhas.rabi.dash.p.r.nilanjan.kumar.hari.897@example.com,5555860174,2024-02-08
"AHNDW5VKSMBFMC7T34ASEI7Y3GZA,AG3SNVECF5ZS32DWQTW2G77ISR5A,AECXPKAOE4L7HKC7MX3HARQ2ZN7A,AHQBLD6PQTVODKX7CP7AR73VXE3Q,AHWKKP3N725TNVCGAS3RDM5MNAJQ,AFWHSXXOAGQP3TULDR5UEU7SEVLA,AEYBOFCIILSYQPBIFKTK3O4ULXHA,AGXMURTR4IJKATZQ4COPQMXAWCVA","Amandeep singh,GIREESH KUMAR R,Kiransaravanan,Amitkumar Yurembam,Pradeep,Goutham,Dr Ershad,Bharathidasan N",amandeep.singh.gireesh.kumar.r.kiransara898@example.com,5558863614,2023-07-03
"AEDOY7QSF22AYSFDSBF32NURIY3A,AE4GETIZXRFI5D7IX7X66HOXA7HA,AEZX7AZEVOCXCPQVIFTY7UN6R4RA,AHGAT6WYRGMXHVJU32IRWHCKZIJA,AH7DPTXSO5T2YJSEQFZ6E3HBSLQA,AED2YYBYVHAASJ3QCTDEZUTBWVOA,AFWUD5DYUNUE5VFG3RING65BF37A,AHQB4SCMITLH3RJJGHYFYGJDFGZQ","Rattan Lal Narula,DIBYALOCHAN DUTTA,Amazon Customer,Pares chandra Ray,Tapasya,Vishnu Bagal,Amjad Hussain,Sakthi",rattan.lal.narula.dibyalochan.dutta.amaz899@example.com,5557259547,2024-02-26
"AEVL6TZWDKICBU5K36HGBG65WXKQ,AFF5UYOSGQEATDUIOBUQAH2O6NAQ,AFGR637UP6QAHFJONHIC6LB54YNA,AG7RQBIKXECMXD644R2M5EZIZ2SA,AFFOJJV3AXO4KXET6TVWACH2AWSQ,AGPBFYSINH6IVWQS4CG5WP3DYCMQ,AG4U3Y2VBDUGHJ6VTFKDIZIZJPWA,AE2MUYHXVNFPILOIZ6T7B72BCR6A","Shahnawaz khan,Amazon Customer,Subhajit S.,Farooq,Wangchuk,Tanzila,KUPPUSAMY DESIKAN,Ravindra Pandit Kumavat",shahnawaz.khan.amazon.customer.subhajit.900@example.com,5552589171,2023-06-04
"AEKI4HAUSUPZGRQ6Q3ATSP4TB6CQ,AEL7BRNIG3LMKHN7NGVJ5HZU53IQ,AELEAOGDLKQD35G3X3LHUYBMODDQ,AFQGS2AFY7DTJGI6UAS7EXUU7ESQ,AG6YAYQRT6LJZXH5GBEJIKTHOVPA,AEXTLIQ6EDAE75U7KIBPPOXBQXEQ,AER6XVPTNSCOWUE2CNWAGADNNTQA,AGQOVXQC5VY3JBAEXPKC3JWPFPQA","Alpana Das,Pj,Seema,Shailendra tiwari,Amazon Customer,DILIP KUMAR VERMA,Amazon Customer,Naveen Srichand",alpana.das.pj.seema.shailendra.tiwari.am901@example.com,5556986264,2024-02-22
"AGDKUP57RD2RF2PYRHJ4HC2WB6CA,AGK7S5LXXV5UHXXEY2BKNLZ52XUA,AHK6E3O55RIZSFP52ZJNTVSEEL6Q,AFRI5LEU7NP3RTVSDBIC66QJN5HA,AFN7UVFX2VSEPIBWFVWYUXLYCUYQ,AEI6Y3E7HZN7HAJIEHYUO3PELSNA,AEDEO6FQJAAYWROW5Y74WR73VOXQ,AGOWAPE7FNYHKW7NMZRABFLAPBLA","9848023076,Parimala,ajay kumar verma,ARSHAD,Hola,Anil V,kuppannan maruthachalam,Nikhil",9848023076.parimala.ajay.kumar.verma.ars902@example.com,5553418786,2024-10-15
"AHMTCI6WVIFQLBPVV775QDEU32MA,AGZRJIMJCQUUHZG34JSIL5PSXGTA,AFEXCEMQFSXWUROBWWKLII6G5UZA,AHLCFOXSW7PKG6NWJAYZXJJBHCPQ,AGTOVX2YRYSUMZANWQSH2GLC4J5A,AEEQGUXKD6HEZIATDRB27PQJY4AQ,AH2GUDN2UZFH3DVNV6SNVUTX5A2A,AHGL2UG2EBUJLZLOXWW7BYZ32OWA","Anon,KNReddy,sooraj m s,Shubham Gupta,PG,MF,Vaneet D.,Prabhat Tripathi",anon.knreddy.sooraj.m.s.shubham.gupta.pg903@example.com,5558233293,2024-01-11
"AHDISL5G65X3FMRD2D2ARNXONYEQ,AFYN7CPGKOFGIEEDC6I6CFJBEKVA,AG5HPY5JX3T2DV3RHEJLE26ASMOA,AG27F7XSXLAU4JPURBUVMMFBBZHQ,AE7FR7KNV6BX4XL43G2TZAV57XVA,AGUI6MJD5ETNXKOOO5NRK6I6PBDQ,AHEWD6HCE644SLK3OBHHSH57W74A,AFCI5O36CXYYRSJKGKTGI6QHK35A","Mahesh Thakur,NAGESWARA RAO BONKURU,Premlata Sinha,MD NAWAJ SHARIF,Gopichand pawar,Amazon Customer,neelima,niteen atre",mahesh.thakur.nageswara.rao.bonkuru.prem904@example.com,5551344052,2023-12-25
"AH4EVNVE6UOOFIDLJ45XA6SXIILQ,AEPTX7KLFQCVKVIOQ2P5BT5DFDOQ,AFDMLUXC5LS5RXDJSJJRHNBURIVQ,AF7V2H3X3WZZAGQN57IMDJUMWJFQ,AG5QFPH67UFPAGKYCFJZNX7JRO5A,AFJDOSRR2KIFBLK2WUTPPB7ZGYXA,AH77ZPQSMKUKIL4LSIS344PLB7XA,AGKHAKG23FI4IMCXBUTKLGBDLAXQ","Rahul Miranda,Hemant Singh Lodhi,E.GURUBARAN,P Vinodh kumar,Jagadish,Monu,Aditya Agarwal,Mamatha Reddy",rahul.miranda.hemant.singh.lodhi.e.gurub905@example.com,5553065601,2023-08-04
"AHYKYPQWG6D57RWV5BGGMKG6D6WA,AG4HU2P24AVEA5DIVDDZPAZJB2EA,AEZYF4ZZU6FH47ONFQ4ABO7TAYAQ,AGG2W3XKE7XHPKKOO653RQ2GKYSA,AGCSGQTOFGYS47AB64E7HYCVXPSQ,AE64ROQOZG3YQPANW75Z4DGEOEYQ,AFWJRG3J53U4MB2UJKQBXEU2KLDQ,AEVZ5IEWI4C37B6QZBJEL5H3BRIQ","Nidha,PRAKASHA T K,Hitesh Jangra,shreeja,Isha Nayak,Amazon Customer,Renuga,AR",nidha.prakasha.t.k.hitesh.jangra.shreeja906@example.com,5551698866,2023-05-14
"AF5YTGKUGQPPKFKV7FI2WPBEB3FQ,AFC4IGBAWQIZUIGT3HAGY3JZT5YQ,AE4MWULC56KNGZ5KY6KVDRZ3IKGA,AG47LLM626L4ZVY57SFZW7DRFXKA,AHN7KROB4JXXDRI6ZVYUNQLPABWA,AHCMLMTP2OQVADDPGN4KBRJMR7ZQ,AEDUUPZP42KTG4E4WBBN6XBQ7OEA,AEZDPO2SL7ZV6NDT4S5BGU3YO4IQ","Amisha Nath,Sanjeev Arora,Jeevansh,Shallu,Ashok Dora,yukti sodhi,Amazon Customer,Rolling Stones",amisha.nath.sanjeev.arora.jeevansh.shall907@example.com,5553380280,2023-01-29
"AFGFQJHNRDFOHITQCVI57A5AVAGA,AEXBETK57IVYXMVFUBPFFWL2YRYA,AFPXQQXE5LK3MD6WSXVCOQKSHCFA,AEH5UMINQMJ3YS2JJYWFZENJDF2A,AEAMCPIZZKK5QNGMASLDV27QTLVQ,AF73O2E7HIQTOJCJYSMIBSRDQAYA,AFBQQK22DRF6U2KQXU6ZSALA4NZQ,AEIHZJXM2H6AC7RCDXCNEJW3E44A","Nasim shaikh,Senthil Kumar Natarajan,BOSS,Alexa,Sahil Suman,lalit,PANKAJ SHARMA,Hammad K.",nasim.shaikh.senthil.kumar.natarajan.bos908@example.com,5557706149,2024-06-02
"AFE4ZYVJSLM3MSXZHWHIWFGRMNPQ,AGLLVLIYA7LEFYOBOQ3CR566Y34Q,AFYQS2VHWWGWOJ2WN5NHJBYYNFAA,AFSWWFREYBSBBK553EJS373BFDXA,AE2O7ZDZY2IUTJCPPMM5IBEO2LRQ,AGX3HZ6L74SP6BEBB3QT7GD2V6XQ,AFKJY7IMQCOSU6NB3XEGTWDUAJAQ,AEPCAKSOMWJJNCSL2JR674U7ADQQ","Shahul hameed,Bhaumik,Amjith K,Khimesh Chandra,Amazon Customer,Parag Bhanushali,Babujis,Fiaz Bagban",shahul.hameed.bhaumik.amjith.k.khimesh.c909@example.com,5552492535,2023-06-09
"AFCTHM6AKLOSBDAUNR7MV55OB3MQ,AEVEJVMWQKVTVXWT3GWDQMTRE4PA,AEBVK2W3LLIF2OZWCC4ETO7AZBLQ,AGVJBZTCRZYK3FIQ6QYZXUNPQ6AA,AHJVD3DZYPZ6IGOD4X4FB2F63TTQ,AGQ22ZIP7IR5TZHO4JVX3BP6XPXA,AG25MJLUNH7VRLYA2TZIY2PCG5QA,AEEM5Q36DTXAMCJWEX2E7P6DAUUA","Krishnakumar,Yuvraj Patil,Avani Sahu,Aneesh Raizada,Kirti Juneja,Amazon Customer,Tirtha Roy,najeeb rizvi",krishnakumar.yuvraj.patil.avani.sahu.ane910@example.com,5551459918,2024-07-19
"AESRBPLU5VWDLZIS34S4MGRGXOHA,AFJBNICX3G744YBO6GHEEUOWA7QA,AFCSKW7HDNRLBPL55D6772QMQXZQ,AFXO7INXRRNSJ5YMHJQFI57VHBDQ,AGHAK7I2KJFR63KWOX7UMMEZTBNA,AHRKHSP6UU6ZG4D4OGLOFOUGRF6A,AFVIUQVC7WDM2MHHYV4KPGXSB7VQ,AGJMTWXAMFKENVFP4AJXVINU37CA","Aisha,Gourav,Riya Halder,Karishma Sharma,Sridhar Rao,Sastry A S N,Rahul thakur,mayank singhal",aisha.gourav.riya.halder.karishma.sharma911@example.com,5558665922,2023-08-10
"AHHUP4DBXB2AQMEO27XIQ3DJSVDQ,AEIUS76RRWIKCMNHHTZWBKVRAEPA,AF7AIWHQCEGDKGZJX4LLAMMPZCWA,AEYEP4VP7QLCIKLCDTCLPP74N6ZQ,AENOM6ZJRXGIJ5MUGMZDV5YURKUA,AGGIEHGD6RJYECAZPDG32DAE32SA,AE7OLL6ZAVDAJM4L6M54XNWRV4EQ,AHGRX2KYYYN35REPQLWUVWT3UQ5Q","Dhatwalia,Tahir Abdulla,Surya Pratap Singh,VIJAYAKUMAR,Rana N.,Arun Sengupta,Amit,Naveen Reddy",dhatwalia.tahir.abdulla.surya.pratap.sin912@example.com,5557134475,2024-03-12
"AGYLQ6KMOYG2N4U5GNYARX2MBB4Q,AENABMLHDXXHUYBOHPRFH4X3PMCA,AFW36VYDMVOGNOQ3KW5TU52NBPYA,AFEQJU6HMTSU2TSLWVLTRMMDUVJQ,AH4A6ZXSVYUDRVTZJ5J53UD3VNPQ,AEAMXZQMDHPTSSU6VOCCG7FJ3L5A,AFPNCLF6XNCVGSLV4B3UCFJZENEQ,AFERJ3NSJPHMZPWXLNY2MB6NHERQ","Dharmender Sharma,Sheba mathew,Amazon Customer,Sanchita Sachin Dhanawade,S.V,Shivam Jha,Michael Rinsailova,Sanjeev Chowdhary",dharmender.sharma.sheba.mathew.amazon.cu913@example.com,5551339334,2024-11-03
"AG2VMF3LINMMYN5BJ7Q62SD5URUQ,AEJ7GNGZJ57Y4ANWXXY75NT7XW3Q,AGZPAK4OR644KR7HVTAGM2SKWXOA,AGWG7C2G2ZJXNJ5LWLAHESFT3JAQ,AGPW26I3CWUUUI4HNHIH6FWIVJOQ,AEKW3REOLRUOHWGYXE7V662X2BSA,AEJXY4QE7AOW43DDCUHH4BCILJJA,AFZWEGAQMORO5YUZDF63YT77LLWQ","Ravi,Dee,Amazon Consumer,Indian Consumer,Amazon Customer,PM,Ravi,Neetu",ravi.dee.amazon.consumer.indian.consumer914@example.com,5556502824,2023-03-05
"AEBMJLSOXQ6R3AYV2E5IRO5ENPLQ,AHWRCD6UPY2VTOKI4TUA37GILDYQ,AHYG77LWWFRTEUKZEO56B2OX5LUA,AHXV3ZOII4LO45733UQAP5Z7HQQQ,AG5TSY3XDBSXVSJHBP24ET5FZOEA,AHPLEWWOIVLJKHU7LMJQATBVVIRQ,AH6XUPCGCWOG63XDNA4PRPWFX4XA,AGOUVBBZUOXEFGG7R5QBLIF34OYA","deepak jha,Amazon Customer,Ajit y.,Abdussaboor ansari,MOHD Ajajul,SUBHA T.,Ajitesh Kushwaha,Pradunya gohain",deepak.jha.amazon.customer.ajit.y.abduss915@example.com,5557836389,2024-09-15
"AH7K632CGUBDY6LHNAPIN5X53WXA,AFEE2XTFVQFP4MAL23BITAYVUEDQ,AG66ESDG6STC3VUGMYT2JM7F5EFA,AGSRZEXRM6LPZRFZNPWPTJR52PWQ,AHTYWMV7NQIHFTT25KJHK2MHHO4Q,AGEDP3Y6PLN7EQMVYDLKLQKZBCVA,AGJYNSMQM45LCFROC6BSBGM2NXWQ,AF6AQPY5HXHCZXTPZOYY6EZFLMHQ","Ms Subba,Surinder Kumar,Atul Chauhan,Gopika,B.varalakshmi,Sai Kumar,Kunal,Placeholder",ms.subba.surinder.kumar.atul.chauhan.gop916@example.com,5552155918,2024-04-19
"AH2NLR3ZG7SADP6RTRU5PDZUBKYQ,AEDHYDNNCKCAOWK442JABEE5CWLQ,AEAT6CQT34IWYKUHXFMFGRNU7Q2A,AGZ3OTE7V74KVKLKR3PS2YSCM5QQ,AHURSRZTOF3NCYIB5RPFTXSHAEQQ,AFJ4QE5S3Y4YQR2FV36TS7QDG2KQ,AFWGKSA7JKANXBJVXLCPW7NR6ICQ,AHZYN7O73FJWRPUQGZM5BEAZ3A4A","Tapan Dutta,Seerat Dar,Saravana Kumar K N,Pradeep Pal Singh,Harishkumar k s,Manish Pandey,Shirish Ramdas Aware,Sneha Mahat",tapan.dutta.seerat.dar.saravana.kumar.k.917@example.com,5551626535,2023-12-19
"AFMYG55DVSCMWPRUIPSASBB62VCQ,AGZCT4OEKDRBQMYDVQBVFUMHKU2Q,AEYZCUH5LC6COZ4TRHKSYZO3ROKA,AERRBL2CJJRDGLHKOROB52OCIEJQ,AHGTBWAQDJQGFRXUHVMEAVA4ZPUQ,AHFVKTDEOWKGGCJBKLGXF2S6YSEA,AHY22HEZTKCXWPBPU5TUS37S5LBA,AFLZU2MKLPZCUFRZF6YEXYUF4RLQ","Shravan,Sachin Aggarwal,Gyanesh Savita,Ripe,rajnish kumar,Shloka gautam,Debdulal saha,Kalai Yarasan",shravan.sachin.aggarwal.gyanesh.savita.r918@example.com,5558183117,2024-06-24
"AGDWMV5ZAHCSPG6IMWYOTBTOB6XQ,AE3LXXFXH6BORYJRUFKZHYY3UHYQ,AGFOD6MTODJ2BVFMYDOCLV6XQM5Q,AH7CH74XTRZWL4SHLUHGIKALPBHQ,AH7POVEBCJ2XBVILJPAO6EE4FQ5A,AF6EGJ3IP6NT47SNGHLAJ7IVUZTA,AEKGSTRWTY6EPGEDQJDF2ZGLQQEA,AEZOPOL7EG3CNIYHEUOIFRNNEDUA","Amazon Customer,Bhaskar kr yadav,Aman singh,Joseph Uttam Mondal,Chetan Sharma,Anand T.,pramod,Asha kumari",amazon.customer.bhaskar.kr.yadav.aman.si919@example.com,5556454527,2023-03-07
"AH24GHGDZ5S7GOOVQK24MQS5IR4Q,AGIY5PYNCW3CB5HUFM7ITHNZPFIA,AHXDON5YKOYAUSI3QKGTZNYWEVTA,AGKDHFPFLUGXAO5GYFZZ5KCCTFMQ,AFEPP3DNOQEMLSJ7H7QRFT556KAA,AE4XYBWQ4326DYVHYR2NLGVAVQYQ,AFZ7MBTXBL4II5GY4OUJUKDI4PSA,AHAPC6DCGJWYSG34J4QCJRZUOCOQ","Rahul,Rajit,Aman (AJ),vijay,Kailash Khawas,Sudheer,Shahid,santhosh",rahul.rajit.aman.aj.vijay.kailash.khawas920@example.com,5559209388,2023-12-26
"AF4KTTHGNSGQHWC7BH5MSSBCULSQ,AHWQEIF54O5IUHXFM4KLVIMX6YWQ,AFBQJKVQBIRCTEMBWG5L4NWR773A,AFLEMCYMHBBD4SS4YSWSCUKRMCDA,AGDA3OTCGWNENWPDHBYUKTNT6HAA,AFNUOPGKWNLCY6GPXD5H56IFRX5A,AF57FEWFICIDRUJYGJ55JQSWIENA,AHVJXVQRKI3OSKNANNJW6ODKFJTA","Ponnuri Gopie Krishna,neha chandra verma,Ali Ahmad,Sreejith Damodaran,Danush Gangur,Priya,chandani maurya,Bharathi",ponnuri.gopie.krishna.neha.chandra.verma921@example.com,5554686681,2023-06-05
"AECBOMQMFPCFZ2YYN5SAQTT52Q5A,AGDMYQLJDG7WITISOEIVCEJWV3AA,AG7JD2UYSH7NDVCB4FOHEKNHW4NA,AERCPMXMGMUH5YB56JZXTD23FKFQ,AGTA4ISMM3QZ6LTUP63C4WIKPWMQ,AHSZCGWJCJJWOQ2FI6TDIDES2WTQ,AHEGBS6GMG6ATBO66V4I544GIQ4Q,AHHL6WFI4OEWNPTGO4WEDF6B7WXQ","Gulshan,Rajendra Prasad Ambala,Mrinal Kukreti,Ravi Rathore,Bhartendu Singh,Dinesh Kumar Namdeo,mallikarjuna,Yogesh Sharma",gulshan.rajendra.prasad.ambala.mrinal.ku922@example.com,5559105197,2024-09-07
"AFDSTWW5X5LM7QSJ7TE2GDJEZHSA,AFIEOCOML7Z7XPPQYE7CRZW7SA5A,AFMNDDULDD4X33C2CMR6Y62SK46Q,AHRAAREBBBGBBITC3W5WP3PIP4ZQ,AGMU7VJAAQCGVXR2I45DBZ4UOXGQ,AE3WABKZUWIAANLDG7L7UURMCDKA,AEDL3PA6SU7XPRZ3LKDR7XYKZC4A,AGTJB677H6GCY62RBG77CECPEAXQ","Priti jain,Burhanuddin Madraswala,Gazala Nawab,Rupali Jain,Badrun nisa,Sohan Gope,nishapandit,Sunil Tanwar",priti.jain.burhanuddin.madraswala.gazala923@example.com,5554915050,2023-10-28
"AFSZEPUJZUDS3NRVEAO5MHUCAEPA,AHU7IIQ2UVTKGV6WW7KMOU6LTXFA,AF76XTK3GUL5U7RJUHCGDNUF6JPA,AE3AAKFCFKJRKT76B4KMGZGIQNOQ,AEN6TRUOOVQSGJ2OMP76ATCWQRFQ,AF6Q6RSLWNO3YXJ3KHFWGSFMU5UQ,AGCHBCFVIMD5WH4P3TN377OC2LRQ,AFMKVDP5GTOGGOS2QQ6DONW6SJTQ","Priti Sharma,ramya,Aman,ShashankVerma,Ved,Sushree,Sameer,UMANG PATEL",priti.sharma.ramya.aman.shashankverma.ve924@example.com,5557410057,2023-11-16
"AGQFZAOQEKMAPWYU6U2R2SHO6S4A,AFLUP455XO2GOJYE3C6XS4OZJHNQ,AFBWIN5UT4RIRQENPJAL62AWUMIQ,AHEAXFPNYXFMJKRYN2HHVOOMTHSA,AHHM6EU3UYNVBOLWRFDKBI5BV4TA,AHMJFSNRDRGIRQDWA2YMWQOAPU2Q,AFC6F6TV4AYJGDZABEJF7CBILGFQ,AFIMXZ6IJBTM5TLCPTDUL5YL6ETQ","vignesh,Rajesh Babar,BASANT,Shweta,Randomsurfer,PRAKASH KUMAR,HOTEL S.,Pushpam choudhary",vignesh.rajesh.babar.basant.shweta.rando925@example.com,5558438089,2024-12-24
"AFR4DPHPUUE5HOH5IDNMNRCEHKBQ,AH46L3MY3OLQQ4JMDKONNEEHZNLQ,AFFAHR34UGZ7SE67ZFHBOPTN7VOQ,AHRQADD3EE6BOUUETM7PULXPEKUA,AEHEFYAEHA37VQC4PACWPXVNWP2A,AEXDJ6HWMOC6SRGLWALYYHWKXDIQ,AECLJOFG2C4ZUAJUS5JW52OCJGFA,AFYINVLESD3NKJPONL3Z5Y2QLHFQ","Amit Khiwal,Purple,devi devi,Aakanksha Suryarao,Amazon Customer,Kiranmai,Manuel D'Abrew,Sonal",amit.khiwal.purple.devi.devi.aakanksha.s926@example.com,5556381777,2023-02-28
"AFA6NJKGCITRFOYKD2FMBD44UBPA,AHMZC6VKUENGIMRG2EPSXG6RH23Q,AE7RZUVJXGKZLFJIM73AQTSJ6UHA,AHAXYLDPLJR5KB45YNUYJN6L7RVQ,AED6534KQCNZBMWINPAQWCHZN6FQ,AFSIL7CASV3Q2ACX5BE7KDJLWYZQ,AEIM5O3GZRMQXNPWZU7KFLA5Q5CA,AHAHC55DIXSRUXGITFAGPVUMWGLA","Ruhi Mir,Arup samanta,Faisal,Neha Khatnani,Manish Shrivastava,Sandhya Patil,aditya,Dhwani Raval",ruhi.mir.arup.samanta.faisal.neha.khatna927@example.com,5554265406,2023-03-03
"AENJBTR2KDJMOAEQA4AROLV244QQ,AE666QCFHN4ZT5Q6YSSL7UXCW7WQ,AGDLBT3JTXVM7MQMJAMRPW7KSN6Q,AFRNTHDPSCZ2ZZR6GCJYOOP3KOLA,AF65AUFKDWACJHKOTBRDRESNCMAQ,AGD7U6UETXAMSDWDHOSIMIAM3HFA,AFCQLKM6YD32YVCRA6NYR6KHLZJQ,AERWYMLTYEXWK43EV6AZADRVEIOA","Mahenddhra,Pavan Sisode,Archana Sekhar,chandanpatel,Amazon Customer,Aniruddh sinh.,Biswajit Borah,Dev Thakur",mahenddhra.pavan.sisode.archana.sekhar.c928@example.com,5559463201,2023-03-31
"AGY5EGSNGK2VAYOXWLKHP5GX44YA,AGTABZK5E6233ZGRJ6FKGLWNI53A,AFLW52DUWR46PKQCPT6ON3ZC6WYA,AEAHCVLMYLKLICSIKCTUS54NVQ2A,AGOYD5LNR3QBIXOGT3AXVEQJKQIA,AHNQK6FOLGX3QNM73O2SRNGL6CWA,AEDB4HO3XZSRGBOZOKXHJDFH7EKQ,AGTBHBUUNNRIVUQ6YS2OGL37CTGA","SUNIL KUMAR BHIKHA BHAI RATHOD,Bajeli,PUNITA PARMAR,Lulzdrone,Kaushik Kothari,Dr.,Amazon Customer,Abhishek Shukla",sunil.kumar.bhikha.bhai.rathod.bajeli.pu929@example.com,5552263439,2023-01-09
"AFGPSJTYN4E3AQJH23WKOKD2FZCA,AG62ALOQG5SNE6G6BINPN3PFATFA,AFM6X3COP5XS2MHBZ4FG7WI4J6FA,AFFFREUP3WNQF4G2XFGWEFUHIAFA,AHVX4ICC7N4CYLFRKYLA2EMIRS4Q,AHOBXQOMXSK25FW2L4UU47YQZKWA,AE2HYLZSTHIFFYG2VTQEUMEZJNWQ,AFEWFFV3VAMZVILMHJAN4GQRR4XA","S.Anbarasan,Nazimali,vijay shankar,Amazon Customer,Bhanuprakash,Anshika Pandey,GauravK,Passionate Buyer",s.anbarasan.nazimali.vijay.shankar.amazo930@example.com,5557582971,2023-08-18
"AGRJZJKWKIE573KM5FWPOH4F7YCA,AEHV4VOLDQX5XYA42OZHALYA3USA,AHOZBF2VFWS62WO3XJT73NHAPQMA,AECYWFZ53SIMOPOKAILDW3VNGRRA,AHGAALVLOMKMYOG4JAJALWFSHLCA,AG6EGJADJ2KCEGGKRPKY2B4MAJMA,AGVVZWV4QHKHNWI7FT3ENKKKBCHA,AHIRZ7N53BSLWFWNEUWYKT6NH6OQ","Amazon Customer,Neha Mehta,Nischal Agarwal,tharangini reddy,Mohammad Salim,Ak,suyesh v.,Kiran ahuja",amazon.customer.neha.mehta.nischal.agarw931@example.com,5554126303,2024-04-16
"AHF4QZVKU6HOKT3PM4JVK5LGQAWQ,AHM535GPAPUDBMUOQBNMCK4ZSUVA,AFC2EEGVUB34NVHUXNS7YZDA7JDA,AE67YDKU344VENVLFVSPVZAG7AUQ,AHJ4FPXTAZFVCFSS6452K77MSNGQ,AHLPEYRZGYC6EPS5DFTS4GKZGTQA,AFFTNLRTAYIQKHV7UYHDHCA5X54A,AECO4Q5ZTTJ4UWRTXXESCF2BZD3Q","I am patel,ARAVIND RAJA R,deep,PATIL,sarfraz newaz,Md Shadab Eqbal,Akshay vijayvergiya,MR DEBABRATA GHOSH",i.am.patel.aravind.raja.r.deep.patil.sar932@example.com,5556425116,2024-09-09
"AGP7FT53TVZYTLYSU63C77AMNKRA,AFYO7NAUE7PLQZUFAXIANYIKNX6A,AHJ6VHL36QKYZYOZPWP5QD3H4DQQ,AHJI2MF55Q5TE6JR2TUNNJXTACHQ,AFJ5FUWKGY7XDPJOCMQ7EZQYHEFA,AFCWD3PO4G6GJVEEMXGD4B3XDC3Q,AGEUYI7ZTBU6QTOBHLOUNLD2XTSQ,AEXBFL4AVC5RWOOWW4X5J3RV5MQQ","Lipsy Mohapatra,Ajeet,Amazon Customer,Priya Sharma,Sarmistha Choudhury,Priyanka Gupta,Vandana Bhaskar,AMG",lipsy.mohapatra.ajeet.amazon.customer.pr933@example.com,5554276825,2023-05-01
"AHIJVXU2LMW6UBF6VPT4BGMBMYBA,AHFBBCPDGNSDA2ERIF6KEXOXR2GA,AF6CX2IKLSKGPKRPN6IPOSRFH3WQ,AH57KN6LIRGA4AESSXBDXN4IWTWQ,AEOON2BAPI6B52PB6LYJYVT2POFA,AHDV77DE22MRWM57ZJRUBXEH6TXQ,AGVD7QW2HRVYJ2J7LX4RXHRQKYWA,AFBWCVS4ZG4JQ7GII3KFL76SMBMA","sharad shedge,Srushti Mali,Srivv,Fernandes,Nishant yadav,Dhivya L.,SANDEEP JOGLEKAR,Amazon Customer",sharad.shedge.srushti.mali.srivv.fernand934@example.com,5556961119,2024-12-23
"AHS7IMVVE56BINTOOQEC3ZDFCCRA,AEZD2VA4YOHTVUTQDMYQJPI4JGBA,AF6OFPEK4C4UGOSVFMGRQQOSZRJQ,AGSJ57EXX26AKQIQRG2I54BSZPPA,AF6ES4EHMPNTBDTKJ2RVAULV4QVQ,AE77S5GV4JXA37SULMC5CYORCK5Q,AGUT6T75HH2Z5NKTDDIO2KKBG3QQ,AFXQUHNNILJZMAN3G7SSUXP5DVLA","JAYAPRAKASH P,Avinash,V V R Rao,Abhijith Nair,Gopal krishna Reddy,RAJASEKAR,Kamalakannan,Matta leela krishna",jayaprakash.p.avinash.v.v.r.rao.abhijith935@example.com,5555250351,2024-12-13
"AH4WZKCWB4OVUG2LZUAFGWSVS4WQ,AGR2F7Q2IMX7SXVQ3FE6EKNYPPJA,AEJF5A6THJTEEMQ567QOL56EGM7Q,AF4U5DZT3ZHTXHRKEL57ZPBZFF2A,AFZ3VECWAVRV5NH6BCMVMAN3YO6A,AFTFOKKNZPW4QEUQGKTB65FF6ZAQ,AEK4UQMVF6PAOC7IYVVOF3SE7PYQ,AECOJHWYPDNQKUVPWJ5LW3W4WRXQ","Shubhajeet D.,Aswin Thomas,rakesh satyarthi,anu,Vara Prasad,Jain Suresh,SUBASH U L,manpreet",shubhajeet.d.aswin.thomas.rakesh.satyart936@example.com,5553749021,2024-05-25
"AHXO7SHNST675ORXUKNNHR2YKEKA,AEXCBFSVNHUJQOWGZSE7MC6RBHUQ,AFKM5QKOTWULFDXK6QVZZMMPOV5Q,AFB2W25SC4ZEMFT7JTVTW5L5RZCA,AEWGEZVFD5HWJUZME7IDIL6HCVVA,AGIX5B6SWYXE6XZKEJEK65LV7ZMQ,AF6HEKQ4VQN3LEYA35NQCEG6LAWQ,AHN3ZLP7PTR6WSQFI57Y5MXAOCWQ","Aditya Tapkir,Veee,rajesh,Rayhan Sk,akash sahu,Santhosh,Pratik,Neeraj",aditya.tapkir.veee.rajesh.rayhan.sk.akas937@example.com,5555804646,2024-06-13
"AFQS7QOVM7KTUWEZSVZH4XTGNAYA,AHTXYVPQPUDA5MCBWOX3AVXH4QKQ,AHLCFOXSW7PKG6NWJAYZXJJBHCPQ,AFNCJZB5L3NOV4XSU3YAKVBNOESA,AGR543LEUIM5C7Q3GENHOCAPGEEA,AFISEMWSVQU4VQ6RZNXCUSE4UHBQ,AE7LEUVO5O6WMKYYJRLP4MUZDZ6A,AHOFRKUB2WPDHQ36EDTFQWON7WFA","Ajay,Amazon Customer,Shubham Gupta,praveen chander chopra,Anupam,Atul,Anuj,Amazon Customer",ajay.amazon.customer.shubham.gupta.prave938@example.com,5554432074,2024-12-10
"AFWJEGTWPLJFLEMNP6NHQWDEMR7A,AGV22RRF7Z7DKGS3NVGKRNEVDPFA,AHPNR55J5NQA5XXTTCGPUOLYWUWA,AHT3UUMHP2J4D5ED2J2TLSX3NLFQ,AFQ3EGHF7CJXP4Y34JIDWCOFQR6A,AEUAMC5SJIRMWLY4X62YAX4LFPLA,AE5JHZYLGZRTLGO7DJ7OGLD3NJZQ,AHNJTY4AOWAXORD6ELSDX6MCYHAQ","Tanveer,SARATHRAJ,Amazon Customer,Manivasagam K,G.bhaskara,Abhijeet Gonsalves,Monish,bhupinder singh",tanveer.sarathraj.amazon.customer.maniva939@example.com,5557458597,2023-08-24
"AEG4VIVKNFDYAV2FCBSOHWCVZSVQ,AHIBQJW27GSAIXAF67PPWDRPZVAQ,AHRFQ3PYMV7BBVTV3T4KRYULJT3Q,AEPAKIJPENJDKGUKTVAMOBK2ZG3A,AFZUVAVAWLFWHSJD7VW36OO2U5SA,AEW6PJ6XBMPUHS6XB4JBOQ4RBLMA,AH3VHCOFOAF2ECJSINLURTIOYRNQ,AFQLC466OW7RPNR5LJJMFSMK4LYQ","Sandesh,Sowmya,Madhu,NIKHIL BANSAL,Amar s.,megha deshpande,NIVAS MANOHARAN,Veeresh",sandesh.sowmya.madhu.nikhil.bansal.amar.940@example.com,5551028486,2023-02-08
"AFAVAR36WZOZ3TA3WC3KI2OKYJ2Q,AFG2M2SXTLVAQPPIADLDPE4FCLEA,AG4RNET5VB3G2D37WFEHZV764UYQ,AFNEINFKCBDEN7HOKXHHXVU4LDTA,AHGEURQ45YJNNNFH5RU3XS3HVOXQ,AH4IHZ6OEORKRRITBR3OU6LV2RSA,AF4K7PLAIOCYLKM6GPRXS43XTQRA,AEICD6CA4XTLZ2ZLKBJ2NQWSAGGQ","Naveen,SURIYA PRAKASH.D,Thanga harisha,Balam Singh Bhandari,Jyoti kharb,Khan Bawa,Mohamed ashik,Jayant Lokare",naveen.suriya.prakash.d.thanga.harisha.b941@example.com,5559953369,2024-12-22
"AFUZ26ZD32I23WLX6MO6UUGYB6VQ,AHEDAEYXIZIPVLI6HSDRKIGYILCA,AGLZDJ2IQJQNA35JJLQ2VOEJAR3A,AECF2E7SAWWCGKCIE7DVMFMDT24Q,AHASPHQK4TSXX66FVFKWC4GWSUZQ,AE5W7W53GHU7VOQE7ITNRK2TS3WQ,AGGQUNYVRJSUMBI556ZU7NFVAV3A,AFDS6AED2AIE46CPX2A2QTGIH2VA","tamilarasi,shwetha murthy,Srilaxmi challa,Amazon Customer,ameya,sangeetha arun,Mansoor Ahmad,Mukhtar Ahmad",tamilarasi.shwetha.murthy.srilaxmi.chall942@example.com,5551852851,2024-03-22
"AFMIEGKNXXCMLWZFOBJ2D377PHVA,AGPUPI62IFNLHIAOE66RZ5FVZTIQ,AHZ5DVZ5VTJKMDTENJO4AZF7E4RQ,AFTQIPE7G3JCQMHJUU5FJBMP3MAQ,AEVLJEOZYZISEJ62IBSHVFIOVGHQ,AFOOAZDIA5NTHBNJ7SCIHUSR5WHQ,AHTOWZBM7RQHHVCMS3FQA7XBWSIA,AGQ2BGDKE2PWZ4Q27KVXUQQA67XA","Learning always,Saideepak,R P Singh,Rose,Saatu,Amit,Tony Antony,Kaavya Rekanar",learning.always.saideepak.r.p.singh.rose943@example.com,5552243075,2024-08-17
"AH7OT4IUCAKFYCPJ3SVLAHV7E2YA,AGONNWZMRQZR2JDLNKFLAK4V62LA,AEDJK6VC42VWN3SJOPPI4V5HAQMA,AEPUEHEXXNFRXCCSK4F3VL5ZKDMA,AFJYPDELIA7MLTKDWYGQSYIGZWZQ,AFBKP77TRJAYCQFMO54ZJU6HRZOQ,AHW6RLKKGIEJSPBA5GGRWAX6Y2IA,AEE4RPNGOYPSBZXDRDNG5JR7KMTQ","S.saravanan,Mukesh,sanjay kumar,Khadar badha,Mahender,balvan singh,sathish annabathula,Ajmat",s.saravanan.mukesh.sanjay.kumar.khadar.b944@example.com,5554645989,2023-05-16
"AHA4YQ5UYLOP7A7T2KRK6ULD7LJA,AFJ2JLBLHGYGNKRMGAKXPGKHFUOA,AG5EGPN7G64EYA3BQOZNNJI3EROQ,AEBCZJWGP66A67PNQTG6AIEZSJDA,AFFTDH4LXE4M5K6ZMJSFFPGBSQ7Q,AFYXCGFUYNSPE2MMMHPCDDG3MPKQ,AGL3XBRQVHEAAZH4M5E3ATNQV6AQ,AF7V57LV5NFKILFRLD7MPSVBKOAQ","Vikram das,SANJAY,Sanjeev,Neelu Srivastava,Amazon Customer,Flora.bebo.vidyarthi,Azhaan Khan,Amazon Customer",vikram.das.sanjay.sanjeev.neelu.srivasta945@example.com,5551876478,2023-12-08
"AG56BWR4QA24HMU37HCG7LXA5BIQ,AHPMTDLBF66SKRERYCJJ64OIT4RQ,AHSJSRYF6IDDAO3GFP2JDGW7AQPA,AFHFQZ4WRMY2BZ2M6EPZVRTWARHQ,AHLRT2VIZ5O7U6K7UG7P25P4S4UQ,AE6GNTASF4AF7GAW767UV2OON4EQ,AHNKJGN4LTDD3CFDIWZS5XNYZCGQ,AHWPHJR3F3WBWRACB5PHHTRKXYEQ","Kindle Customer,Naval Kishor Rustagi,Sudha,sajal,Prabhleen loyal,satyam bansal,Prabhjot,Rajesh Maurya",kindle.customer.naval.kishor.rustagi.sud946@example.com,5556684017,2024-04-08
"AHLGRFI7QX34GNBZPPXAU3XDMUEA,AGJBEJ5UYM34YEAF3O66X6ZXMJ3Q,AGCNLEMAO7Y3K2HRVTJUR46ADX4A,AHF6WK7M75GMQD5UBU5KL3CYR3PA,AFUNWCVYZL6R7BTREUZR3HWRTULA,AGJZZHGM6QJ3Q2IZZAMN3QRM2YAQ,AHNE2UTXIV6QYFTLJCK7NJQ3UFQA,AH5PIM77X6TCBZ2GSUQO474JGLZQ","Tushar A.,Indu bala,Partho,T. SAIPRASAD,RVA,abhijeet kumar,Yogesh Sansanwal,Rajeshwari Dhanabalan",tushar.a.indu.bala.partho.t.saiprasad.rv947@example.com,5559330649,2024-07-16
"AFK6D62HRZSHP5W3DE5QGYUYJQEA,AEG62TH65UKTMBXY5MS2T7JD3YLA,AFE3JGTSN4WFROSWXKY5BS2E77CA,AF4O3IAKZFWV4LN6IOTADZX7OCLA,AHPA3OCFQE5RUJGCDKC535BV6YGQ,AG2AYRDUZHKLWJ3J2OL2K2UTOQUQ,AG3B6XNLKK4GGFYPW4JEYBG577CQ,AGPQHMB6XWAURLOJA57DPCU4HQ7A","alok tripathi,Ashish Thakur,Yash Gupta,Arun Sharma,Zoeena D.,Naveen Sharma,Dr. Kakati,DC TIWARI",alok.tripathi.ashish.thakur.yash.gupta.a948@example.com,5555513920,2023-11-02
"AFQAXRM4XEA72PNIMWCW2F53ISWA,AE5VPGHORHY2ZU5RW6B3AEL4CFJQ,AGHHTIPESD2S56DORYF5DK7VWAVA,AGNUZ45QI5DHUL6EFTEDFWHH5TSA,AF265F7UPZDF6O6JA5OZNC4BMURQ,AH7ATUCWGGF2CFH6O2B6JAZLH3RA,AEIRF32A5JCOXLBOHRARCTNE6KPQ,AGOOI3OO3V3Q6GB74PMJ7HCTB2FA","Subanathan,Vaibhav.Vichare,Naveen Kumar,Prosanta Das,Sudarshan Singh Rawat,Periyasamy,Raju,Prashanth Gangula",subanathan.vaibhav.vichare.naveen.kumar.949@example.com,5551279488,2024-04-29
"AHBB6UBYHJ5FH2BUFQ2BCXHWQFJQ,AH2UMMYPAYXHX6PU4LADMKJEC6JA,AGCAHYB2PF6PZ6ADYFBM4IUMHEWA,AF6YTIKZWCOBJ5AI5DKRWFCSJWTQ,AF6PBVLOWTG4JSSUS3O2ADTEU2PA,AGKY5D26F5Z4S4EY7Q2FG7M4QRMQ,AEM3TDYU6QQQOU6MOR2LYJQMYOSA,AH7MUE7NGNKQPXN6GNFGRKRYBETQ","Adwait Kulkarni,Divya Singh,The Best Bike,Deepak Suryavanshi,Sonu kholiya,Likhitha,Mukesh Sharma,Maddy",adwait.kulkarni.divya.singh.the.best.bik950@example.com,5553293339,2024-03-09
"AG6N6OO4GIHAHRVNERRTV3FJA2BQ,AGUT3AOM4QV4CVXBGHHRMGYHB2IQ,AEQM4DMINJG5GCYEMHZBJESHCUYQ,AFOMBT36JVCMN5RXXPMIO23GE7QQ,AEQRYFSSX35ZFP64C2CHBDYS7WMA,AEKYBUI6YRXCCRTV4YZ3WJYPVRDQ,AHZGHAB5A4VIMHKF2QTICSYPMJHA,AEKJ4CW4KMMDYM2WT5PLCNTRBS4A","manian,surjeet,ANUPAM BHASIN,Capt Milind Kumar,SwordFish,kunal lalit kaistha,Vinay,Razat",manian.surjeet.anupam.bhasin.capt.milind951@example.com,5555980159,2024-03-01
"AGP5YURZQ6W2GKYILORIGKB3NDUQ,AEPAZYTLJQKDOZBSNB35SQF6CMUQ,AHDSX7NV3NZQB2NZ4RLIOBKUOMYQ,AEDL37BWW4MEOIJFCGUXHFUQRXGQ,AFJN6RLNPLI6R42GH7IMYMMOXGMA,AERJQGP7X4KVPD26I4WOZDDP23KQ","Dinesh,Rajesh Thakur,Kiran chaudhary,Shyam Kotecha,bhupender,Evangeline Lydia",dinesh.rajesh.thakur.kiran.chaudhary.shy952@example.com,5558637156,2024-01-27
"AGMHHTX7GPWHZAUTEYQOFEEDFMDQ,AEJJGJQCIEPL3ZBNULVUVLVKOYXQ,AE4OWRO7RHZKT3HIJCC6NFJLVADQ,AFNKAJQG5UVDCWBGEMKQPVUCML5A,AFPC2CK5YPZDPLO3ETPC5XMMYIGQ,AGYWGDEV2VA2GXFIOTTX545DCUMQ","123MovieTime,Ravneet S.,Akash,Mohd Amaan,Pankaj,Sajan",123movietime.ravneet.s.akash.mohd.amaan.953@example.com,5552922779,2023-11-08
"AH2AVPUOI6A3TMI5OK6YM4II7HXA,AFY65T5MLGBO4CIMHS2HQASXETHA,AGJ2H3TVS44UM24XPHEXER4AGBLQ,AG7TH75OM43KHSIXXCFBZF63MNAQ,AFQJOOGXRMN263F22QY4LZYCWALA,AGQXUBN7LJR2F4IMZYO6PGOAG3DQ,AHGOLGDHHDPHLQIXJCEWKUMBERUQ,AH2UU7LYVU4G6TLQCQZTE23V72DQ","Trusted User,Pardeep singh,Captain Retail,SIDDHARTHA GOEL,Basa SD,Srini,C R PRABU,Karthikeyan N",trusted.user.pardeep.singh.captain.retai954@example.com,5559374534,2024-07-29
"AGQB7NBV5YVA7UFL3TOP7HJ4YOWQ,AEMY4YVWA4HB2I27COY3GVPMIRRA,AGUNZGNJXOCN7LM2OWJY7ZH4EFHQ,AECLAPFHLKPUROW3OP3WUZDWVWIA,AGPSBG5VYA7MJYXUPP4KWCOGVUKA,AE532GAPNMVN65KBRQWSO2D7ALPA,AEWHTLRKEL4VW5AER3AN5FWUWOAQ,AE3USSWYJX32PTYGSCYTNTRCRTQQ","Axis Web Art Private Limited,Lily Shaw,madhab,NCR,Ganesh,Deb,Mona,Naveen",axis.web.art.private.limited.lily.shaw.m955@example.com,5552428480,2023-04-14
"AG6AS2KLLZMPPPEKF5RIJXTMA4FA,AEW6BC4YLRYKI5OZGG2TFQSVNPCQ,AGJHYTYSBPEBX6DRHFDVKOPUG3RQ,AHDOOBJBPVJQCWTNVD4L5VIQBBWA,AGXWSSAGJWT437I6SEHW2DBHPAUQ,AHP75RDBGYFPLYD5NVTHZMNJUOAQ,AFBWWOUHEYFHDWJOE42DN5YWO2MQ,AHHRYTCXJYJCRHFUK2EPOG7I3CHQ","shammi,Rippy Mittal,Kabeer,Kush,Vani Prabha,neha,Reena Chahar,Rameshwar",shammi.rippy.mittal.kabeer.kush.vani.pra956@example.com,5552918518,2024-12-31
"AECYTJD5MC5XGEX75UZY6T64WX5A,AH2XKE5NKEOBKOJRDJIPNYQRLCTQ,AEWVKFD6YXNBTHT7Q7CPKAPC4MKA,AGGDIBNZQHVRAJZXVXAHKBV2Y4RQ,AELBP2ICNLTZNQ7LRFSLDTGXC2IQ,AFGCWE3XJSFV3SHN5EU2N5VXWAZA,AH44PHVDPA7E2JJWAMVD7ZRPUFEQ,AFVYZFTM3SUEGYESW55OJNGUAJVA","Durgaprasad g.,S K Hazra,Niraj k.,Sapan,Amazon Customer,ulavappa s asundi,Hitesh Nayak,Lakshmi S",durgaprasad.g.s.k.hazra.niraj.k.sapan.am957@example.com,5557309389,2023-03-14
"AH4ZZLZF5JO74MJ3E6WURPHAOKVA,AE4IRBIAL6D4FWUJDI7G3TDMZEZQ,AESVEGOP7LNFGOWRU36WVYYSKKKA,AH2S7L7OVGU76T5ASFGR72DKZI4A,AFR7VQD5YGYX2A73CJ46ZKRNAKBA,AE5TFI4AZKIO5BARSWZQCPMUQMTA,AGEQFLTLLFRSOOMQH4DGWAPT4YWA,AE5ZOLUY3TPAUBD2KP2BEG2KKC7Q","Gajendra Kumar sharma,Gagan,Lavi,Priyesh,Suketu Bhatt,Krish,varsha pandey,PRABHAKAR DESAI",gajendra.kumar.sharma.gagan.lavi.priyesh958@example.com,5557192395,2024-08-02
"AH6MHH7KNPHZPN7D5YSSWDQITIMQ,AGLWXRPJ6PGDPIN7URZP2525SAHQ,AHFGSNUXSEGQ4CW3BIGW2ZPZUC4Q,AFAGO45Q2ZA4UJ3XXHEWFROOKBRQ,AFS6ULEVQVU2PN6FWRWWBKKFJCLA,AGDMSEPDHPK3IT7Q737N6Y233LVQ,AGRGLAA6BU4VXMEYJWIDRM5WLNMQ,AEODRIKLIM5JTCDNMGSLTRSZFNVA","Dev Shah,Amazon Customer,nidhi sharma,Amazon Customer,Kushal,I wish i was,Ranjeet S.,Amazon Customer",dev.shah.amazon.customer.nidhi.sharma.am959@example.com,5557150443,2024-06-07
"AH3B5DMNZY5TWDFIRV76LBCK7BOA,AG2CU4JHAZYEWQCC7KV4KBLYDT4Q,AHT2V4MYATE6F4S62WMMNUAFTA6A,AHJU5CZJ7KQTPDEKA2URK6YC573A,AHVIOH2Z7CKWOZFK6ILKPPWOAUEQ,AFXJHAXEGOGYVUKP4HIERLJCGSRQ,AEATMWNUKI5O67DEVGKUJBZDATIA,AEJVMKYFUBDOVBR6ZEUPKQMWCV2Q","Virjesh,Manish Soni,MUKESH THAKUR,Abhijit Walvatkar,Indrajeet Chauhan,Ashok Abraham,Anushruti,Sravya",virjesh.manish.soni.mukesh.thakur.abhiji960@example.com,5558550908,2024-09-03
"AFM3U2B3HNE4E5JV4Z6K7WD3LRUQ,AGQAYI2H5TL53UE55XVUIDAMSGLA,AE42BCXRYURRUEFT4LVAFCIOCDDA,AGIRPVIAHKBO5TNOXFX6RU5NFBUA,AEQUMN77VINPOKTGOIRX6PREJSNQ,AFWNCMMSDZDDVHVBKKDK4ZK4HILA,AHCXXOQVLFSHJOIKXMOHUSZJSDOQ,AGWU3MU6IYK77TJSYT5UIOD2IC3A","SATENDRA SAINI,AKSHAY KHOWAL,Daksh,amar,Veera,Nand Kishore Sharma,Tanvir,Rajesh Kumar",satendra.saini.akshay.khowal.daksh.amar.961@example.com,5553426464,2023-07-23
"AE5DRZFQN56UNHWLA6RSKDLDXU3Q,AH7G7F5V6NZQTXGNBULKUK4X6UXQ,AEYISFG3PXSZTUJS67PADHKW55NQ,AFT2SBIE45E3P46X2VFYXXR7JTDA,AETRLDW2AUAQJPHLEUIYFEZBBU5Q,AGOXIKCKLMADHJXOXLKL2XKPA3BA,AHTDOMYCLQT2RTXY3HVZBMCDCI5A,AEUMGPKAO6GBV56NJMU4XM5S76EQ","Amazon Customer,Ishtiyaq Ahamd,Roy Tom,THANGAVELU,Gopinath Behera,Souravv Garnaik,NC Mistry,MOHAMMAD I.",amazon.customer.ishtiyaq.ahamd.roy.tom.t962@example.com,5553955752,2023-02-08
"AGCIDEDP2GEN4VHVU6CCSRL6RF6A,AEON6RS4RYLAMFJWOQSJWDJBIQMA,AFWWYJNRHXQTUZFSW3YGSFNG7AHA,AFPPBTAXYWSCAUMZ7HHCFMF4PHFA,AGOI7ZK5ZIOWDYNLON5YENWZNQDA,AHLUGCZZZXHB67SYPOESH2HT4J3A,AEAZGAS5S5WBPYJUXAAJLS6HILEA,AEXK5CI44U7BRRUHLFNCWA5DIZGQ","Syed sarfarazuddin,Chetanya Arora,Taniya Baidya,priyanka jaisal,Gagan,Govind Tyagi,Rahul,Manju Sharma",syed.sarfarazuddin.chetanya.arora.taniya963@example.com,5557890426,2024-01-20
"AGJPGWOXW4667QJXNDCLUWWVZTBA,AE2MJ6XVIE6OPT647IMTCCL234MA,AETN24LLRWGF5EUGDS4FWN4E7REQ,AH7J22T7AJRXCFHZF7RUDX63Y45A,AHLIRBDDRJKUSNTL66OD3252EYZQ,AHGKNJU3CXZ5GCOAJA7JCXNZ5RCA,AEUDZWXMXFOP2BI5WVK4S524LYKQ,AGQTOEYC5PUD7R5RGXHRNFQ3BFMQ","Prasad Kulasekar,Griswold,Balasubramanyam,Akshay,Amazon Customer,Anup,Shekhar,Baldev Dudani",prasad.kulasekar.griswold.balasubramanya964@example.com,5558502737,2023-06-20
"AHAAD3NPHK6M6MFXLOIIVQSQQBGA,AF3VI65IPCL746N6XDAW4FYVH7CA,AGG2SNNR26KGUIFF6ZH32A3WZ2AQ,AEOHEAX7CMT7YK37DNAOQVUAZZ6A,AHEBE2B3ZMN7PAIBT73AZT4IS32A,AFE5CGE2HOEQLDT4X763Y7SR2OCA,AHXWSKIC3GD2ZFTM5JW7ANXAVSIA,AHUQZSYH2QVXKCFOFZAEQ5XOJTVA","Vysh,Suryakanth raju,VP,Ashi,Amazon Customer,Nishu bharti,Aish,Sarita Verma",vysh.suryakanth.raju.vp.ashi.amazon.cust965@example.com,5555417177,2023-05-08
"AFCPQ5WS6XHYA7PKRTOCC7TRJWHA,AF7NY3RD3X3ZTH7D5TZ74YPNJW4Q,AFLBPRZRXYFOHOTCHPTFLPZCQOWQ,AESL35HFDQN4QCKVN7DNGPTWU5XA,AGCKE42DFD6N3V5WX7A7XYTQ7Z2Q,AFNDA4W6XZFIIS5RLQWV27EYZIQA,AGOIFSKTNQK2PNBLRMNUWFSKXNEQ,AFQOJDCRZINCCHXU37K6DCIB6SYQ","Gopal Krishan,mubarak,Don Quixote,Aman Agarwal,gopalbhaduri,Neetesh Singh,RAJDEEP R.,k ramesh",gopal.krishan.mubarak.don.quixote.aman.a966@example.com,5555139002,2023-11-03
"AFM4A33L64TPLILW4OHTSKRZR3NQ,AH6NEABVASSTXS6RPML55O5X2L3Q,AEIPEUCNAW5ORUCK4KND5X5I3DUQ","Amit Sood,Tarun Mohan,Shravani Raj",amit.sood.tarun.mohan.shravani.raj967@example.com,5559929734,2023-01-30
"AEZPN2FXQGKONKQKDSREETOWTLGQ,AGHXXH2FWY3YF4MB2EKX6RFLFBUQ,AHNMAYXQ64DDKZWPIIHOFX7UM7YA,AG6QCT5IZMD5I4TMLCLTKM3LQU6A,AFIQ2NB5ZBTPFZ5JYIRHDLJGBQKQ,AFTCFSIJBGKG45IQBJ4Q6WUUYGRA,AGLB4RAINP47QIOGR6K3BVGB6PVQ,AGIMXHQLEPJG6FIWJMBJLC7MVK3Q","Q,VINU R.,Biswajit Choudhury,Nishi b.,Dr Kushal Mital,P Yadav,Kindle Customer,Umashankar",q.vinu.r.biswajit.choudhury.nishi.b.dr.k968@example.com,5551716860,2024-08-13
"AHUR3WRNQOQ44GWIBTXRYLF6UTAA,AHW46KPBJ44BLDZYQTJH7QTN6FSQ,AEMR6MDZJREXTMBCB47HWPCXCW6Q,AHHLBBLNGWZWIX23N4AQKFS6XXAA,AFOBDH2OA23THZ46QVAYYN7IGF6Q,AHAGHWROWNW4HLHX42ZR5R6KWG5Q,AE3TDTXNYRURNBEATXHSUB52QUQA,AH6TJ2BWPQEIN7ZGCY7AC34W7EZA","Sri,Abhijith Prasanna,Sandeep,Amazon Customer,Amazon Customer,Tanvi,deepa,Tina suman",sri.abhijith.prasanna.sandeep.amazon.cus969@example.com,5559560350,2023-05-12
"AE5CXOIK2XJRKPRSKOXHICJHG3UQ,AEMURPMQFSRYZ5R7IKBPIGUEES2A,AHIV6ODNO4FNGOPKPP3HBN5O5X4Q,AGUOJUMISWCWPU7XMVMFQJKZ6OKA,AEXWFPDY7TBIL3CFRZO5BEHA76IA,AGR33RA3JZDOYDL7SJBWTHYKLZHA,AGKBZLURQIRK76CSDFFRHIZSUXOA,AHPJA5BHHKC6VNMIPWMB3R66LXGA","Rachna,KAILASH MANDAL,Jasmeen Syan,Amazon Customer,PERIASAMY,Balamurugan,Vipul Mori,Durga",rachna.kailash.mandal.jasmeen.syan.amazo970@example.com,5559054343,2024-11-05
"AGV6QTOYJLPJ64XHY7VR6NKFKHVA,AGBJOIF64YPNCYBN3MWABUMRS46Q,AG3RH7VYVL25QFOCSWTZLBLZIV2A,AGPNW3GNPQBPFFAZ5BREYIKQNFOQ,AG5G7QG722YPXMDLWSEQUVDKDXXQ,AFRXET3VPG5BJ5RK7GV7BNWOG5AQ,AGF4WOJV2GZTQSBHWSMDHUABDSIQ,AH5EDRMYEIINDSSSX37FROCR4NNA","S K THAKUR,Sritee Bharti,Mounika k,Kannan itz_sk,Shaikh Nadeem,Raviyathul basariya,Lathabaskaran,Reshma",s.k.thakur.sritee.bharti.mounika.k.kanna971@example.com,5555152748,2023-04-18
"AFXYPYAOFDHWH4CXSBUVX2XXIOSA,AETDHNM3DCXJJ6K4AFAEHZQAVG2A,AGMOIWMV5LM33PKZWDSGNS5EZ6ZA,AG5FGOJE6CG3FHJTE2PNPHOGUJHA,AFUCLN7AM6VIDFUUQXMEYHHMJOTQ,AGHLLRQQL3VKZBE426YJLNV5UBDQ,AHPLUXRCABZUIN7AYXOQFSSBBYAQ,AFDJPDX5JZEXUIAHIPEIVN2QYMQQ","Nadeem,Viral,ankit agarwal,Amazon Customer,Vimala Vishwanath,Azra,Fouzia Kalim,SAMRAT KAR BHOWMIK",nadeem.viral.ankit.agarwal.amazon.custom972@example.com,5557716698,2024-06-01
"AHRDA66XO63XYCBZJMW4EUJN3BFQ,AELE2SOO7LBNHXU7UK5F7TGQHA6Q,AHAVCLRCPYO2MFYPTURF33N7XH5A,AE762UDUDQPW4R4QHHTIL7TPTJUA,AEGZSJIUSKF2EKIKGLNKY2CU6WXA","Manya,Been,Podili Parasuram,Rejoy Jacob,Priya",manya.been.podili.parasuram.rejoy.jacob.973@example.com,5553440960,2024-03-16
"AHKRBVYCV4TUHOZIMGK4H55YGMFQ,AEDCUCVJEJKQWJPNYA4E5HMQ37TA,AGLUCMLVY27OWWYXIGYS2ANHQCTA,AEVH7CTRMGVDXTUSLCLNTRQHHIPQ,AEYMUCM7BPOU5UZ3M4KXIDZUZHHA,AEMIUWQVFEJISDZFQXUQCKHDZMRQ,AFAYV3BQLC3AXIEDILXRGIRHZWGA,AHMQOU4PLYHFMMN2PFQ27U5F6ABA","Nadia,Narinder Kumar,Rakesh Prasad Sah,Manidhar Sambhanu,Pankaj Pal,A,Ravi verma,Vineet Kumar Agarwal",nadia.narinder.kumar.rakesh.prasad.sah.m974@example.com,5555463402,2023-02-11
"AE5TYL3HV3PPD3BRG5C5HJO6Z2SA,AEEBGA5NPM4BZ2UVJYRWPZVHZTVA,AHCRBWWNGNOH5TPA67UMTUK7CSTQ,AELCFPVIRUQFTZXUH25AE3VI3EPQ,AFJYBPSS4S2VWIFDX3BWJQJ7OFNQ,AG72XDX4CZHFNILZCIKRN4AMP2DA,AG7OKZNOYUX3PEFWYNO3WLKVH6MA,AFVP7U6OD4IODWNS7TFARV6HS6DA","Sharfuddin Baba Mohammed,Rohit khuswaha,Mansi shelar,Anish Prasad,Backpack Nirvana,Nitin,Rajeev,Sajiedhi Bamon",sharfuddin.baba.mohammed.rohit.khuswaha.975@example.com,5553186863,2024-02-26
"AHGP46O5MO2FPEVAHZM6A7EZHAEA,AHEO6VCLJ4UDPSPS4TVOXU6I53RA,AH4EIYQSOUXMOZRLMOJQ2K2RUUXQ,AETKWJBAYZHLXKZO5UIVI3SZSLGA,AH25XUAOUMID775S3CGKTD4RMSRA,AFSZFJZYUT57KMK4OOFADUGFLKSQ,AHNNVMOSRRVE4357H7KC2YFDZCYQ,AGI6274XD65IINWKDRM324KZ3ZSQ","XYZ,Bhanu,Lalitha,Alex Christopher,Jeet,Wendy,Dkthr3,Vidya Bhandary",xyz.bhanu.lalitha.alex.christopher.jeet.976@example.com,5554326891,2024-02-26
"AG22QSZIES6VEC3IVAGKQD4N7WHA,AHFGWOU2ANAHIK6VUKI267DZO5PQ,AE7JCA7MTQHV6XTNF2NQFH5DG6KQ,AHKW2FPVJKYDYZOTMPDW4CIXUHLA","Jagdeep,imtiaz dhalech,Simple Person,Neha Naik",jagdeep.imtiaz.dhalech.simple.person.neh977@example.com,5554301784,2023-09-05
"AF4PTAVL6VZB5QTMNHLKUQ3LMZLA,AGI4BM5ZRGDD4KB3QH72FI37ZKRA,AE26ZTVZB6CB4VML6JSTYTL2QG6A,AGLRTBQ52OBASLMH3FAS7DJDB5TQ,AHKTDBCHIOLSIJYHGICL222OLCCQ,AHQ6EYMJ7JXCKR4O6EDJ7P7FW77Q,AG6ARD7AF2XBUTKPW35SH7ACMJOA,AHP7P3UVBYKC36AWMWNY6V7UTIQQ","Aliahmed Khan,Pankaj Tiwari,Placeholder,Tanmoy,Sumayya Shireen,Lovi Swu,Santosh,Deep raj",aliahmed.khan.pankaj.tiwari.placeholder.978@example.com,5557917042,2023-11-12
"AF2CSPPKO2SSBDRBRGHC45BWIELQ,AGW4JUROHW7KRFM5ZCC2JNH4PAXA,AEW6W7DN3VIG44QTVU52ZBJOFH7A,AFU5NZ6LAHLUZ5OGIDR42FCDQAGA,AEYJ3DHU5M5R322RG6PCYUWWCXDA,AG4FCICECZZK5SGKS5PG2PLFSVPA,AEPQQCHQYPREFBONFIWGNSURTKCA,AGKQOL5HGTYAK4XZZA45NTA2UZQA","devadas,Dharmesh Soneta,Raghu HS,Buyer,Ankita,Lalit b.,shafeek,P Gourav Kumar Patro",devadas.dharmesh.soneta.raghu.hs.buyer.a979@example.com,5558817719,2023-03-14
"AF7QK5FHWPIIYYCVERDUJEZYTSXQ,AERRAASKR2QOMQ2YNIKRDQHAQGMQ,AH5S5HEUKPD2ZLHBH5XQFJRLLRCA,AHB4T3IC5YTSPMCDPFBABXVV34HA,AFR42H36VEYD3J2M5QXO2MV5B4KQ,AHKTL6AK4OY3ENQXT4IEV7SBIJ6A,AESQ6MV2NLTB3NJ73LIP763MMOCQ,AEAKZZZKAZKLEAAUUXG7QOL3XCQQ","Angel👼,Neha Faizee,Amazon Customer,vipin v.,Kanwal Jit Singh,Alpa Dwivedi,suman sarkar,Virendra Kumar Dube",angel.neha.faizee.amazon.customer.vipin.980@example.com,5557425636,2023-07-01
"AHXNEJ47QV434CJ2CITRIYTIZFDQ,AHT3RLKKTOW7PESASK7CIHLSVNQQ,AHHUO6DFK2PMMQW22NZIN5A5YSYA,AERLNQYOTBYWZCP7AR3TNWATIFHQ,AGWXF7WOR6H5UC3A5PLXE3FXJQEA,AHXKOJKX2Y62E42WWVLND5YDZARA,AH6OEO7KA4AJEWCVSRGJAP6CGANQ,AGNMKLX5ADDTNPRKL77V54XNL5NQ","Kavya jain,Divya,Anushree,User,rahul raghav,Raj,Abhijit E.,Revs",kavya.jain.divya.anushree.user.rahul.rag981@example.com,5557252456,2023-09-06
"AEBZ2HAXFK35IM72RWPADC7VH3EA,AFYJKU3CYIDTCWXSROBNCJYVGDVA,AEJY6YKEUDBOG6TW6F47ZHY4SRPA,AHOOFKHRAB2AOMAVEHT36C2N2ULA,AERTQHHQOMTDNYMD22NPY3GBBM4A,AEYA5Z6OAFIGPU5MHDGOJRJFWIBA,AEPVJ654JP5LWKT3REYOYCIROB3Q,AFLE4CBGWA423HZGZY3AYGMCR2AQ","M L.,SIVAKUMAR,Sriram,Kalpana singh,Shaikh Noorulain,Divya Seshan,Nikunj Mehta,Padmanabha Lingaiah",m.l.sivakumar.sriram.kalpana.singh.shaik982@example.com,5551563384,2024-11-20
"AGYUFQB6WUOMBYRLWNULRLC4GQ3A,AGREWD4V5XIIO7ZZSLOOF5PPW4RA,AEDTSPMMJN5UL33AYZXSBOVGMRLA,AECEPMMYOPFBE6SIVWQUSUHHAC2Q,AHO4TPXF2JLVKWJRV2IDP3OD3D6Q,AFWU3N2B6R66Q23QYZUC527E2BBA,AFEF4DGU3HTWTOL5DUN2XDYHMCVQ,AHVMXVNSDIZJWJFWWFU5EXRN77SQ","ajaydreamer,Tinu Ravi Abraham,niteesh,Niraj Agrawal,Gopi,Sammy,Anshul,Amazon customer",ajaydreamer.tinu.ravi.abraham.niteesh.ni983@example.com,5553626134,2023-06-02
"AFZESR4UNHIMTL2SQMFA3FJYKHAQ,AF2KW5BVHOC5TMH3ZBVCRSG4CCBA,AH5A5LHF3QDSOP2C5YV5RI5SFY7Q,AFJUTJ2OOOMAALQVWF4NJHMWWTLA,AFBO7V4C5TDYJ4VCEZTNK3JUAL4A,AFEUD4GVTU2JV2PXCSYQE34CM6FQ,AHFCHZTGIW3H765BOG5UQ4CS5B6Q,AGD3DH2YTXYUU3D2AHBH2FOW5BDQ","Renu,matthew thomas,Chandrakanth Ksheersagar,Amazon Customer,Unnikrishnan Pillai,shreyoshi halder,Vijeta,Amit Mukhedkar",renu.matthew.thomas.chandrakanth.ksheers984@example.com,5559557828,2023-08-07
"AGT6US6YWB52FSW73Z6GUN4YKLMA,AHNK645M7U3NYPVYHTVX7LVQAVLA,AGNLKKB5BQFDZ2VIJJFRUROTMQMA,AFNV7NMTHTVCQTNUZEDQVTJEXU2Q,AFPXQFK4SWJN6QWFRHOJ6DWMEVVA,AHPQHJVDA6JHFNRN7OBYTBTJXBYQ,AERYOOEJHPM6LGMKD2LIKMGODTHQ,AEWJA5C73VCGFR4HX5TOUINZ425Q","Vaibhav G.,Archana A.,Tech & IoT savvy,SM Hussain,Varinder Singh,Amazon Customer,Ayushi Jain Bansal,NIKHIL H SWADAS",vaibhav.g.archana.a.tech.iot.savvy.sm.hu985@example.com,5553626541,2024-02-27
"AGB3FQ7523INWDNY3MAHJWA5ZGIQ,AFOLHTLOEWQQPINOVOOJ4LKDV2WQ,AEUF4QR7MJKENC3HLTNYAFOHZKXA,AHMB26HGLHBPKSOH3OUNWCBIQCFQ,AFSLUKKF3K7FMWODWA6LZ2ZVTWWA,AF7GR2MYNSFD4CNYGBK3FANOGQ5A,AF3WQWGNYVESH32NWB4I25WPG3SA,AFWXZ2W37J27GZLU6RBZZRVJYQ3Q","MANEESH Jaggari,Vishal dhan,K. Chandrababu,md javeed,Suyash phapale,amit garg,Kiran Nelakuditi,Rajasekaran",maneesh.jaggari.vishal.dhan.k.chandrabab986@example.com,5554448453,2023-06-20
"AHFILHSL3P3VABTMFUYKAWTNUWVQ,AHLGS6FCOG5AUP23U6ZJRXES7DCQ,AF5LVMOSEJ52KWFQDNEI2XXPAMJA,AHCJSKRROLBCRT5CA6NDKVJMWSOA,AGDRSRFFX2RVEHUZJXQTXGRZ3NWQ,AHMLLF7BJZGHT4BUAPH6OBOSQNEQ,AETGK22TGIAO4WZO4G3NPOBRLXCQ,AF3WRE2HEDELD4RT5IV3W3OUIAPA","shiny,Placeholder,Karunakar,Veena rastogi,Chetan Lad,E v krishana reddy,Amazon Customer,Nishant R.",shiny.placeholder.karunakar.veena.rastog987@example.com,5555400700,2023-10-06
"AFEJIT5UQ3HEOL3DZC6L6KYRV3DQ,AH2J64YFD3HW5OV56YJNQLBQ7XIA,AEPVJN4BS557OWQY7AGNBVHR2H4Q,AEPI6CAH4T4LF32FXJI33XSGKVXQ,AHOVCDT2KUT7CNKNFGBXKUMKXRWQ,AEGORIFOSXK3ZKHWQYU6C7D5XKRA,AFHCZWXABRKQE6YBEDF2G5OEYQXQ,AGWLDQYVEJM4TCX2OZILNDABY7UA","Customer,Krishnendu halder,product user,Seena Geetha,veerendra sahu,Ajeet singh,Philip Alat,Ranvir Singh",customer.krishnendu.halder.product.user.988@example.com,5558759044,2024-12-17
"AEUGPJCYVDS74WR3B5AAHYQ67XMA,AEPH3KDGWVA4YF2X5H4KC3MMK67Q,AHF7EJSIX2PYEQKA4EF3OLMPI6SQ,AEJ63C77IP6XR6EZNHFYI7KN6BCA,AGY6MPTJJNB3OV4PE3HOOYXG6IXQ,AE7JD7KIAYTAFPP35NQ7YUJF2GNA,AFXKLQI6SM4PUEQO7CJQ3G53PKOQ,AFI4YEGCYKF6Y5UN3GHY2AKCQYHQ","ABC user,Abhishek Kumar,Rajasekar K,Anil .P,NEEL SARSIJ,Akash pundir,Suman Jana,Saurabh kumar",abc.user.abhishek.kumar.rajasekar.k.anil989@example.com,5556471577,2023-01-19
"AEFYJ3VKDQDLXLOEH7TKQUXIT7HA,AFLARMOT32PZ5FPIILELCOKTTCWQ,AERLEJIKGVDMADHIHSA4DVMEJUGQ,AEDK7NNC32QPIBYSPK3J4OFILH4Q,AF4NZ4IE7EJVM3TNU3EWWNTVVPTA,AEOSZOOLVIL7K74EVIMKO7G6FG2A,AF4O4LUZMCTMSSHA7Q7DJNUIFZZA,AE7H55TQ6WG5UBHJXDIJXAZJKCIA","Manish Holla,SuperPlayer117,Sudeepmirza,Amba vasantha lashmi,Swati,Damaitre,Amazon Customer,Amazon Customer",manish.holla.superplayer117.sudeepmirza.990@example.com,5556431220,2024-12-30
"AFIVMIYDHVSWUJ77XS632R7TSN6A,AE5PSEM6HJVUV5QNHJVA7RRSLNVA,AHNWJSDCHTTUYK5WOJBU2YKTR3IA,AEKDDCDBJEPCINQLCPOG33CGEZ6A,AGMYHDB65TQJ72JNLCDSU7RTYDFQ,AGYELK56Z7JKZAKVNPGUEI4TGRUQ,AG5CGZYQFXZAC3I63JBZ3K424DRQ,AHNWVF7BXDF76ZZFCIHJ4WW4CWDA","Lachhu Tejwani,Suaeb ansari,Aditya Upadhyay,kartar singh,Jameel Ansari,yaeo verma,Alice dsouza,pooja bhilare",lachhu.tejwani.suaeb.ansari.aditya.upadh991@example.com,5559292309,2024-04-15
"AG23E67LYRJ6Y26AIHNKS6ES4OXQ,AFT6TQLA4GD3L4RAOWFVDAH3IFTA,AEYH6IVYMLPHU62VNOKKM2KTOIIA,AE42ERTVDMJOMKKWUM2TY7O2SPHQ,AGL54U42PQROPV23ORMEIR6HZNQQ,AELYVI5NYV4RAW3MAGJ3P2GX6MLA,AER5GTDM6DHXOUD4KBSKYYYWX6AQ,AGSJPBY7DN7SSADF42CAXHTGNKWA","Rahul chauhan,Satyam Singh,Kiran K.,Arun,Ram E Singh,noorudheen,Raghuram Venkatesan,suhel basha",rahul.chauhan.satyam.singh.kiran.k.arun.992@example.com,5557390902,2023-05-20
"AFSG325V4OVLV4CZQO3Q4OIHYNAA,AEFIFPUVWYO3I3N2P2WD7XLI6MXA,AGZA77NZOFDILVEQM2OA4JCW6YAQ,AEZNI2AOOQKK3JT2BBLMNAPNYJCQ,AG3XIMGKJUIAVY5V3MVT5EQU6W6A,AHKW7DHRIBCVNG35XNH6SEJWI5EA,AHAWKE7CIEPMX6PGO6LF6UNT776Q,AGSA2QU7S2ACENHUDHPQBHRZTIHQ","Chesin Cherian,sheela k.,siddharth,Manish Yadav,michel raj,Mnp,Dhruba Bakshi,Raghvi",chesin.cherian.sheela.k.siddharth.manish993@example.com,5554702520,2023-11-08
"AHTJVOG52ZROVUFB64P2TTWIUCYQ,AFWZ75RYXU4BLWIZOEUMOWBSAPXA,AHACIF5SS4LL76SN3DNBDFNZQSHQ,AH2E7TXMON44B7YYHRAHWJ6HYFPQ,AG4Q3J2BSPCZD6YPMZ5FFE5A623A,AH37YFHELE7WDG7Z4C4HQWFY6DTQ,AFKYOQD6A4YUIYNDYWHM27QXER2Q,AE27QPJRG7545VJX7LYRK2EO3I4Q","Yogesh,Ashok,raja,Debabrata Das,Pushkar Gade,Shaheed,charafoudine,Gopal Samanta",yogesh.ashok.raja.debabrata.das.pushkar.994@example.com,5552486743,2024-09-20
"AGHNV56OVDCREEB45JCJLBST7XDA,AFZSMXS2MILXOSTT2ZEJDE3W7TLQ,AFVD6HB7DZDVOBDGJOB5OD5HRJFQ,AGGWFEEYQILYSQ7RS7GPJSTUWU7A,AEAS3VMYYUY4TJIVXZRHM6G6J7VA,AFGTTEXEMY2JB5T2LU3VKLX2IOMA,AEIJPU4PXM6JZM5QZSZWUPLV5I5A,AGEVYFS5HUW4XJWULHXIHHWYOQCA","Chittaranjan Gantayat,Raja Laxman,Tomichan Matheikal,Amazon Customer,Suyash gupta,C Balasubramanian,Shonjana,Anshuman Panda",chittaranjan.gantayat.raja.laxman.tomich995@example.com,5556025524,2024-07-11
"AETUVXSYNBLCDT2ZXECIXNWDVCEQ,AGNQO2QCWQX2CZT5KHHSNQVDD4OQ,AHBE5ZXUIVBQ63F4YQRPMX7RPATQ,AHBFNBEGK65M56REIXOVXEBAUBGQ,AHIFF4JR45VFWKDINQEHRJNWL3CA,AGBKPIZT2ILBXHFLJEQKBPAJEO2Q,AE3LGSXHC4DSCKB6JNXLAHV5KUZA,AHQXBLF3NC2JI5LCO7PUTYQMICJA","Rajeev M,Lakhan Singh Kushwaha,Ashish Parikh,Amit,Kalc,Joshi shrikant m,bhanu pratap Phulwaria,DB11",rajeev.m.lakhan.singh.kushwaha.ashish.pa996@example.com,5559030172,2023-04-14
"AF67LQRZS6WAY2MDTZEV7V5VKLLQ,AHCI4YNJ5ZX4GMLKZMRA5CVQPRHQ,AH2PQ7GHEBOEWANWP7BA4U6OIJGA,AHKOD27G2AIJP3DK46K55BDZELGQ,AFPQDD3DIPXU6C3Z75XBYUVWTH3Q,AEIIOCCDVYEZSGZVFZSNYZKHM6HA,AG5IEBFXQTBJ4OY2YRIDGM5T53WA,AEG3FM4NNSWVGPQKTOWSUWD5WIRQ","Reena Rodrigues.,Placeholder,Adil,Srinath P.,Gulam,Harish Thakkar,velu,Sanjeev Rawal",reena.rodrigues.placeholder.adil.srinath997@example.com,5559199136,2024-04-06
"AECK2OJ3MXCQOGMEUQOFE6NDAU5Q,AFRKDBJPRCMNG6TYZHA3WNYGCQHQ,AFMUGZSK3VORG5NDNEGPIP43M64Q,AEPIQC3KWAW7KJEW5ITDNPQRLWOA,AE343V2CIFDUDQORRTJSRI6PXNYQ,AHAPSYB734TV27VGJABANCXUCJXQ,AHZGL7KVNWGGBE7Y6SHNILECWSFA,AERJ6EV2HUDZQHWL2HOFZJYQ4GEA","Amazon Customer,James k Joseph,Shri,Devraj Nikumbh,rupali lakhera,Palash Seth,Venkatram Rao K,Dipika S.",amazon.customer.james.k.joseph.shri.devr998@example.com,5556077983,2023-07-18
"AEIDEFLG7JQYBGDO37SBXCH7B5KQ,AGWY7U4YUFFWBPLEIZ4YZWS3R6WA,AH3HXCEWLMYQAPX5RIUV3R4ULFHA,AFWDYM3RGZH3ZTQI6VVBUGPWMBWQ,AFOFO2Y527YK7Z6NVB2U2VRO5XCQ,AFR3M7QXD7ISIXY5MTYRP375RPKQ,AGTGOOPKKZKNNZTJPIXAFO7MGBUQ,AF4ZKGB6HT37NGYK4C6VZX44NTOA","asha chatri,Amazon Customer,Mahlaqa,Shashi Gupta,Pavit,Satish Kumar,Lalit Patil,indhu",asha.chatri.amazon.customer.mahlaqa.shas999@example.com,5556109964,2024-03-05
"AGXLM7AXU7V4W4OQ3VSKDHE5D3JQ,AGLJPQA3EFCU25WU7YUBUQR7EVAA,AHZNIOL2ID4R7NAEE4BOVV3TOTSQ,AEHQFXO3FHGOI47KAVTBR4CKSEGQ,AHXRHYRPN4MICARR3YECLYRGKMFQ,AFSQYEXGBU5QTKBRQV5367KAVECA,AFROPZ2OZBGFDAOSLXX3RSLV6C5Q,AFSSX5G62IXDDJPIFOQ5CEG6R4VQ","bharath,Naveen manikandan,Garima Katarya,Sadum Yeshwanth,Raynold Mathew,Namrata,Siva pidugu,Consumer",bharath.naveen.manikandan.garima.katarya1000@example.com,5556355393,2024-03-23
"AENFDXWEAU44PPUHUUVPYH77NQOA,AHESNAO7PLB2VBKKKSFAHWBEA4CA,AE4HN6JZ6ZJYA2ACUAOQIUXSP5FA,AG4ALUK7YMBO2CIH3UPELENCTIYQ,AEIONG3VGVATP3YQSMWU4PZBE3UQ,AGOAPHGD2KXRK3K6SX7ZP3BFF2DA,AH2EUYDH6AHKHEJJLXBYOEWMVDUQ,AGY6ULRZMVHPJJPB2HEISF6GHD4Q","Khush,Vivek Chengappa Kodira,Chenna Rao,NAZIA AHMED,Sankar N,Cma,SANJAY M.,Sandeep Yadav",khush.vivek.chengappa.kodira.chenna.rao.1001@example.com,5558149465,2024-10-12
"AGZRM2RWS4THP5KLEQGH6NRPQTDA,AGP6HZ22S4GEDJXBDIPCABFZKPZQ,AGJWCWD4TCORDXCAWBAEDB5U7RAQ,AFNSWAGDMRM6X72NFEMXXYC7LJQA,AETK27O6JGFTV6NL5CEBS2ZFWP6A,AE5MYFZ4IHAZY7EEV6IIXV7RPLTQ,AGIWVZOMLAEWR65TNHRDLWKLL4OA,AGBI6JFU3QTM476FG362LU6SH3IA","Lokesh Shukla,Srini D,Hari Prasad Reddy,Gajendra,Balbir Singh,Arnab Samanta,Dulam Harish goud,Priy Ranjan",lokesh.shukla.srini.d.hari.prasad.reddy.1002@example.com,5557940362,2024-01-29
"AHEE4KV3RGGHWUXGCNXJ4DMKM53A,AGEUYT4DWSJF64CD5VCFHPX2VMGQ,AEBHZXZIBEHNBKLIAYNXWBMDX2ZA,AEFDNKBBMU2WUSR5PXNGKH3RVGZQ,AG5M6CPA43SQPDBTR6UHVIPTRFIQ,AHREJM66P5NGBJ3674WM56ZTHF2A,AE2CMOCWNJRTN53KESNTBUNXV37A,AEDNFIJI2HDWTA4SZPMOVNEHPKOA","ANILKUMAR,Sudeep Jain,siri srujana,Dipankar Paul,Anshula @thebookishlawyer,Amrit Kaur,Mini,shaila",anilkumar.sudeep.jain.siri.srujana.dipan1003@example.com,5554321341,2023-10-11
"AEJS5FT3PUYMZ27UQBFICD2YXDQA,AFFHWVYKVSRM37YO4YB3Z6IMFLYA,AGJKOP63VWH3PLV46FL33T3AAMZA,AFIXS23I6JWYAYRYKIQN6XQ5DNCA,AFT5MTRDID47T6IFK3WZKMHPL3GQ,AGOFMGGVERIDKNPHMFBODPTPJ5YQ,AE5RKE23GK5T7VQBYKSUCUIHPMIQ,AHH4RVJIROHTEVGRWPYUX2SUHUBQ","Anshuk Pani,Sujit,Neeraj,M Sajan,Gabs,Kishore Bandi,Molly Papachan,Shrinidhi",anshuk.pani.sujit.neeraj.m.sajan.gabs.ki1004@example.com,5556973994,2023-03-07
"AFZ2YKWX4KR7MWSA6UOMEGGHT32A,AEP6WZ7AR6XDQSBFSQRILJOUWYIA,AHOOA3EKEVKQGQAVQE762YGB5KPQ,AH2CHLPBROIU447VRDW6K6DE5TWA,AH4H7RTFFSOM4T7YUCTXGIKLZEWA,AHPGXSE3AFIV5HHD4Q4C4EY3X2KQ,AEQEH72IPVWNOQYVPL3FMKPMSRBA,AEJALL3TNEOIEEC5G3VCPKZVCEBQ","Nitin G.,Veerasomachary,Roshan,Kunwar Indranshu Singh,suresh,Prerna,Arjun Kr. Sah,Jagadeesan",nitin.g.veerasomachary.roshan.kunwar.ind1005@example.com,5551246314,2024-10-04
"AEKB7MS4WMERS6DHWXCANJ5TPTRA,AGQYWUEUFKLJUS25GTEV25GOXZUQ,AECXYBWM74VM7PE44MKGWPPLUPMA,AHP67WDPXUM5SNLJEWOQWUM2LWLA,AHASFHQCZH73IANLGF6IXB2B3O7Q,AFZOF5V4W33EHJ3VL42U3O52ZIWQ,AGFCF6HSB2SOWHPEQDVQPWF2OSOQ,AF6HB6GYUYNZ4G4FDTQIGQK76WSQ","AV,Amazon Customer,Navneet raj,Vijay Pratap,Farid Kapasi,Vishwa Vijay,YOGENDRA KUMAR,A.M.",av.amazon.customer.navneet.raj.vijay.pra1006@example.com,5559574435,2024-12-25
"AEUXMKJNJJBXOKFC3FADQRG2OIMQ,AH4XLMFRDKQPGZUWFZPCO5CLNVWQ,AEFCRF3XKSLRNEZ35P6P4SCLGIPA,AGAQWV5XLA3XNG4ZUSPCAKWDKK7A,AHFQD5KRJY7BD46B7QVH6J632T7Q,AFVYO2JECMG7CWP5JCMNWSIU5B3Q,AHVBDKH2WQYS37WL25RFWGDSLLDQ,AE5FLXF7GOUMGRXJNSX6UBK4SVNA","Amazon Customer,Anurag Singh,SS BATRA,SWATI B.,Anil,M S P,Reena Rawat,Subhendu D.",amazon.customer.anurag.singh.ss.batra.sw1007@example.com,5552698525,2023-06-06
"AHVHHPNIDA6XPCW2ODA2IHXUHZYA,AF2IWKFSVGHOYJKFBTMNDELPVFVQ,AGB7UMNSKR6R3WD2NM5KY7S6W57A,AEOULYDSLLD2FVDNR7WTWLQFRG7Q,AEW2QMVUPCPVEBXBZXT6GXJ7T4CA,AHTIXIDXG2UN6WNFRRMQ3VLNU2EA,AGI7FLR5BUYXHCEJCWGQPYKFSWXQ,AFI5ILRQ2722AXN6DPUEV63DSY6A","Aryan Raj Singh,Akash Saini,Shalini Rani,Sayan Roy,vivek vishwakarma,NITIN,Mahesh singh,krishnareddy",aryan.raj.singh.akash.saini.shalini.rani1008@example.com,5554034863,2024-08-09
"AGTDSNT2FKVYEPDPXAA673AIS44A,AER2XFSWNN4LAUCJ55IY5SOMF7WA,AE3MSW6H3AL6F3ZGR5LCN5AHJO6A,AG5OL5WIIPJBY25HISJLM5K2UBTQ,AGHFSIBYVYXUGSNYUDAHBGOIZ3KQ,AHYH6AZT3U3U44CDW5Y563UYIIUA,AFLOAOURRZZZGFBF7F6IKGXRB6NQ,AGNWBYEVAIII4MPQNKN3LFVOHYZQ","Divya,Dr Nefario,Deekshith,Preeti,Prasanth R,Pradeep kashiram Tetgure.,Abhijin Janardhan,Prashant",divya.dr.nefario.deekshith.preeti.prasan1009@example.com,5557169117,2024-12-04
"AEY6PEMQ7DII44WSUSC67JEWDE3A,AFMVVM2AXA3WHTC23D2ZQH4YUTZA,AEQGRU6X2E3PF6OHP7HL7ZVTHOTQ,AEB4KX3FFG2DE2Q5CNKYTOWP5CBQ,AEASTV5BKJJIYW6WVS6JUBSK4MHA,AHQ7UT4SYDQMQB6DJDBVVHQBCXXA,AEZFDGHBWLHUXOLDPVNS3UERDNSQ,AFPMGJN4SHWHD3DBQBS2FXGBZ6TA","Tabassum,Ark,AMIT GROVER,-,deshraj s.,Ankisha Mishra,NITIN,Jai goyal",tabassum.ark.amit.grover.deshraj.s.ankis1010@example.com,5551833669,2024-09-01
"AGDD5ACY3AGTMTVBQOC3DMUR6REA,AFHT3WYWI4DB6Z42VVJZQGFFNIZA,AFSHYGNQHXNKBEXS62GRETNGH3GQ,AEZVJENT2FC3K3MKMIB4ZXDWNDPA,AHUKNKB6OS7JE4VQCHKF5363DOKA,AEIETT5YH6XRP434INQB4KSDMI4Q,AG7Y3XXKXV7O63XWG4Q7FKGNR6LA,AFZCNPDZYVYZCJ2JE5AH4SKJ7WQQ","ASIF ANSARI,Amazon Customer,Shashank,p k kishen pejathaya,Rohit,Deepak Sarkar,sudhananda,Rahul sharma",asif.ansari.amazon.customer.shashank.p.k1011@example.com,5555213155,2023-01-29
"AF7PPF6P5ZASHL4RYP7AZQBHRRTQ,AHSCASHEA5LLVORCEIHZYHNTHUMA,AEKWTFXLMJ5IK4T2CSJT2AY2CGYA,AHDL7PIYXZ36YFNS7NBPEFD3WRUQ,AGFYVS63J2YEAO7NGQCRW3TTFB3Q,AE6VPREPQCXMNBLLF3SDM4ZWRSLA,AG35AFPFHGMNYSEFQYN6USFG3FJQ,AH7JGQRRWMJTCWMZPQZDA7324DUA","Alok Vajpayee,Amazon Customer,Pilot Muhammed M Khan,pradeep Verma,RNMISHRA,Takshak Tathagat,Amazon Customer,Anamika Nagpal",alok.vajpayee.amazon.customer.pilot.muha1012@example.com,5559716173,2024-12-04
"AG2VWPTTUEHEZWGDIYDJWPX7IDJQ,AEDNFNVOPMOWPCSBXQJFW6PCP3ZQ,AHJQJ4BFKEDVWHP6FIXGMF75XSSA,AENPKYWO4NMYRYNE3PNVGD4CVOAA,AEZOCEHWCXQRBNLIQCNEC43TNMGQ,AFGGQUIZ4KW57HMRGQTSERDLCFEA,AHQ5BOJJTHUA6XD6IIN7GLN53DVA,AHPM47CWRZDB6XMDV2IVXQR3KDUQ","Jignesh malvi,Garry,sonu,Amazon Customer,SANJAY PATEL,SANJIV KUMAR,Md Nafis Ansari,Subhash kushwaha",jignesh.malvi.garry.sonu.amazon.customer1013@example.com,5554426703,2023-09-20
"AFIO2JLNOU6SSNCHMG2ZED34SVNQ,AFKJ6IC227YNTE5PYNVT4YBPT2SA,AFV3HKJKN55O6CQNAAIYSAPMCPXA,AGW3GPXDCYJJB5FMX6SOXTO7PKPQ,AEYJQQMMMEZZQ2D7WGG2KJG7EUJA,AF67RC7KNNJB3EMMFB5RSJ73N7SQ,AE6DZEFBVJYVMURYFDATZFAANXJA,AF34LKGQ5JFWGMS3TVAZMUKQCO4A","Srishty,Somesh Bandopadhyay,sowjanya,pritamsharma,Jaseyfiroz,Basanth Balram,Prem,Ritesh Mehta",srishty.somesh.bandopadhyay.sowjanya.pri1014@example.com,5557275203,2024-01-02
"AE6YWSEP7SYHCL2F5WLM3JLAPTDA,AGMOSQZYENCGDYQFYZG76EYEMCGA,AF33L2INL2ERR46KPNMQ6R5BRYXQ,AG247WO5BV4INTTCQ3H35SSEPVJQ,AER4JBQGMSVBHQGHMB6GOMU3BS3A,AGTJV66YYDYUYNBXEY2LCR7M5O5A,AHJDJPODT66LJAPROAV3ENMD4PLA,AGL5JWV3DFJIR6T23UKXMUS7BQTA","Sunny Senpai,Prashant,chetna,Surendran,Harisha,Raju Gupta,Shabazuddin,Defence aspirant",sunny.senpai.prashant.chetna.surendran.h1015@example.com,5552524405,2023-07-27
"AEJKHGA26MUVUZIYWZOW4B6I4X7Q,AF3B47EOSBULYG63EGZZZGO6HTNA,AGNSXRFJBDVGM7FS7YYPNCEO7XFQ,AHR53IW5LAAXGGFK3DRWRMXMM7KQ,AE5W6S5KCJV6L2WMBIOKYWQJN37Q,AH5J4DROVHI6XHMTCBAK7WWU3F4Q,AE5KAK3S3XZDPRUR2VCND2QNZTUQ,AEKG7ELYA43YNPZ2YT3ORIL2VSOA","Yashvant Gote,Nargis Sultana,S.I.KUMAR,Ravi,Lokesh Hegde,Abhinav Anand,Any babar,Sarada peram",yashvant.gote.nargis.sultana.s.i.kumar.r1016@example.com,5557086960,2023-03-21
"AEKMKQMXK2FBIL6MRKHIPN56QJAQ,AGPNJEK2EUJ6YFFPND6OSSAVG5WA,AHY5LCCPN4ZSDFIFF3JUXP2YS4TQ,AG5TXXR5HQ3GX2KC5IHGIAEZXEPA,AH7GMEHVW44SQG6NRGTTTK4EQPOA,AEOCUF6Q6MJC37C4Z5LQT3RUWV5A,AHASKB67VHNUNB3RITEIHSC2YNMQ,AGEYV75NXF3MUJH7XB456WFUK2GA","David,Pujeshwar Sharma,Abhishek,U can buy,Ravinder singh,Gururaj B.,suresh,Jaswalshashi",david.pujeshwar.sharma.abhishek.u.can.bu1017@example.com,5558890632,2023-06-09
"AHXQPNDQMOD2RJE2S6KG3CM6QRXA,AHEDAEYXIZIPVLI6HSDRKIGYILCA,AHNDQGC5II2W2NNJDKODYCGFN77A,AFEOPOMJ6P77R4KX2YKC4UXVHCMQ,AEGFHIVVOOMWQ2JRIPHMTSZ2VIYA,AEBIN6NSCXXL32OUISQKEN575X2A,AEAUDCMXHJHTKQNGANQYEVTM5ZYA,AFPWUFA4L6HJ5LJTBDR4J3MKJ4XA","Arjun A,shwetha murthy,rahul,Jubaida H.,Hemali Thacker,Amazon Customer,Alexis engg and mktg Pvt ltd,Amazon Customer",arjun.a.shwetha.murthy.rahul.jubaida.h.h1018@example.com,5551472509,2023-02-03
"AHZJHJWFZLYD64GVP4PXVI2F4LXA,AEUCRZPOISXKHXMCZUH6BXTUXUWA,AFL2ICS3EEESPGYLFF7OTVYMLVJA,AG63J3CFIT6RYX32RHHYWRZ2WKKA,AE6EGCFBVJIZEZ4XPPIY3PES2SDQ,AHUZG5YJCM4UWL66ALQ744FD3OOA,AEIKB2XA64MPG7BBXRG4DT57QKPQ,AF4ECPZRARF7SK2GDSBPTINVA2CA","Manish Mehekare,Rajesh,Nitesh singh,Lalit,Prathamesh poojari,Charan,santhakumar,Nikhil Bhagat",manish.mehekare.rajesh.nitesh.singh.lali1019@example.com,5551123629,2024-04-17
"AH6NXC2M3PH6OZHLJ6YXG54VIBMA,AGSDBEOHKXCL3WBEIN5VEZK4JY4A,AFCHIB73U3D4VQHZCH4MV2Z5FESA,AGLFKVLO32UB72C43CQNOPGQVKGA,AHBUPKENA77XVDAUGWUHVZLCKSEA,AEY34MNYOS24F3P7Q3IGMQVH3ZUA,AHMBANCEQ5AJOQVPFHONG2QTDE7Q,AFNQQLFJGPPNZCI6BVYZCEAZQZQQ","Subhajit Sadhu,Indrajit Sarkar,Ashwath,Dorje,Harish R.,Jana,Amazon Customer,Viknesh Harren",subhajit.sadhu.indrajit.sarkar.ashwath.d1020@example.com,5559845463,2024-01-06
"AGYS2OMZE7DCEFQOBUJ7OSMPG3DQ,AF56UQ52OFSZL2KX2TPXPHBSNZ3Q,AFCOSVW2NHSFLPG7O5EKP2YRUERQ,AENAIK2GP3PTBWPAWBEFRET5BZ3Q,AH5CZZYZK64I4UNJA35AVYAY3SLA,AEPFMS33QLD2SPSAW7OBES4S5MTA,AEQBRKHWGFEJSWMMD7NCRL47IAUQ,AGQKV65KDMYKBD6ZQTXSQ74VID4A","Kanwar Singh,mukesh bajpai,Deepak Kumar,sreekanth veerla,Divyesh Patel,Jitendra Kumar singh,MAHESH L,Amazon Customer",kanwar.singh.mukesh.bajpai.deepak.kumar.1021@example.com,5553402950,2023-11-25
"AH6EYS5AIDI7KYTTTFTZZHH433UA,AEXFEVEJ7L7LN3Q2JBWZQZ3YHUEA,AGVR6CP2GL562CMMN3TJJDIBQKOA,AGQ7DDSSAIHW4EQERMBBWQWQMVTA,AEK7OBBEY4AB77GMD7E334J3CYGQ,AHNX2BVKDDWFDLQBCZVT3U6I3QDQ,AEDKU3NF2473GPBRWDHIHRTZJPXQ,AGM2UWKCJESUA2YZADPFXZ6PANVQ","Vivek,Amazon Customer,Kundan,Rajan kumar,chaman prakash,Amazon Customer,Chinna,Dhaval",vivek.amazon.customer.kundan.rajan.kumar1022@example.com,5551087037,2024-12-18
"AENGRDSABHKCYNYJPZ2SML6FWVHA,AFNGD6S7UIHBQ2FNXUDBWCJDMLMA,AFWHWM3CHMTSRKJH7IY2U64CRVOQ,AHWQ3GYAYROPEKLLI6SVIM3S2ZNA,AEOYVLH6A6P643MDQBU67RJ4DTDA,AGKOT3DLM55KCHF3AQAOROIFZ3EA,AGWCBYRA3OJTMA3TUUUH2RKJPPTQ","Chanchal Gurjar,Shyam,Lalit Garg,Anil Kumar,PREM NATH,SURESH,VIJAY K.",chanchal.gurjar.shyam.lalit.garg.anil.ku1023@example.com,5554607065,2024-08-14
"AFUIW75M2VCMJ2RAD5HFEUHXCRKA,AFWO26UIM72Q7ZPHSQ3DUGDM6H6Q,AF5EL6S3V6JDA7HNA6BKXAKBMZMA,AGZ4IHSUMB233GB7DKCBY2RVARRA,AERD4G54UG5KQSX4LPXU4QPYCDYA,AHUSPS7GCSBQRWBRLXTUC6WNS3EQ,AEJP6U7ZTSGESRMPO24FNKJ6SP7A,AHOTHO6NULKUVDSAY6WBXCA2YCBA","Amit Singh,RN,Madhuri,SHUKDEB P.,Mano,Harsha,mahamod sharif,Bhavesh Soni",amit.singh.rn.madhuri.shukdeb.p.mano.har1024@example.com,5558611317,2023-04-16
"AFCLVEPUPFSZU5KJMDBYKGARGQBQ,AEC4ACDLYBYYFG2473OXFA6BOCHA,AGEUOPY2YJ6HCREEOLU73JCGLFVQ,AGT2HSAHUC2KL5P2RL657BNZW3EQ,AERD6R3OJ5GSAGDUSNOOSYWMJJAA,AFXYWZZ4PXDEVN5DJPTUF6SKLEGQ,AHYAQT2F3NUTKS7LIHXKTFNR7WQA,AHKSXLMJOQHJNI2U6A4FURPV5CYQ","Ravi,Pasala Eswararao,Verified User,Azarudeen,Shubham,venkatesh,VELMURUGAN,kutty",ravi.pasala.eswararao.verified.user.azar1025@example.com,5555668195,2023-06-02
"AFS6NM2UFY5M77EWX5YT2KBMWBVQ,AEBC5L4UVUOB45BUSQHLNHGZC2JQ,AGF2ODSIJFBYL52VO3O77F576SGQ,AGYWLAKGGNH4OP5G5WPNQUJWLVPQ,AHNZZYO7DIGCLRTY76GJ4D5Z676A,AEVYKVKVPEDFXLD5ZL2C4PYUPVUQ,AFZ32GLS7WFVSLNXGJBJYFJWWSUA,AHBRCKJY6F5ZLV7GSUC3IXI6OSOQ","Ravinder kumar,Ashok,tejas,seema,HARSHVARDHAN,Shubham kushwah,Saurabh Patwa,Shreyans Jain",ravinder.kumar.ashok.tejas.seema.harshva1026@example.com,5556378859,2023-01-13
"AHX7I43IUBTBR5SMBWXO2VWLFLDA,AGUV5JDS7DN6OSZ2CENPDKWATUQQ,AFHZWLSX6C4TWMNGGNGRE2KODIAA,AHFNG3ELM4SUVBZJXLUUMP4NZSGA,AH7PUFLOQIEDBHZZIKRKWNNIRFOA,AEJAPH5MWACXXHMLGLEDYPPSRVNA,AG7NNDG43AB32RR66C6QNTQKGO6A,AHKF4O42OIQQEWP4GOW4TCQJILTQ","A.sh,Jp,Junaid Yaseen,Maya sutar,Andrabi,praveen elangovan,Satpreet Singh,Amazon Customer",a.sh.jp.junaid.yaseen.maya.sutar.andrabi1027@example.com,5555184658,2023-08-29
"AE7RG5GRVSLRP2HGPKIF2JJ7BAHQ,AFCDHTYGHMNLNK2S3X6JVQOT6AXA,AG3JRPG6MIZTLYNMIRBGFYDZVLBQ,AGFY572BCNP6M74AI2RXGPJTWC7A,AF56KWTGYOCMXLKEJHOSIUZSVZ4A,AF276RVUYCN7YJGIRUR2HDODWF7A,AH4ZIAFAMC5PBWBHQZDSHS2JHUBQ,AFBJNCLV6XVUCTE24MRPXR4IURXQ","vipin,Bhavana Rangarajan,Raj,Dimple Aggarwal,Jaidev,Harsh pandit,MAHESH CHOUDHARY,Sheetal Pandita",vipin.bhavana.rangarajan.raj.dimple.agga1028@example.com,5558209056,2024-03-20
"AGXJAYXZKJ6NCPSLX57MXJLQ3F6Q,AEQYSJWBP6DN2IV2LDP4XVNI4FBQ,AGNHWTOCLPVNZ56CWEF3QQI25ROA,AHC4JPWEXYM3O4YAKYIJZ5CAUOVQ,AECXWRKH4W4B73UW5IAHDTBZYTBQ,AEU6W4IG5BLXZ5XJ23PYFQKXYHSA,AGY4IRMJHF35GY44YCTUVQAEIJ2Q,AHVMCHCWTUWBKE4WYBY27MBIQ32A","nikhil,Rituja Ray,Prasan Krishnan Karthikeyan,Amazon Customer,Georgy Mathew,Vikas Kakkar,KANNAN P,Placeholder",nikhil.rituja.ray.prasan.krishnan.karthi1029@example.com,5558247228,2024-09-26
"AGIHTJB62LSES5P47SG25CPSV4IQ,AFLAZ32RGD2TCCZ6RXZSJTOPYUZQ,AGUO5HJBINPLO6XJKQ2PEMYWNJPA,AGNQNBLTVVNAB6NKW25OR3CFEBZQ,AGBLMAZ6GSLLNNDLH7WQPPGKG6YA,AFEC2BL5KGRD3QNBBU7AKNFT3DEA,AHQ3YSPSNJ6PTH7GQ5BAIYDVIQOQ,AEOV5M2XBOTAJ5HEJVKZHDOM2PYQ","vaibhav anand,Debendra Nath Ghosh,gtnishanth,Sk rahil,Sunder s.,Rajesh Aswasthan,Sudeshna Aguan,Bhanu yadav",vaibhav.anand.debendra.nath.ghosh.gtnish1030@example.com,5555713468,2023-04-22
"AHF45IU3KZ4H47ZP3F7CZE7MHYNQ,AFK3LUAAIPVB22RJDB74TVOSPC2Q,AGCCV4MEGM6TGD4ZCPMBQICK3SNA,AGDM3424VYOWVYWB3TYVDVD2ZZLA,AFXHSMAQBFXU4A34SCILCOV37VIQ,AGO4VY6QUDHZV2JIJXHT5V22GUUQ,AFGIOF47QJUHXAPHAUEQXT6LQJVA,AG5Y7UAFKC352NVZPMRVQRENEAMA","Amazon Customer,Ushanandhini M,DGS Engineering solutions,Indrajeet Ghosh,AA,himanshu madhani,Ankit Gupta,Avinash singh",amazon.customer.ushanandhini.m.dgs.engin1031@example.com,5558470870,2024-10-15
"AFWRX7NJDJNWOBKAJFVHN5WRNBZQ,AGMQBENGBYFDIFBCX7TTRXZJ42UQ,AFYY6ZT5ZOTXLDKDBSPRHTJLLZIQ,AGZ55KFBZ6HLW5UIQBEPIBBND6GQ,AH6ADLMJRC3DYSRBDFVJZEHXARGA,AFARITTBYR4HMMHALZPS4DZGMVTQ,AEOEFJ7ZBQWRXYKAX5BMGZQNMLFA,AEE2UIYAS7GME4GOS6EZWUK52KCA","Bharath,Yuvraj Mane,Aruna kumari,Kalpesh Rampariya,rohini,Vinod,Dinesh C Dwivedi,Prabhat Sharma",bharath.yuvraj.mane.aruna.kumari.kalpesh1032@example.com,5557546082,2024-02-23
"AGSOQRGXBG47F35QN7GIZU6WKZ6A,AH6K7IVGP33VRVDUW7OMJK4T4XRQ,AHL6LLEVH42TSWIRQ5SEXFRUMG2A,AF2G7CBWXGVMQKYJDB63DFT5YU3Q,AF7P56JP3WZNRN4CCTRWVH3L7C3A,AFUGNPSXEVDZS2VGJUYR6CAQQO3Q,AHAJML6W5NJNUP4ZO3N2X3FFOMEA,AGSD4DN7SI3JW6IO3LB7IR5CL4NA","9640185788,Piyush Mishra,Vickie,Sakshi gupta,Srinivas,Lovraj V.,Rakshitha,Sandeep Kumar Yadav",9640185788.piyush.mishra.vickie.sakshi.g1033@example.com,5556761349,2023-04-15
"AGC3Z3473ZVXYFMWYSAUE2T7V3MA,AEDXKCO2L3ULRQJ5IH4QNI33A44A,AGRIBJTFIAXNL5IDSUIDXLUE6I5Q,AHZBPWQ7QCCQOXQMVWFSK5PGFP4Q,AFR3HDYVY3OY2KQFIEQO2SRPTW5A,AELVBHWVUCBMI7DE345Q3MCDAJQQ,AGNJ2LVUBOBR37BVTTXCTGYBP4RQ,AH6U7NIRXZ7NQQ67NYFWEATGKDPQ","Sunil Khandagale,Shamim,HARI.M,Malini,Kusal Srinivas,mkrishnanpillai,Suresh Babu,poongodi",sunil.khandagale.shamim.hari.m.malini.ku1034@example.com,5557997678,2024-05-21
"AEK23DLXXPG7UORUYI2DDS7RFVYA,AFRBQ32JL7MJAZ42PGXUPAXZSDUA,AGY755OL4WDTREH2UHZOLN2MTP3Q,AH3R5XO5VICXIDZB6BHBA5TY6O5Q,AHN6X3QCTG7BILQUFADRQKQ4I2SQ,AFK2NWB52ANDVAGQ53VJ222Y5GSA,AEZQECWFG4XZQBBXN7EBJVDWLMWQ,AESXSM7GDPH2GLFNMTOCZATE4MHA","Sachin Sahu,Arpita Panja,Rajesh verma,Mr. Girish Merwade,ravindra kr nayak,Venky,Aashish,Gyar Singh",sachin.sahu.arpita.panja.rajesh.verma.mr1035@example.com,5553374050,2023-11-29
"AFDTW4TES6JHT7YJUXKDFQJPRZXQ,AFEBFFAOMPMC6L3DMOXJYP355UNA","Jaydeep,Jayakrishnan R",jaydeep.jayakrishnan.r1036@example.com,5555629059,2024-05-10
"AH6L4HL7SHZ5FT3XJRTBG4VRQDDQ,AHM3BEM5TLDWOMRDAXTSJWFZ5TXA,AGCXOIOXQ6SMSCU5P73D2VTEEAQQ,AHJQP7JD3FSN7JT6D43MEG7F6BVQ,AET435JGPEIORB35LT7EZ4ASDRRQ,AENODVL6MR7QPBIXIIGAM54JZ6ZA,AGPIHCRS2LVMVTFCHLPYZMS6PL6Q,AGPAIQ4RMGU26NAKXGQCEB2OOS2Q","Shivraj,Subham,yedukondalu,MOHD MOHSIN,Jagdish Joshi,sam,M.Bharadwaj Phani Datta,BHARAMAPPA",shivraj.subham.yedukondalu.mohd.mohsin.j1037@example.com,5552617194,2023-11-05
"AFNXAQBP6KZJYZD554ML2KJJTQVA,AEDNDMWWZ33RMM5UIXXGMEPSUYFA,AHH62JI45VG2IAZW6LEV5I2V5A3A,AFC6K2Z47KTGVTXKS3ZNPUEVLQDQ,AFB7NE24HEWG4SNDZWML7IYYMBLA,AEM3IXZKUN7EH2CFOJS6KL3YIFAA,AGC7SAVEMKWZRSJDQWYIBH2ZOMFQ,AHQS3NTHOXQUMLMUAE3FN4LSNCHA","Vasanta Koli,Vaibhav baid,Sanjana,Ajay Singh,RAMA KRISHNA T K,Dr.Vishwanath Akku,ujjwal kumar banerjee,basu gk",vasanta.koli.vaibhav.baid.sanjana.ajay.s1038@example.com,5555091478,2024-12-30
"AGHT3K4KSG5MAQUSXRDT5VNB73GA,AE4Q5XQ7SZW35EEUJKQ3IV2IIBQQ","Manidipa Sengupta,Vidisha",manidipa.sengupta.vidisha1039@example.com,5551377557,2023-01-06
"AGWRDM5YZKAAJ46Y2NUJSMCFD2RQ,AGAOIEU4KTRFNKU4K55O65W3MILA,AFJSEVZLNI3MKTWAMJJVH6N5BQOQ,AHQPMFJKEAFXVC3NVQLVVIPHDZJA,AFPERGOQHKWSN6M6CNDRGQJUPAMQ,AGL6KF3GSYVGK2WIV73Z5GTUN2MA,AFEE2S2P4LI6QSXWSLRVGRLHYIGQ,AGRZWZVM4SAPRBTOALQBUR6N6WQA","PK,Manigandan K,Monu khan,Manohar,Saroj Kumar Das,Dev tripathi,Anish Reddy,Ankit raj",pk.manigandan.k.monu.khan.manohar.saroj.1040@example.com,5553395102,2024-10-12
"AGPO6ZBQ2HPAKJULWTNQSP7FOBZQ,AGMACNXEDN7CAJXDCMPUZW3MO5GQ,AG7VZ4KBXNGIBZMW6Y7H5AU4T7LQ,AFP2TFQ26IBNKAWREZ34ERZBUTVQ,AEGLSZQOSLV77Z3RYDNKQ4DHO7OA,AHVKTMZNCOGSHMV4QI3OZCGK2J6Q,AE2IPM7LGWZM72PWXD7DG2OJAEJQ,AHMWLA3HDZGMRYZNHFWY7FWZ7BZA","Dhamotharan,SHEIK UMAR FAROOK.G,Amazon Customer,Chandhana,Vasanth,Siva,Md. Aftab alam,Subhani",dhamotharan.sheik.umar.farook.g.amazon.c1041@example.com,5552895533,2023-09-22
"AEHI7PMP7HHH3BIMEMM4D6XKJC2Q,AGZ325HAAV233447G6SUIVBMMMAA,AHA2VXNJ2E6VA2RFAAJS5ZFPF3EQ,AEJOJTOSSJNIBWO5CP655BMKQZ5A,AGLEYJPDKFHDQUKR44ANTMCVH7YQ,AFZUCCUR2EBAOJTXZAMP4GKYDGPQ,AEV6XXFLHIIAGFBXZQACBPNOKIMA,AE4GKTZA6NFJG2HC7TAMA4NIIDEQ","Surya,Amazon Customer,Amazgon Customer,Satyajit Mitra,Mohana Lonkar,tony,Amazon Customer,Kothapalli subramanyam",surya.amazon.customer.amazgon.customer.s1042@example.com,5556289745,2023-12-23
"AGGPBIDY2R3EUF2WDFJDCB27YWUA,AEPQHH4GUMMN2KTD7VAT5DZFHUTA,AFBU5FXWPA2YVMWWIMGYMA2AG34A,AGIFWMCJ3D3MLPZ4N6OIIXK4EP7A,AELT5NENL2ZMZ3JT3QH5U5WSB25Q,AFRLWVFJ43WNDMOQDE3QFXJX62OA,AE46HCBRT2IIILPNCL32DZ5JHYMQ,AGIN3WL3VR42ECXY6SFGEVYAX5BQ","Vishnu S. Mishra,Amazon Customer,rhymerium,Raman deep,Vishal,Utsav Ghosh.,Ashutosh,Amazon Customer",vishnu.s.mishra.amazon.customer.rhymeriu1043@example.com,5553235481,2024-10-27
"AH6P2FS36YMFXR6BCZY4QI3A5EGQ,AHLSHAJTU5B4XBPJGON3Q4MKMY2A,AESBXYARD65VZMCEZT6TMIF2I6AA,AFJUCN3LJPEEGA2MCUJMISQ3Q6SA,AGRGJTMI3RMO44FRRNDFQCML32BQ,AGX6OXEPVDQPCMFUTJWCGPAWKMFQ,AGQZQ2BXDDXY6D5K7HZF4CFSSZ6A,AGJD4634EZVTJUCYQETIMPBL5LVQ","Amazon Customer,Amazon Customer,Farhana sherin k,Srinivaas,Avik Bandyopadhyay,ASEESJOT kaur bhullar,Sameer,Ammu",amazon.customer.amazon.customer.farhana.1044@example.com,5556930903,2024-04-29
"AELHZH2PRVKJIVTQMABOTT6LUMBQ,AGNBNAIVJCEB3TBMEUWKDG6F3OAA,AEEJ6B3XBCPD2CHBKEWXRNHXM5EA,AFVUY5ZKTN2NRRFDXM6M6IOW6YXQ,AFX3VLIHVKXRNRC2HBLSBNEIV2LQ,AEQABAS4A3RXJ6CM4EX2645IUCEA,AH3SJ6WSYDG6DYJVQ7UYWAACHFMA,AFDFDVVB5IXZZBCIHG3VJVK3E3CQ","Ritika,ABHISHEK U.,Bhavika,Rekha rana,Balamurugan A,Dhiren Shah,Mrs. Imran khan,Anusree",ritika.abhishek.u.bhavika.rekha.rana.bal1045@example.com,5559005020,2023-08-31
"AEYYS445R5U3OMTCXTPFPPYIOC3A,AGRJV53VRADLDOF7VTZ75QXG7Q6Q,AFRZUJVTEHFZOVRCJJMAZTI5343A,AHPGEGRJETCIIA5N5UHXPPK7ZW3A,AGUWLDNMRBUVBQTRLDFJOU7B67WQ,AGZE52HWESBYEHQE7ZWVG6MIUTBA,AHC4U7CH7PGMKPLM3K6T36QSLJBA,AFNISIS3SIIIMSYAPMEAXNWBM4SA","deepika chaturvedi,Rishu,SKG,sachin agarwal,ashutosh malik,Amazon Customer,Shallu malik,Amann",deepika.chaturvedi.rishu.skg.sachin.agar1046@example.com,5557704340,2024-01-30
"AG6ST6L57J4B7UHNXKEV55ZP3NPQ,AHJYH6BZ2SXIWIEUPNPC75P6ZWEA,AEOIPHSMBDVHZPYBH76LQEFONJQA,AFZ56RXI37SOY5JWTOPITA6FUFQA,AHTQNDXEZ2JFDY6U3YVUQXL454LA,AFFVGMQSTPJEJCPOO4ICULDQQIVQ,AGBLLO3IZWOWUZPRCZHTVSM3ZUKA,AHAC7B6KYGC4V2SR7JY3O347OBJA","Bobby,Arunkumar,aditya,sanket,srinivasa m,Sandy,Pradeep maroo,Pravin P",bobby.arunkumar.aditya.sanket.srinivasa.1047@example.com,5554173765,2024-07-15
"AFRHROLDDYV3Z75BI2LCW6O6OPTQ,AHTYYRQCRKLTWIECJ3QMHUNOYVRQ,AEEDAYAZG3NHVRQC4VQJO7UOGA6Q,AFR4WQF4SHGWAFPVW7SUGKDR7P5A,AH5Y6ZM2DJB7ZNP5ARJTNRW4TNHA,AGHRWZJQVN3R7S4TP5J2USU5E4VA,AE7VMF3T7AZVT6UB7TAZ2CVBTECQ,AE55VMGAF6S4FH763DDIXLTZIVBA","Gopal   Bhakat,AJIT PAL SINGH,Ishfaq Sheikh,Rakesh Kumar Pujari,G10,Aleeza,Farheen,Balkrishnan",gopal.bhakat.ajit.pal.singh.ishfaq.sheik1048@example.com,5553330676,2023-02-10
"AEPMS5PFD6A3CBZ7A5GCVJURRQPA,AFSKCZCQS5Q2D5IFYXRTCAEG5BZA,AFLYLUQJLNGO32IJITTXKWO2YOCA,AH43ILYGJQUD5563RLERPIE2UMCQ,AEW6MNLEJPNDYI52OFUVMB3EDYMA,AHFF6M6NA23SOFKPPX22FLLPRELA,AF4LT2MRA6U4IPL63X5ANNO5BLOA,AGLMUN4K5NVDCVNPMNI5OF2IH5LA","Aniket Chudnaik,Wasimraja,Rahul Mallah,inderjit singh,Shivhari,Vishbhav Poojary,Pawar,Balasubramaniam R",aniket.chudnaik.wasimraja.rahul.mallah.i1049@example.com,5551192470,2024-07-25
"AGATYIKGAWO26SQJ7K7TDN2LFUSQ,AFRJHB6VXULSM53VYU5TBJL3F62Q,AEUJCWHLY4ZE4YHU5HVUSHLTKNTA,AGLD2LXDWUQZSZDFC3U7H6N3VFAQ,AHS4FBZAI7M2PJ5BAYWJDCIB3I6Q,AF5XD4J2O3Y5AVWNBSHPYLPQXQNA,AFR5OERHAWKGE5BFDJ5FVFKGGXQQ,AGANY4HWSF32KZFVMOTNULK2RQBQ","Nishant sharma,E VEERESH,Nimish Sharma,Chandrasekhar K.,Nilofer A.,Ilavarasi,Vijay Naiknaware,Harshavardhan",nishant.sharma.e.veeresh.nimish.sharma.c1050@example.com,5555987382,2023-10-24
"AG3PLRKXVXLYQ7YHOIU4QVWWFBAQ,AHRU7JSVBHVEBWI2H2N6CVM3IIPQ,AH4ZQO5NIBMSXG7LLOGJ67WQ54IA,AFY4C2ZKXRWWGZRC2WIRBN4HTT7A,AEBBDZUR4T6MWDXS4COIUJLYXHHA,AFYENENKOXRC77BZ5JFXNG6GBNAA,AESSNDMFJZFM6Q5URYBYPEIUSYNQ,AERCNZE7BL2UQB45USYQ3NS3KDHA","VINAY,uday patil,Amazon Customer,giri raj singh,PATEL P.,Amazon Customer,mukhtyar singh,Jayendra Chauhan",vinay.uday.patil.amazon.customer.giri.ra1051@example.com,5559715007,2024-01-24
"AG2REE6BFNII6CHJQ2HQCG4Q5BWQ,AGPSJBF6CTEE4MJG3X5Z3DMJEJZA,AGY545OCMI3P63JWXM4QMK7QXCIA,AFQBNWTWNCOQH65QJK2TGLWRYCJA,AHVFTQFFKLLV5IFJDEQBTF4ZFI5Q,AH7XAZIRDIDE2HVRZAZ4J4BSG3NA,AFJI2CTQBDXHG74Q3R6S5RPYTOWQ,AHAXO75FQ7QCFXWMJF4JNHNS3A7Q","Sheetal Satish,Vipul Vora,Naresh Kumar,Rahul jain,Amazon Customer,Qadri Yaseen,Amazon Customer,Rohit Prajapati",sheetal.satish.vipul.vora.naresh.kumar.r1052@example.com,5554884757,2023-05-28
"AE4L3MBEACOHT7Y7GGWQ72DUJ6SA,AELHNY42N2WPTZN5R42GOW2RO5SA,AG5ST5LJL5DUIYA5AH5V4EFXO4JQ,AG5V75LPUVIVS3DFZNN4UEK2FBJA,AEQSYGYF7LVSIVQEEXPC6VCMLBJQ,AH4OBRDNZVTVDLWTAV2V3B422AVQ,AHTBKWSU5IG46LZWJ3QQZKL6LTJA,AFKSCELXRYLARIVIXIWJQPHL5AHQ","prem chand,Avishek Saha Chowdhury,Tanvi Chadha,Sashi G.,Shailesh Patel,Cynthia Andrew,Shijo Mathew Abraham,anoop sharma",prem.chand.avishek.saha.chowdhury.tanvi.1053@example.com,5555769265,2024-05-26
"AEYHTCWWZYU3JQBU6SLNFFT3OMVQ,AEEYMW4YXUA5ZC4H34CHUW5EPFKA,AFJM5RTEFFX7H3WDQYDY6GX5HPNA,AG6JEDS3UJIQHXUGHEQHW7XHL2KQ,AE3BLMRIEOFTPVYRWPR7P5QUL5RA,AGOEGXCUQTAT4C57KQHXQJ4X25PQ,AEF4QBAINOQAYMSVNXHYZE7AYTSQ,AEFIOOBMEJPER2FTC4AVKEZ44NYA","Shiva,Saurabh vats,Gaurav thapa,Ash Sharma,Chandraprakash mohata,Saleha,SANYAM SINGHI,Bharti",shiva.saurabh.vats.gaurav.thapa.ash.shar1054@example.com,5558535817,2023-06-20
"AELCV26DAB56JEU7CL2LUTR2TYKA,AHQQWCVTBJQ767433OZGYVW7OJVA,AGPQAC65TOG2HWQ42LE4JB46OUJA,AENORZWFAJOJLG4FLUB2LHOB25MQ,AHAAEQSQJFRGPLP6U2LG2TWXFVOA,AFHPAS35RXP7JEKV5KVVGGYIOV6Q,AGIWQJDJXJNGJDO5DNIML4ATNVEQ,AHZG2MJP5M6GKLC6YVHOJTZ3ZAKA","Shivang,Renu S,Balaram Sharma,PBT,Srikanth Aakula,ANUPAM,Dipu Choudhury,Ashraf K",shivang.renu.s.balaram.sharma.pbt.srikan1055@example.com,5559336478,2023-08-27
"AENQUXAACC6E53BRVBZPXCC356OA,AEBGRX2UHNMQHYKUQFHGDUPE4UCA,AEEWHS6M7UDMDKWHZSVVHGW5JJUQ,AHJEMKM64LMY6YJR5AE3RMA2IW7Q,AHZHKXL5TIRPYY5YI5IUSYODJZSA,AHOTFNEAM62KASA6YHCDNPGNNZRQ,AGFQZRCAAKEW5ULV2UIU4RBI6IEQ,AE6ZHG2AXD6VPRRT3EUFSGVQJKOA","Kindle Customer,rajni,JYOTI SRIVASTAVA,Amazon Customer,Ankit Devidas Chavhan,Sayan Mandal,Amazon Customer,M Das",kindle.customer.rajni.jyoti.srivastava.a1056@example.com,5555090172,2024-06-13
"AGR7UFLFQ3KUH7644ARDPSSYAZ2Q,AGMHSLSOBPJRH6RCZBNKNZ2YQY6Q,AENX4IK4CRKRAOJQOLMRH6QNCTCA,AFAW47CO7UX37TKZSGRUHIKZMATA,AHUHAGOBF67BLOQGF3C5GBFOPPYQ,AF6UFCDLC6WSCFBZE56AMTOFKNVA,AG2FFL77UFH5Y44BU4FY2FKT6YAQ,AE7Q7KWRZ7MHMTD4I63KVNQQLOGQ","Nipurn Ruhela,Shalini KJ,Aloke Kanoria,ASHISH SHARMA,Pankaj Chaudhary,Manish,Muskan Thakur,Balvinder",nipurn.ruhela.shalini.kj.aloke.kanoria.a1057@example.com,5556949156,2024-06-15
"AG636YCW33ZTJ3O67MQZNNNAIJVQ,AGJL5WHO3VVJALGYBKA7UUMANF4A,AG56GJXG2U4TIZ42J4H5SIAOZFSQ,AHRJPSHYWW7POL5N5G7HI6D2UXNA,AE4PB2D5M7A6CIPE4SHZMHIDDIBA,AFYZBDPD6PGSHBHPHQTOVJW4QFCQ,AHCF6MDMVOOGIZK7AQMS5E4ZOJKA,AG6S5T3PING6QXZAUDDTH6FO7ICA","Aniruddha biswas,Manoj S.,Gautham Panchavadi,Prashanth,Amazon Customer,Rejeesh n.c,kishore koilada,Ally",aniruddha.biswas.manoj.s.gautham.panchav1058@example.com,5552764347,2024-12-05
"AGVONMMX6YJEEGSYPHCV2JQBJYSQ,AF5FBMSRN3DNZ5VA7QO34JVWM3FQ,AFDPYHNXY5R5DCB7GLDCSX24CQ7A,AF3FQ4SRTJYSEHJJW2UP5WM3LRSA,AEE5QN5TSLHUPXJL4WX76DZW3YEQ,AFGIFBW7GHAMXX5YNQFSE3HQYEWA,AF36AG5NBJM77D5PW7A3Q3SNKNOQ,AEQSEIQ55YRS5ITY6PMOHDFCJJWA","Anshika Verma,Dippy,Mitesh Mayavanshi,Pri,Arpit Agarwal,Chitra Jain,jeevan prakash,Shivangi Virdi",anshika.verma.dippy.mitesh.mayavanshi.pr1059@example.com,5553936127,2024-10-24
"AFS2KZ7HYC7JUO5JOGPAQY2IKNGA,AEXELC7IXD4IBM7P4BQNFF5PENSA,AEHSEYWIGX2757A2UWJS7J2CG3CA,AH2UIFL2ZLH7AZP6L2I6JNJNDR7Q,AGESDEISSJA7HFM6224YLOY7AOSA,AEKM3HT4LYB2UVTFZQYLNGHALBFA,AHSAKHOAXLHAC5I6OCL22DC6WOLA,AGXJ5BSSV5THYPGNS7GJJVFNOKKA","NIKITA,Amazon Customer,Ankita D.,Purna,Sekhar,Santhi,S.K THAKUR,Piyush P Satpathy",nikita.amazon.customer.ankita.d.purna.se1060@example.com,5558427737,2023-01-19
"AHZFKWGDBRQKNMNQ4ZPL52OZBRKA,AGBEFVJFOQIRF7C7KY5VN6XO7JEA,AGN47LODJXDWX6WWSS5JJLKP2HWQ,AGJRVBQJIVB445HIWTFCZOI37IQA,AHCNUZM2XGWJXQHPWYVZMS5CAEMA,AFQICBBGIA6ED2FXXYEVEVKDFOWQ,AELILYZUYXGJOFN2P7KT7OEUBM2Q,AEJHZ5W2C7AYFISGPX7WSDVSIYEQ","Mukta Khan,mal kho,Apurba,Patel Kiran,Critical  Customer,Bhagyashree chopade,SANDIP SINGH,Ramesh kumar",mukta.khan.mal.kho.apurba.patel.kiran.cr1061@example.com,5552493765,2023-05-08
"AGBNLIOKIT72A2TBLG6A35XUEIMQ,AFTFMOXP7SKX4NJJIYLRJ4TAKZZQ,AFQAXRM4XEA72PNIMWCW2F53ISWA,AEBDUINAFKTVCCEEHAXKR7AG5LXA,AGYKZQYHVADBHYAL7U5P7F4KSRBQ,AECVPCTS5NOO6MT4NUYJJBUT7COA,AHKUEAEHUGIV6L2V7PGR7PCJ5JIA,AFU6BDGJZI74Y35UXM2RWQLLTIHA","JASWANTSINGH,Vedant Joshi,Subanathan,NARENDRA  N,Aadesh,Amazon Customer,Monica,Aniketverma",jaswantsingh.vedant.joshi.subanathan.nar1062@example.com,5552569181,2023-04-11
"AEQX3KIYFY6RCTFIX2J76NVKPF3Q,AGHE2Y6SEZXUO5QR44FVYOZ52B5A,AFU46CW62ED472TF44RSU3HQ7HQA,AFOCLJYM3NII6TR3FOJVXFTY2SLA,AFJDCQHDXSOYUGXT2X3FCUO7K33Q,AFPHGWJFEN2UK47F2RDYBL6YUAZA,AG7O2DWNCAQIAMWYENDUQG3P5FPA,AFKB6MWYZHS44ZDTVNSMRGBR2CGA","Boo,Jeevan Kumar,Shivam Jangra,Manzoor,Manish,Yashwant Panchal,Santosh Kumar Saini,Chandra  S  Sharma",boo.jeevan.kumar.shivam.jangra.manzoor.m1063@example.com,5555799569,2023-08-27
"AFXT4M4YZCGYWUG22BMXEOB7VUOA,AEZWBVOWAZGCLKUNZXNBRCMWR2TQ,AH2IMO7T23MIAIHRLZGUSPHEXSZQ,AFNIVT3EJUTT7FKZW6GZVEWWT7HQ,AEJ4WWMJAKONQU4XNWCKIGA5U4LQ,AGEMLCWZLIJVZMIMPK3J4NEX5SMA,AFP7CS7L7WZM3OXFXC77IPNINGUA,AGJCU3HCKI6FYPKYS6FBZGJOQJ6A","GB SLG,Jemin,Ashwini Vetekar,Kusum,sonu ali,Amazon Customer,Amazon Customer,rinku singh",gb.slg.jemin.ashwini.vetekar.kusum.sonu.1064@example.com,5551248292,2023-10-11
"AGYTFOW77SU6CYA7L2ID3IYBWMLA,AHAHGFYVEV3DXUG3GQFCUPBSHTZQ,AEOVVK7XRSH3T5SSQLE42FWIY3RQ,AE2XSRIZGIHUEHFRYKTLVQIKYFKA,AGHEDHPCRHKYDPXWSKRKEP7HLNDA,AGEM42HY6YHDGMWMGZYPLVHA27XA,AEHXNDAJNJXBV4NGZ2ZWKIPPJREQ,AGQ2KOOSNRJVNY3PYFXFZPRKDIDA","Hem,Anya,Deepak Roy,ASHUTOSH PANDEY,Srinivas,PJ,9703041496,O N Misra",hem.anya.deepak.roy.ashutosh.pandey.srin1065@example.com,5556640604,2024-06-13
"AHJT2MQLGOFNAFFNLLJGIYO5LT5Q,AHVXXQOUU54RYRBWFDE7VI3S5PLA,AF4TTIEDYAPHWU7WG5UTJM345ZHQ,AH4CZ72FCY3JIQJAEGG3IL5MOC3Q,AHYALQ3NLFMTU52IWFICXNJIC7VA,AEIJBUDBWBW6XM22W5US5BWDBFYA,AH722R3XI2Z5PC7QQ6YUEXE6V2DA,AHWW4TSZL3AGYOBMIKJHP56I4O6Q","Karan Singh,Sajan Gupta,sandeep saini,Tarun Kumar,Yanala Raghuvamshi Reddy,Sravani,Amazon Customer,gaurav rastogi",karan.singh.sajan.gupta.sandeep.saini.ta1066@example.com,5553889188,2023-03-13
"AHC7U7MTAN2Y2T6X2G43SWSQHETQ,AFN6JOIM4WB7CBNNAM7JQJAJVZNQ,AER7ER4GHJ65LKQFSIRZG6DSEC5Q,AF6PJDQ5GNVGTIYXA5ZCTCKBLHEA,AHU5Q5IFZNU5KKPBZBP2Q63V5NFQ,AEBY74RXWDNJOHARPUMVQT5MY5XA,AFLIUDPXTMHWUWXDEPUT72WCMQAQ,AFIOG6MKUPF37DAJ5VTKKPFG62AQ","manjula,Rishi Kumar Mishra,Tankala sushma,Sunil Kumar Rajak,AKSHAY,UMME KULSUM,Lx,Sangeeta wandakar",manjula.rishi.kumar.mishra.tankala.sushm1067@example.com,5553924421,2024-08-30
"AGRAAUFFZVW3L5L4MV65HRI63NPA,AGSMGWHNRQAZOOIPF7UOSNBQDNIQ,AFJZWYEHRGAPQPS5N64LTC3JOCXA,AHERFNSW6YQVDARIDK6WI3GFTCLA,AH2R6HPCGKBGV62HAZ3BH3HFMIPQ,AFAR6KANGGM4XIVC6ZDTSEONGR6A,AE2WVSMP7ZOFNGQWHUPQNRZHLOVQ,AEJNLPO52JIB3UFIIIGFMQBJCJLQ","Liliput99,umamaheswaran,Alina,Prasanthi,Amazon Customer,Nissam kollam,Kaviya,Unknown",liliput99.umamaheswaran.alina.prasanthi.1068@example.com,5553908015,2024-08-13
"AGD2UEWN67Y75EOCKEJE7TSOKPDA,AGD4TUF2TI74HZLJF4SEZHSJL5LQ,AEVI6BPCNUCWF43ZU36XOMZAZUSQ,AGCRBPV45GJOL34GSLRX4FPLED7A,AE4IXYSBU6N2L4ABI3FPVKYOL4XQ,AGKCZKL5F5SWMXTE7EOOX2TVAP6A,AHAWYKI6SKVO2NGCZ4BDJ4WWSZCQ,AE6MBEP4HN5HDV6LIEEN54UBRPWQ","Nikhil Kumar Singh,bhanu,Mallikarjun g.,RM,Deepak,sayan pal,Deepak,CHANDAN JHA",nikhil.kumar.singh.bhanu.mallikarjun.g.r1069@example.com,5553310386,2023-02-12
"AGUJD7ONEYENBWZTZDMV2R5WUS5Q,AFX56WJDKZA5QDCLNHWGZE4WBM2A,AHQH32FK57N5R4DXCYRDFJERD3MA,AF3O2DRWWLEEYZOWDPONHNCYOYCA,AHBY5WOGTC3LCNKSXEH6XYLX4C7A,AEB2QT7KVD2RVAWLPXGQFJ3ERYWQ,AFT3QGE4IU2G7IBMCWEWET7DAAAQ,AEQR7OAEEWSVH3FXEK6VO2ELW2LQ","Manish kumar,Randh,Vijay Singh Negi,Lallan T.,Shubhangi Mehrotra,Rompy,Vipin,kapish",manish.kumar.randh.vijay.singh.negi.lall1070@example.com,5558353846,2024-10-06
"AH2PWK54MG3S6EOHGLGP3LTQJOAQ,AHKY24SIF5BG5XOFBACXN33XUO3Q,AGLCQ6Z2KEIXM7DC7JFZEN623CHQ,AGVRXUM3GMUGSUDI2BCELQ5G3MRQ,AFFJF7JN2X3UKBT33BHFMU2FCDIQ,AH3LPGUYC6VZUHBLHZKGMMBT5HGQ,AHHQ5CWRAMNLLPSINLJSICBU7CRQ,AGSHCIHX3V7HS6F6W2XTBOYFX5WQ","jaydeep barad,Amazon Customer,Mukesh,Mitesh Thakur,Tejas D.,Jeet singh,Himanso,mohit goyal",jaydeep.barad.amazon.customer.mukesh.mit1071@example.com,5554570995,2024-03-02
"AEUTMRODCZ5QP6FRYACICHQHJGJA,AGBAIGEU4LX4TAQQOENWMZBZCV3A,AHDSUGLHNAFKFMGKJPLS5HLJFL7Q,AHBRTDUHKMIYUZLP6W7RM4IMFV4A,AHK6Y7FOVUIRNCIYQUA4BBIKXOGA,AFH3LWABFWVDV36O4EA7EDMVB7OQ,AGK46AGUBC3MLDF3UJFYKYVXX7JA,AGZ2OFZQWKMUV5RUP367QIUEDFWQ","Sivaraman S,V Rajendra Kumar,Mrigank,Valmiki Sravani,Rahul Raj,Dr.Aasif,Kshitij Gupta,Melvyn lobo",sivaraman.s.v.rajendra.kumar.mrigank.val1072@example.com,5554573060,2024-09-22
"AFA27PWZ7R6SHPUK6YI3LUPVQAXA,AH3YMZDQPMC4SNFHGLOEIFEO5P4A,AGC7U4WCJ72KSPKZJE6SA6ULCNAA,AF2I6FEF7CCDHSXJQCMHRDLEV4UA,AGZYDFV5X762ARBCKH3CXTG4QUTA,AGBBKPN6FHVMRRHWZVRJ7O45VG7Q,AHON53VQVWWCC3G7B6BF4BE7ZESQ,AG57G63ZBJYDUGVZ2VRDSZD6L4ZA","Placeholder,V P.,sanjay,Amazon Customer,Sweta,J k bricks,Swapnil Patil,Kritika S.",placeholder.v.p.sanjay.amazon.customer.s1073@example.com,5555597635,2023-01-27
"AFVRAZD6HB5ALMMLJRZYAA45RKFQ,AGUO5ELH4U5ORQ4F4NYJQNZNTX3A,AEKTWPXEMR5QE53HL2AV2SVFK2SQ","Amit,Chahat Goyal,Gurpiyar Singh",amit.chahat.goyal.gurpiyar.singh1074@example.com,5558625306,2023-05-13
"AHWEG7FHG5CEE2TMD524HYGNU32Q,AGYUMZDNBIOODZYCN4GHMJ3F44VA,AEJM34LROKAFVQ432EM4D4JLSOQA,AF5W2TAYXQ3FWMTFIEHR6R2NOCKA,AFH5ZUO3KMVT2SYS6CNMMXZA4SZQ,AH2KFGXW374DTI6UT4U7V3NFJRQA,AFMR44UPPEJS3KH7CZZTLBGUY7RQ,AFUSIVMKLXOVGMV7AEF5FRQGLJHA","Vinod,Gopinath,ravi,Pooja,Kamlesh B.,Anand RB,mahendra pandey,sakthimurugan.M",vinod.gopinath.ravi.pooja.kamlesh.b.anan1075@example.com,5557385471,2023-09-28
"AEP43IVDSJR5UREBLL53W5AJKZTQ,AEJS5VAOH7KD6X2F3TAMXOCXSOPA,AHQ2K3MM7CU5KAOLTRHNV4HHMKVA,AFR7AVNAODFBSW5HPTITQMLUOFKQ,AGFKW6ILYGZKEDCK55ADC6QLYEJA,AE24UFIVBSESSEV7UALTKP7K5Z4A,AHIFIRZZSK7NK4HWJ7FCYSHQ7KKQ,AFHYPBJQA4XGEWJLPUSFVQU2EKXA","Srishti Agraharrie,Priya,Amazon Customer,Honest reviewer,Pooja parihar,vikas,Amazon Customer,YOGESH R JAIN",srishti.agraharrie.priya.amazon.customer1076@example.com,5551933428,2024-05-13
"AFIW2LGGEMKYVUE6UG2YLJ73QOLA,AEQFXB3NZOMW4N72EAGVDHFV7M4A,AGRAJW47BFWMQE426JX6TR2BCELQ,AGSJ64KS4SFGZOJTR4TWAMQHNTIQ,AETH7LKNVDPFD2WPRVL7WXXCQXQA,AFDQX4OPUFUN56VXCWO54Z7O2AEA,AGILEHPBZZUJACQFI527X6HPPS2Q,AEAKW6XSSNBTTT2SHXRSIYJ3P2KA","Vivi nyuthe,Amazon Customer,Bala Mahesh Yadav Thotakura,Sunil Singh,Thoughtful_user,Anuj,Mamta,Vikas",vivi.nyuthe.amazon.customer.bala.mahesh.1077@example.com,5557241083,2024-12-05
"AHRTYUKNV36J2ZEK4CKJMQOK4S6Q,AGQAYI2H5TL53UE55XVUIDAMSGLA,AEYH6IVYMLPHU62VNOKKM2KTOIIA,AEEWPCT3NI67LDWFLJ7HICLMMZPQ,AEOXDLAGO5YUKIJDGVRZ26GTZNRA,AG6KERF2BWYB52CC56DEC3KZQYNA,AFQNKFOMPJ7YGCSP672YCJQQEVNQ,AGCMYXUQA4TOC4JPIJ2NHHMDMNNQ","Anuj Dhingra (Gadget Gig),AKSHAY KHOWAL,Kiran K.,Sai Deepak Velivela,Rajiv Das,Ashok kumar,Vishal kandare,Gaurav Pachauri",anuj.dhingra.gadget.gig.akshay.khowal.ki1078@example.com,5555032549,2023-02-24
"AH2JOLKV3633COTRT3L6472Q7MIA,AH66PPDVLVKP2O6AYTIGA4LDLOAA,AGQECQXYEAY4SYHRW5NDNF36VDSA,AGE4ASVQOHHGYYYKQOMF2TLIXBRA,AHV4I63UFGYQ7AFWXLTQXSHSXCZQ,AGE23INNJKHQYZTU3WBTNSCAVGOA,AGMBBBIHMGMWKJI5OSFGKWAKJVVA,AHV6JQ726F6FJ2DHW4ZHKMXNUEYA","s_ray77,SUJAN MISTRY,Pankaj,Durga,FAROOQ,jyoti gole,Rohit,Amazon Customer",s.ray77.sujan.mistry.pankaj.durga.farooq1079@example.com,5556316021,2023-07-29
"AFFEE53W5EYO6PULAOG7PB3ROPMQ,AFVAN57JZSJMCSHMVU3E5NFDIFJQ,AEI25R6V7XEXAAD455IWKZ3KE7TQ,AHKRRFR42OZYJKV7C2IR5OCPBMYA,AHFWCOO3S3BKNSCQPHSFFOA2RGSQ,AEZ35PT3M6ROXRMLILOSFP375TLA,AHPEEMPWH4HHB3T5FECTBZYUZ6PA,AHD2XZWAMMQH5MHZD3ULZVEVVJCA","srikanthmk,Prashant,Aashish M.,Pramesh,PrashantM777,Vajrapu lakshmy taruwn,Kish,Kusha Sahoo",srikanthmk.prashant.aashish.m.pramesh.pr1080@example.com,5559796908,2024-05-20
"AF2JJYV2AX7CVSWYMLNZGFVHPLZA,AF4ZKPEZDK4MBC74G6DZYE4YPXNA,AFQRDDZDX24M6MLI75ZZBFLDSTSQ,AHL56ROKLAVDGP3ZRN45JIXXQ2GQ,AEJBNCW6FFRYFFVPDZU6AYD2LRBQ,AH7AIYFOHJAKH6SM4KNT6GNCHWNQ,AEWUBQURRQIYWSK5SBEOLZJRAP6Q,AHIRJYCO7S265XRVOHKEQJV6BPIQ","Lakshmi d.,vishal more,Vasanth Kumar,naveen,Golu verma,Abdul Arshad A H,sundar T,Mahesha",lakshmi.d.vishal.more.vasanth.kumar.nave1081@example.com,5556523873,2023-06-29
"AFDMLUXC5LS5RXDJSJJRHNBURIVQ,AHFY5XAN2X4N5GXOJRN5Y7HNC57Q,AEQQZI7NFOSSSCFA2FOZKUDXP5QQ,AEM63GK5JFDGEBFKA42W5EPWBOHQ,AGQFO7HUNP4TATRLGLKZWTGSRZ5A,AFPADOOHAUZPXOLGIRLUVWJD62VQ,AEU72RQQFVEX4RRIWB3FIK4IOYMQ,AFUIVFZ4RBLB4N57ACNNJUDOXJJQ","E.GURUBARAN,Hemanth Kumar,rangaraj sanjeevi,Kamala,Sivaranjani,Sundharan.A,Abhishek,rangababu",e.gurubaran.hemanth.kumar.rangaraj.sanje1082@example.com,5557759575,2023-05-09
"AEZB53KJUQPIRSWWZ2SUY6RRAQBQ,AGSBS2YJLL456NQVC5B5QZPUJTJQ,AEWY6T2UJKGOH2ANGNTSBT6RIE6Q,AHBQJUMIK5PCBS5BOXXXXZXPWSJA,AFUV6OAP3USNBV34JGI4IVNUVYSA,AHANTM5UMDC5BAOCVLTX47H4HXLA,AHUM7GQ3FUS2UTPCF3JPGU2PZGUQ,AEVKHWUPE7W4ZIG5RFWKJ2XX3UMQ","Ritu,sudhir ranjan,Rashmi kashyap,Arunabha Mukherjee,ronnycrasto,Nani,Amazon Customer,SWARUP DAS",ritu.sudhir.ranjan.rashmi.kashyap.arunab1083@example.com,5551349912,2024-06-02
"AGBYWFEGGX6QM6XB3ZPQADKKXAHA,AGU6LHFOEHAFE34ACLWETZLYPI6Q,AGSBWPW6GDRHH4Q5IAVAJPG3IRQA,AHRDCFOC5D7KERULZ4B6PVMKSNTA,AHJAW2YYU56TKMET3QKEKKCDZHVA,AFSHOA4IT5RS6KDJEVYLZQEBPR7Q,AHWQOW3VMVOLL2ICO6S6E5K73HEQ,AF3KZ34MBMMSO6QXOKYPGYB7H3NA","ABHISHEK KUMAR,Nageswar,Denzil,krushna,Brijesh Chauhan,Amazon Customer,Kumar,V. T.",abhishek.kumar.nageswar.denzil.krushna.b1084@example.com,5556165129,2023-04-29
"AHFGOH4GBUXQQ45BNRBY7MHPN4NQ,AHY6F4BLYRDJCSKQSQEWDPXAXKSA,AE4J6N4OTZMC3NVLJPGFTR5P7NIA,AEBI27B54C4N5R3O45S2AWCPPNPA,AETABFSDFJT4L2NJYWAECEX2QL3Q,AH67BHLOMDZFQHLSOIVQND2BCDMQ,AEALKKVOIADNBRZB3EOH2VJHP27A,AFF7ZQGFBRXWPEJTK7JZDDT2KFJQ","dr. sunil,Fayaz Ahmed,Rajesh A. Dhok,Sham s.,Shridhar,Prajwal Jagannath Shetty,Jayanth,Amazon Customer",dr.sunil.fayaz.ahmed.rajesh.a.dhok.sham.1085@example.com,5552127838,2024-08-19
"AG2BB3Q2AQB7SBFBURGYSMFHDAOA,AGFXIO346VXYI35ANHRTU7FE7ZGA,AEZIOFC5L34FZZOMGKEHXHLG6KQA,AFDS7H2OSIL3I4CZBN7C7NS4XOXA,AEBSIJDEVFVOC7PQYB3W36OLAHNA,AGHY5MD6U2E57UWJTNGFKKQ5KROA,AF23NVMNXHKORCJCQPGAW6PSXMPA,AHSOUBG4CYVABTQRPHI64FAU4NLQ","Navin thawani,Amazon Customer,Jemiba Lawrence,Aditya,Kunal Kapur,Merugamala Suresh,Juhi sharma,tajis",navin.thawani.amazon.customer.jemiba.law1086@example.com,5553808519,2023-02-13
"AHASL3JOKSWSNG6FWBDKBPBMMSKQ,AFJ4DAIVDLVCW24FWODAT5O5OHNA,AGQ6FH5HUONZXKRXVRE7YX7ZUPLA,AG3ED5BPXEBU5ZAGYEEECUEK42NA,AGIVSHBG4BBKKXBGKVEXQB6VKDPA,AHWEGITKZOSJIXJOMPY75CWMU4EA,AH2MFWXOR2Q2JBMEVYN5DI2VIOJA,AHSA2XYYOJJGPCMHTPC4KOVI54EA","Sheila Araujo,Rajeev. R,atul deshmukh,Atul Dhanorkar,Bhanu,Vishal,Tilak Upadhyaya,Himanshu Bhattacharjee",sheila.araujo.rajeev.r.atul.deshmukh.atu1087@example.com,5558252564,2024-06-26
"AEKI4KLUAOWCEBHQHFGVBZTGMPYQ,AFCLNH2ZECKMY5LXIR6WTDUJ6BKQ,AECFK7X5H4ZKSE2P4WI4SGN52XVA,AGK5OL7ZCDPBSM3GFB57JEDTMVGA,AERYRV3NSECCWSOGSJRBJDGJP4XQ,AHEYCWAGWOWMQL6IWZB4UBCM7N2A,AGQMPE5Y62H4ALYMCMPV5J25BOGA,AHYJWLKBVY2CFWRJH3MNID4CRRBA","Amazon Customer,Neeraj Gola,Ignorant Nalayak,Siddamsetty Srinitha,naveen,vishakh,uday vir,Kirti Yadav",amazon.customer.neeraj.gola.ignorant.nal1088@example.com,5552407208,2024-11-08
"AHR5L5KIBZTDOOO4PR5ZHTTVTZGA,AGYBZE2DXTNOFDZSSKEMY5J3IWIA,AFRGFFGDKA4QQDI7KUNCOT3GHPLQ,AHHRJ2ARM7AEB4HWSZKQ4WDAMUCQ,AHL67UMLEYNKVUALRMYJSWUYJGAQ,AGZ76IWC3MJLV3HOEA5SWYXOO4CQ,AH4YG2VYP4IRM3YTUVLMI7XN5T4Q,AHONA3KJZILUFDDJONLT6IEANU4Q","Amazon Customer,sunil,pankaj kumar gupta,Air Commodore DK Bhatt.,KF,SUNDEEP KUMAR SHARMA,Mukesh Arora,Abhi Jain",amazon.customer.sunil.pankaj.kumar.gupta1089@example.com,5558113093,2024-07-19
"AEGJT6ZZJCVJKSQZPBCCMRTQ4HLA,AFPXZY5YV6BY5MLHSOEIAOM2S2LQ,AF65USMMUWSGFKVXQA3ECFGFPC2A,AF2LFKOEV2AUJ6QNTNCZBGNSPFXA,AGQ4UHMMPGWZR5BVBVJPAKTKBEGQ,AHCQTOXOF3LBIK6IRYPKYQEK6DAQ,AEEZ33SWLBQZEQUUK7AM3EICB23Q,AGLQFTKRKRRYQ6JHVY6DZNSNKF7Q","Svblue,Tushar Srivastava,SHREESH MOHAN,Ashutosh,Harish,Kamal Kant Gupta,Shubhpreet Ubbi,chandrasekhar",svblue.tushar.srivastava.shreesh.mohan.a1090@example.com,5551898498,2024-02-06
"AECLI7T73FK3PR4D3GESJ6QUGW6A,AF2EZXMEBWRQJLUWM24ANJCE37UQ,AHAL6ROBXTH3IRCBZKOLPCLEXTLA,AGB5RPS3YTHLDOLTXGMHP6TSMGFQ,AFZUYJEJPM23P4IBOOAHFINA2TAQ,AEJI74MP3FNPF4LD575KNKIIEF3A,AEHVAFNMQZ2ED7EH35D3BV23ZQRQ,AHT77DD5D5XKYWHYSMDHYMEZ5JXQ","Asha Saraswat,Gopal Bumtariya,Amazon Customer,Priyank,Soumyaprada Bishoyi,Devinder singh,Ronald Stephen,nabaroon",asha.saraswat.gopal.bumtariya.amazon.cus1091@example.com,5553812586,2023-12-09
"AF23N54DJK4PDU75O4EWJD5GHV7A,AGAC4PQRPELTJSFKK4GVXBT5Y6TA,AFKUSVMWBALVVCQCORIG2IZBAPLA,AG3CB7GLADRTGQEELLO5J46H5XUQ,AFESIGKCPYHAG4HNKQGNS5ZFZVPQ,AGY65CCPYYWCF2YOPK5S66JDT7MQ,AGINWV2CSFV3NMNC7GOBQGNEYT2A,AEGUR22KUMKPSYANRJUB4Q42DFKA","Aftab mulani,Chirag Panchal,Richa Jethani,N S,Dr Munmun Basu,shikha abrao,Amazon Customer,Ritesh Kumar",aftab.mulani.chirag.panchal.richa.jethan1092@example.com,5553688343,2024-07-11
"AHAXZDBQKLBWPQN5BFPSURNHWECA,AEGH2WM5MITQZBEZM5JC4XMD2DNA,AFT26OJLNGYQISACMZ53VFZPU7IA,AEPNVP5ICQGB2SDHNNEED45KH2WA,AFND3MO34GH3GBFVZRJEKYHX5QGA,AFSY2GZNTGXHQUXWYLUPH4PH2H2A,AF6KLDZHZNKJLRD7BKJB65NA57SQ","Akash Yadav,Philip Chacko,Sudheer Kumar Maurya,Jeenu naresh,rahul pandey,debabrata bhowmick,Sanskar  yadav",akash.yadav.philip.chacko.sudheer.kumar.1093@example.com,5551440711,2024-07-08
"AGMYSLV6NNOAYES25JDTJPCZY47A,AG3Z5IUUFOD24P2S22VMAWPT7TSQ,AHJNMSXBXPENCCR5EVJ63LGMQG2A,AFGN7L5DTGD5IJJ5VQ4IY7G2J35A,AGH7NWRR5Q37GMEIR26FKOLJADBA,AH4B45HPRXTJ5B5FX3WZKJ7K4FSA,AFDPHEAIYTD7MJ4LF7OK6ODJZ5KA,AETMASW5U6WCMX7VZA6DVRGR3WTA","Vikas kabra,Joel Joseph,Amazon,Sàñkêth,Md Tanwir Hassan,saurabh gupta,shobhit gupta,NAVIN JAIN",vikas.kabra.joel.joseph.amazon.s.k.th.md1094@example.com,5555387068,2023-11-08
"AGSSGQZGH7RKLPAP2JFZ44PHAWDA,AG4M42TGS64SVYRRH7JRNHMB7CCA,AHYXTDSENFWKRKDQ5KOMQ6IJLGXA,AGECXPAM7BHAHXRREUXEBVRADSZA,AF3SATPW2CO22VDANST5ZFMQ2I3Q,AFFQUA4I35H3PGSIRL5BL3GW2ENQ,AGND33SYSSFRKYSNBGB5CQOODQCA,AEXWB6LUEUJLRUE35I3A7PQFO3AA","Vijay sharma,Jaidwal,akshay ahire,Bhuvana Shanmukhi,Sanjay A.,m pushpa kumar,Prospero,syed masroor ahmed",vijay.sharma.jaidwal.akshay.ahire.bhuvan1095@example.com,5555048402,2024-12-21
"AGAJXGDRTICIRCARGVACQLPWIFMA,AHAKYUK7XTHBF4GTP2BGSXCFIE2A,AHFGDVDHTJKY6CD6ALJ7QYIXHRLQ,AGPSJBF6CTEE4MJG3X5Z3DMJEJZA,AFAOU74I45ATGV4STWGKFXBRHODA,AFO7RG5625GORMOYYYTBYXYCUDHA,AF3776HZNNRKUL4UWNIVU4Z6ZVZQ,AH2XARVUUCZGIBNTL4MQQWNRYABA","Dr Yashaswi Dalal,Aktharindia 20,najib khanche,Vipul Vora,Pranav Nirhali,VARGHESE MS,Amazon Customer,satyawan",dr.yashaswi.dalal.aktharindia.20.najib.k1096@example.com,5554808009,2023-05-01
"AHIDFZK6JPIY7FCTPZQJR6MSWV7Q,AGWW4VSBX2UUCMM5VFMMRKV6I34A,AHCLIYZDVIIFV3V4X4VPUFCRPP2A,AG7O2DWNCAQIAMWYENDUQG3P5FPA,AFKZM7TNSX7OVVQP26GUA2NULWFA,AEOWAV5QL6F5QH5VGY4XNKWX7ABA,AHPNZU4TQSKOFPXCED37ADH7NSYQ,AHFF2NUJXGN5BFX76OICF6XVEBOQ","Amazon Customer,kapil kumar sharma,Shilpi,Santosh Kumar Saini,Husna khan,Gadde.Raghavender,Ajay Kumar,Annaram vijith",amazon.customer.kapil.kumar.sharma.shilp1097@example.com,5555045151,2024-07-07
"AFS7B5AZ62CAX22H7LCYNQXVCQAQ,AGLMS3QIE4S7KPWOXGHTANI7764A,AGBA7KYAPLBYCCWKRBEAIWCBFBLA,AG7ZZIXCIBRUJ57VCGVUKDTGVIFA,AHNJSC2JCU5WZS36B2ICX24355IQ,AEMO7DWHWH5OGU427HN45WBERE3A,AGKTT2MYU4G25XFWMD5S6DETTTGA,AG64ADZBDOLMMQKFPD6JFZDTHVHA","Rajnish Sood,Amazon Customer,archie,7709220353,Customer,Mom Om Wom,sukant,Santhoshvaricola",rajnish.sood.amazon.customer.archie.77091098@example.com,5554068725,2023-11-28
"AEM2OFBD5ABDZGYUPPUYMCBFDEXA,AHWRUBKKFE6ZTAPAAR5RCSTAPQUA,AGCJW7IHJTEFPCN67EP75IOGIF4Q,AEX2AWDGQSN3Z3FHJPJMDTDHUJFA,AFNBXMGWYJWB56G33U6RTR7AI2PA,AHT7YN7PRTQQW4OPDLXHGJXEGJOA,AGOPYV5RQIH4BBSVXQVFBZLDVHVQ,AHNE3KUK352LFDTMI6GHAZ5DEL7Q","Sudhirw,seshu P,Sunil Sharma,Sara,Amazon Customer,Sidhant,Harika Mudhiraj,Ramesh Sivaraman",sudhirw.seshu.p.sunil.sharma.sara.amazon1099@example.com,5554905613,2023-01-16
"AGKZK3N7KYOTCRFGWGDF2EJIQISA,AEROHELQUZSGEWF2SUDCANCFNRCQ,AGPTBR4QWMDZZ3XAF4EV2UMFQQEQ,AEN4W53IK6DVODM4J72SQNAYMX4Q,AEX4AU2AULOQZB35OUHUQ73Q5VIA,AEK2MRB35PXPW27B5NT7O637IMDQ,AHPUIT2YTPFHVHVWQPFEZXZZ5M7A,AE2X3X56PWZY32QSRKVU4VOIKDIA","Himasrivastava,Pawan Dalal,Yeshwant singh,Amar D.,Tincy Thomas,krishna kishore,Vinay,Sachin Yadav",himasrivastava.pawan.dalal.yeshwant.sing1100@example.com,5551052211,2023-05-11
"AFUXDVUZ2STL3ALSLWBDEAJBR7BA,AF7GFM2ILS43R3R7ZWHYAUCPAVAQ,AHWLGCCR7N4HTELCLTXAVQM3KJHA,AGY42TVO76MSDK66XDORRO3X3OMA,AEIHE3RYSQSHEDWWK75BDB37K3DA,AFIW2ET2FNOABPCJHIJORAYTPUIA,AHEC755ZTLVUV2OGFJQFWRMB2KNQ,AG6CCP43BJUOX7RZVWBHLG7WGNOA","Swati Chaudhari,Anil kumar,Dinesh Verma,Arvind Chaturvedi,Annapurna metta Sarjare,Ramya,Indu Kumari,Irfan khan",swati.chaudhari.anil.kumar.dinesh.verma.1101@example.com,5557146301,2024-02-18
"AGOHEKMCFFEVVEYK75KRR6JUN5LA,AHM5VPEM324X4ZSA2GQCBCD423PA,AEK4FIY6OYHQUATRL3QUSWUSQLZQ,AGPK7LBOP4LXMHGVL246WLA53D4A,AFZDTYSBA3OFABW3ISFCOOKQK76A,AEYYA6E4ING5KL43ZEGPYXKBDSBQ,AH7YJB6PZG5KP4GCWMQCHRIO3I4Q,AGXITCDLYCTWJZOTV5ZF7ZR7O3MQ","Gautam B.,Kabir Debbarma,MS,Amazon Customer,P,Sourav Basu,Vikhyat G.,Viren Dhamaskar",gautam.b.kabir.debbarma.ms.amazon.custom1102@example.com,5552410001,2023-10-04
"AEXIMD2ECDFFF6J2U7TZ5IXA2GSQ,AG27ECFAKUL5MDR4P7O33R52MEMQ,AFTWSUMWZSYW6GG3YXVDAXHVIWFA,AE7DUUZF744LA3EMVCLI3UJDCIDA,AFY63CMR45TQ44JBPYWHGUBOQUEA,AEPIMEBYBSIKSJF7NFEQPCLPDF7Q,AHKQBTJ7JR3SO57H22GOC7SIWG6A,AEDPJXQWX34LSNG4ZOIRO2DMYZBQ","Buyer (Name protected),Saurav Kumar Saha,Aditya Kumar,Priyanka,vinod reddy,Vijender Singh,MOHAMMAD AZHAR,Deepak Samson",buyer.name.protected.saurav.kumar.saha.a1103@example.com,5556706116,2024-03-13
"AFUH5D4EYPVUKL6RIODLMEAZDVEA,AG75QN74MJP35SGZVQCK7S24TBPQ,AFR3PNU34Q3NU4MZDAQTEVQGYJNA,AFEGTYZ3KEHM3T6Q47CE2F3QDTZA,AFJE6BAJEFG4B2OMCFXYFXBSWR5Q","Karthikeyan J,Nitin Kshirsagar,N Adu N.,Manish jain,Hitesh Mori",karthikeyan.j.nitin.kshirsagar.n.adu.n.m1104@example.com,5553227012,2023-08-12
"AG72HBSOIRQFGJN2NY3GPAEEHZTA,AGXAO67Z7IZENINTB4FWJ53Y3V3Q,AHGR7SEDTEDIYX573IXYTQL3OWUA,AHYDO3OKLMDU6UJQ6YTMQWNUITPA,AGSZKOHJZVCRZGZDDCDPNSHZLOOQ,AE4PB3GAZFWQPTCFXFFJMMZOSU5A,AH7GI2ERU3IXB3L3UMCM7UFQT6XQ,AEJDGQU75PMFGJILLZKBUARMLQOQ","Naina,SuperSandy,Ranjini k,Lalatendu,Deepak T.,Amazon Customer,Renju Mathew,Dhruv u patel",naina.supersandy.ranjini.k.lalatendu.dee1105@example.com,5553826479,2024-11-23
"AECTTIBADJRR6PNCGQM3KLJT65XQ,AHH5S3NZXPTNEMV5ACI2OUFQPESQ,AGX67OWD4YQDA7GEIGCMB5DYUJZQ,AHVN4Q73CBYLXS6PD7JYBNQJOXSQ,AHDJXSEX24G3F2AMLX7H4VFW6Q4A,AEF46GENYIQSETB5QV7U3BFPRLWQ,AHU2YNBLYGUZR45OTIEIAG76NCTQ,AGFPDBO7Q4GQBCWMY3OPORD74ROA","Sudhakar Samuel,Sandeep Shampur,Amazon Customer,Yakaiah Kadem,Jaspal Singh,Karthik Palani,SS,Kautuk G. Tare",sudhakar.samuel.sandeep.shampur.amazon.c1106@example.com,5556280590,2023-09-23
"AF4B327ZIB5IJWIFEVY6BWMB75VA,AGDV7VQGI42G6HVOGW2OSWKHBPWA,AGPK4QIB6E5RFJAYZCNS7XRT5OVQ,AHN2VCYDPYHUDXSLFOLGIN5J46XQ,AFYLAHK2PMQOEZJNIM4V7N7ZETYA,AHZBOE4W3PUVBX7VYDBE57VDPMBA,AFQDUFM2UWWPT2WM2ETLFVSEAVUA,AHVI4UXZR4TUQT7MQLVDZXKWTOOA","Sumit,Paresh Narola,Azharuddin,Jasmail Singh,Suresh Prajapati,Alam Naushad,DILIP RATHORE,SRINAATH K",sumit.paresh.narola.azharuddin.jasmail.s1107@example.com,5558327847,2024-10-20
"AHCSFNVYY5Z4MC3YQWCKQXN43UKA,AGRXFT44MBP4EAAKW4AUMJ43HASA,AHCJ4SBFDS4JQ3KM3TB6JPV7LCWQ,AEMRVATZMCTFHHWR4RGUBJ6EIY6Q,AEJTHOGZUGNSJ4U35D4JDA254VNA,AEBRKCEYVLKRYEX4DVFRH3UUWPVA,AEULXBJRVQTUU7LYUNJK4VQD2LLA,AEGU57M3ITWK676QUCVQYF4ZMM3Q","Amit,vedantika,gurpreet kaur,Md Zafir Ahmad,Latika S.,Rahis Khan,Tanvi seth,Samala Dayaker",amit.vedantika.gurpreet.kaur.md.zafir.ah1108@example.com,5555893525,2023-06-03
"AGLUPY33OM375F64CHDCQW3KF64Q,AHL6DKFWYVLNGVHHQMGWVVZY5D4Q,AEV7DR7CDJFYPKCDK2Y5WGUR6BDQ,AFTAR6G52NZQDC6ITEORXUZHXURA,AHFKFHJR6Q3FYXQH42N6O2RHLAYA,AFSIHCK5KXPIX5PVODLGUIIHVWIQ,AGX4KI4YQ2MBM4CMZEFHPLQBGPTA,AGMLCKCSUIFBF3A67WZ7OLGFYRYA","Aashishnautiyal,Telangana venkatesh,Abbas Tirupur,Jacobasha Mysore,NAVNEET,Atul choudhary,MD Azhar,Prabu doss",aashishnautiyal.telangana.venkatesh.abba1109@example.com,5557584814,2024-08-13
"AFZBWPKSEOJ3ZXAVS7IA5QMLX6SQ,AH4H673QHNMNQEBK6XKODER4TXBA,AFF3RSHZGO4BAR2KYIOVYD3VGZVQ,AFEVGT6SALVKATPAPCZQCUOZFA4Q,AH7MEOSIJPT7Z2WMJI4ROMY3I2QA,AGLKS2YBV32Q5F36ESVSZKN7YZVA,AF3DKAW7MUAW6MB7HC4YEPY6IN3Q,AGVNDZ4Y2VJXWYSIDOP4GXJYF5DQ","Nikhilesh T.,Vishal Sharma,milind moon,Amandeep thakur,smsn,Manwinder Singh,Kindle Customer,Chakraborty A.-7001953481",nikhilesh.t.vishal.sharma.milind.moon.am1110@example.com,5556503343,2024-12-07
"AHNCY56JLPCF2AHRH3SO2RIKHYFA,AEBZKKPXROE4RBTBFJ6E5F5BGALA,AHMGJ3N5TJ5YYHGONQ4YANYH6EFA,AFLOWV4SAZ4GJHBZZJLRC3UYJPPA,AHJERQSJBOQHOWKP4BHQUZNAK32A,AF53E744SCKUPF4AKF4LL3VPKRDQ,AF4R7KKPJVNKJC5D3CWKKX2JZAHQ,AFJQMCVVZBRSBACG5CHFJ653CXVA","Amazon Customer,Sai,Azim,john prabhakar,RAJA SAMANTA,RAVI,Radhe,Ram Kumar Mishra",amazon.customer.sai.azim.john.prabhakar.1111@example.com,5559450324,2023-01-01
"AG7YXM3CTKIWDRFUWCMM5KGHAP3Q,AHAB4O4T3BB2LJCQJ2IULLRC2ELA,AFY3BGO4YZABQCIIIVYMRYDQ3QWQ,AGQHA7FMMURNYMQ2SM2LJV372TTQ,AFFD52Y7MQO7ET2RYGACLHCZTRTA,AGPWQPY5N7CBNPKJ3RLDSLUWKOOQ,AH6WHKS34WZIDXRKN3YKSRQCBLEQ,AFXIU2GNQU5FDRWNQR2RKY5NBG6A","mirza f.,P Naresh Kumar,Saurabh Kaushik,Siva Subramaniam,Nirmal,Asanka Wijesinghe,MOHAMMAD KHUBEB,Naveen sahal",mirza.f.p.naresh.kumar.saurabh.kaushik.s1112@example.com,5552783698,2023-01-08
"AER7IMDKY6Y2NLWEIAOEOEMWPTQA,AHBJI32NFYYFJRSI2NZ3RGNYYNLA,AFGIZWFPMU77SMMBFMVKCNRBXPOQ,AEHV36BG2B5DD6MRSRAJMEFNF2GQ,AEDONSL33XUU6IK7HCDLQEPV7GGA,AFIXIYJE5BEMYL2TLUYPGAPYPC6A,AGT2K7XLOKTPWOWG32DBORMMK4AQ,AEPSOFO2EJJOVKNXXBISGJWVHCWA","Amazon Customer,Amazon Customer,Niranjan Niru,vinay,Mini,kapil Raibole,Kiran HG,Mohithsai",amazon.customer.amazon.customer.niranjan1113@example.com,5557542650,2023-04-09
"AHD7UBRNLFOB46RIRLFXKJY6N53Q,AETPMOGJUEKAM3X4BMFBSHTDQ3BA,AEUUSCC65BXKCGFTNKBRKYCWIZYQ,AHFSOIYBAXZ3WLROODW5ATRX2XKA,AEKIANKK2HHKU6TJ2U2ERPAMQKKQ,AGGBFQHKXHD3VWPDNLO423V4TCPA,AHSMRFFHYS3UI6RA4KJSF7VDC4MA,AEBEEXG4EBJXPW7PBL4FL62NOGXA","Pratik garg,Amazon Customer,olivia dutta,Raviteja Richard,AKR,sandeep,Amazon Customer,Manisha",pratik.garg.amazon.customer.olivia.dutta1114@example.com,5559659700,2023-06-10
"AH7CVQ6755UNVDKSBS2CKWMHOCZQ,AFMAYVBVIPFZYBTDGWSRCTASMZ2Q","Dinesh,Anshika",dinesh.anshika1115@example.com,5556868867,2024-05-11
"AHEZ2YIPI6Z3RJH22BSRYMSPEWOA,AEHUTTWMDAOEZMG66NSX74CVMGQA,AH7T3ST2K7B725YJN7TRBAV7WTXQ,AGM4CQWT4HY2YVGKXBPKH3FFSL7A,AEXAE6XNUYOTIWU4SAWYRHN3TVZA,AFSTYN76L3OSI4XWVZFQ2YIBIL6Q,AFO6ORYOBVJCCFQJXDFUDDVWPNAA,AF5CFHHUVY7M2WGITP23UH6SJ5UQ","Imran Ahmed K,Himanshu Kumar Sinha,Faizan-ul Islam Salafi,Amazon Customer,Your Bro,Deepika Wilson,Abhishek Mathur,Arti",imran.ahmed.k.himanshu.kumar.sinha.faiza1116@example.com,5555283110,2024-01-18
"AG4KXXU3X2W7U5GHPFTQUH7B74QQ,AGVNR5BV6PXJKH2OXB6HYQN5VJCQ,AGPKKHWDHRBTTI6H2PMDX32QHSSA,AEBE2BCPPVJ4IPBU2J5EPU44WQJA,AELG7IFYME5AQB2B576XLNQDAKBA,AFGKUIIJE6RZVXZ3ZZ4SNSTXE4BA,AFT3A5EEJX2ZDXDFARRX2HR5I6BA,AG5W4UZE7KIEFTWZQAPHOOCNBHGA","Gyani baba,Sunil,Sakethram,Nagarajunuti,Nitin,Himanshu G.,jayachandran nair,Sam Rajiev A",gyani.baba.sunil.sakethram.nagarajunuti.1117@example.com,5556254745,2023-06-28
"AEVX4JV3C4QR3Y3V3RJXQ2WZAR4Q,AHR5JZBK66QYZSEJ37GM3K2DXDIQ,AEAOSBMIGWQY5HFXDMBRQUE3L52A,AGUEJAHXS2LL652SUQTCM52FOZHQ,AGRMA5YXQJV53ZJHIRAIZTBPJ6DQ,AEVLNW7OEHU23QZWBPF2ZLYHTBHQ,AGD6G2GDZX44OOJJCN4TLROEP7OA","Srujan kumar,Sadhu s.,parveen sharma,Patel kaushikbhai. S,Vinoth,Ankita Gupta,Jignesh lathiya",srujan.kumar.sadhu.s.parveen.sharma.pate1118@example.com,5556502226,2023-06-25
"AGTISTATRBDCRY35BAIENJ3YZLXQ,AEV77VMKNNCQ5VIEWG3WOSCCVIBQ,AG23ZRBLDYWQAUQHZH5QYDKSFTPA,AFGW5PT3R6ZAVQR4Y5MWVAKBZAYA,AETYH4YVGJXWRIRQJQUZ7OR5JPNA,AFRYPUMXJ7GTS5G4YBN5B6A6UZIA,AH2AVOZLB7HONYWXE36LNSSH3W5Q,AG6XZKNID4KTQYM4ZI4EYKUIMPCQ","Pierre Francis,Amazon Customer,Ginger,Rajib,Hardik Tank,Sishir S.,Dhanish,PRODIP KUMAR GHOSH",pierre.francis.amazon.customer.ginger.ra1119@example.com,5555027693,2024-11-14
"AGGOQNG25MN3SQK67LCMYO2ANTNA,AGFGMHAZIHB4LSRP3ICDFTVOEYRQ,AGNDEWYGSKM75CIOKTG7OQ2JLMBA,AFHXOJYSPDBZUBOUC44SVFGLXFYA,AGRACQ6KUYCYWALI5HNKD5QLJ25A,AGQFBYYNUJXJSAWYO5LHEQDFEHKQ,AECNIS47DOPIKSIDCNYXX7B7PIKQ,AGXCVMSWE3C7GSLFIZZQAIPXK23A","Samsakthi2008,Hussain B.,Surendrasinh,Mitali Bhargava,Amazon Customer,Amarnath.S,Rajasekaran M.,Nupur Sharma",samsakthi2008.hussain.b.surendrasinh.mit1120@example.com,5553907290,2024-08-21
"AGLUHXCJJDHZGCCQWBKUF7NAKL3A,AEE4VC52GEZBJ62O6SCO43EWMT6A,AFOQTS7SC5AGY5QHWAOGODRYPSYQ,AEDWSW43DK26XB4AM4TRHLPEJ3HQ,AEUFRVIZEZ32IEDWOE3KGCZXPRKQ,AGXY2N4QLW5M2KWTEAYKQSRBLOIQ,AFCWPBRLAMVOA6L27EPNMTLS3IYQ,AEJEWDZIQ3OTE47W62ZJ2HFOLRZQ","vijay patel,Gopal pawar,Anish negi,Amazon Customer,Dinakaran N.,Abhilasha,Amazon Customer,Seeker Seeking",vijay.patel.gopal.pawar.anish.negi.amazo1121@example.com,5557063352,2023-04-17
"AFZOUV6DSSLIWTHCEQED5RR6HGHQ,AFL4I5P7WCRS6SYIW4ZNKWADKV2Q,AGFKMDMUPNFM5JWT6BBY2SEVMHMQ,AFKUC4MUHKKVBKYKGLJ3W52G6SVQ,AHBS5ADSTPJ6C5GUYBPG3VBTVX2A,AHUM2M2XXYNDAMBYGMNREX3XIYBQ,AFCQXQUIMMCKM6Y743IKFKIMAYWA,AHSBMJGIRPF66VB6VR76KHJAB3SA","MM,Tony Augustine,Pradeep,Priyanka.s,Amazon Customer,Pragadhe,Gaikwad pramodkumar popat,Pratik Panchal",mm.tony.augustine.pradeep.priyanka.s.ama1122@example.com,5554375518,2023-06-27
"AE556ASSODHNECNYDEABP6Q7Z75Q,AESPTUXAQMTJ64NCR4QI5N6WL6HA,AEOVKYUJ6EB3K2D3CALSVWOITV6Q,AEAUQLBFFDELPJFM3F6JAIX4VWKA,AFEQDV6CWBY2Y4WS6ALF2BXU7VAQ,AHRRDBQR6IU4V4XBBLSJRRML3GQA,AH5BI7KKCSC6IZ2AS4XJZSQ7QO3A,AH2OKG3SYK3EHZWPVLNDVBVJCTSQ","Rahul Todur,MG,geeta,Nawang,Saff,philomon kani,rub,Manish P.",rahul.todur.mg.geeta.nawang.saff.philomo1123@example.com,5559556005,2024-11-27
"AEZUK5C5IY67OZ35JX7BP2WBG6JA,AEEVM3YPIPIVWHVUE4HARBANNZHQ,AH634NGKAQR32XMOCSUF6LZB3RWA,AEIVSZGOPMZLJCLU5F6NNB7AXZLA,AGSG3TQTQT32FRNXOONXQ4YWXM3A,AG5B4QNGCUV5VYRNLLOPULVJ5N7Q,AEPZI55CSYXEU74X4FXNAOIP4COA,AEP2DVN55BAR3JCNCHH4VDNORE7Q","sudesh h.,Debabrata p.,Zeba basheer,Pk,Sunil,Saurabh Jha,ZAFAR AHMAD FAROOQUI,Mb",sudesh.h.debabrata.p.zeba.basheer.pk.sun1124@example.com,5556435357,2023-02-22
"AGV2QERVROHQ3E44IHQIUKCEEO3Q,AE7GOXE6DZEYGOHGHKUAODAOWECQ,AHNY4SVAISG2VQGF2Q4ADDFZIU3A,AHGCRVLMGOBN45HUKZJJX5WK2TMA,AGDLVWA7M4G3IWDMTUODZ2BQEBOQ,AGZNR56VGSBVUSPZ7ACSMX3FFFPA,AHDRIG7FTS342HRYFJSA2PVXEOTA,AF64JDHZPT4WFDN6FBVNFGIAQXQQ","Aadhityaa,Arif H.,Rajesh,priyanka chauhan,Sudhendu,Dr. Ngemu,Saranya,Customer",aadhityaa.arif.h.rajesh.priyanka.chauhan1125@example.com,5558888721,2024-12-26
"AHJX6GE7IGMLFM75SMKATV5ZRZ2A,AGTYFIQ3EIVLCEU4GJXBMWRBWDTQ,AHOP3ZSYI4ZWF4GAU6Y7U33ZLTFQ,AGAMVFFHI7EL23RQYBA4JTXR6GLA,AHCBSXZTXE7A6XUG2V4664YZHESQ,AGEXNA5HHXTVUSHJNWFCDPCJOOYA,AGOARXYHOENO6YEI7N64HK5CDQCQ,AGKFFX6PBTWUNBMN53YLUH45U6VQ","Bindu,Rajat Biswas,Mulleti o.,KAUSHAL kumar,Chithra Suresh,Rathlavath Vani,Khamarunneesa,Ahmadullah",bindu.rajat.biswas.mulleti.o.kaushal.kum1126@example.com,5553308633,2024-05-13
"AFGVIUCA3RTCKMTDTO3XGNTHYFWQ,AE3AF67Y5YK6UG7I6HIVMWU4NWVA,AHPYT77JL5UZQ6QHBEZMYGK6WPRA,AFSXOLLBT7WLD5M6GMY4BKJP3RHQ,AHORF7KU5KCVPIXFW5LRQKGTKVFQ,AEKXXDCFC7X7LKTIFHISM4LZGYXA,AEEWUDXSGNJ3CNRK3PKT5NPCLNJQ,AHGOIGUEHWNGMJV3KAMYFP2CBJPQ","Rajeev Lochan Brahman,ALOK,GAURI SHANKER SHARMA,Mukesh,DEEPAK KUMAR PATEL,Ashish,JOHN,Deepak sarathy",rajeev.lochan.brahman.alok.gauri.shanker1127@example.com,5557432913,2024-09-17
"AFBU5FXWPA2YVMWWIMGYMA2AG34A,AGS4PLUFYAXTS4Y7Y4Q6ZT37BYHA,AECLI5ARPX2YOZANEVKSRVV36QJA,AGTOUKATNU32FIJPOWKQKZKPPJ7Q,AFM5HEUWEZMBGCZ3GGAXKAUZASGQ,AHSZV233OGYLM4RVHF7F6YJZM5NQ,AHYBTPEMPO3DK4PDH62ZYMP3LG7Q,AHUECKMZOFXYUTC6M3LUATLL6X7Q","rhymerium,Samarjeet kaur,Amazon Customer,K Koshy.,Shraddha Sarwade,messssi,Vijay Ravindranath Sen,Amazon Customer",rhymerium.samarjeet.kaur.amazon.customer1128@example.com,5557084155,2024-04-21
"AFRB32NPLQW24ZGJTXRYK6OUI2HA,AG2PGVWTVLRVZRJCJH3YOWP5FNQA,AGWINPX6IU25IAPSX2FK5NO44NBA,AEORIJHEIQAZQL6IQ2R4IMSB457A,AHLGTVWW4EB3Z3HM6JEPVMFXUB5Q,AH57EC5U62WSRLNIPBXDLBCJQ65Q,AFWSPLLT7BYEGPY2VJGQEMRIW3BA,AFMJDR7VSOX3M5WH2WTORPQ37V4Q","Deepak,Garuda,Shikha,Rajesh Manoharan,Gaurav,Chaitanya Konher,Seetha Lakshmi Rajeev,Haard Dave",deepak.garuda.shikha.rajesh.manoharan.ga1129@example.com,5559219645,2023-08-23
"AHYDKTW3WJO4HNGBHBOAFCJ3LOSA,AE3EGXXGRBM43FWMTLQB37JMC7OQ,AGIHOZJO4PWX5Z37R4I4RQXIZWRA,AE3CC3KBP4BWJZJMRJD4W6DYTXUA,AGMKONPE5QC455TBAZN4QNR73KXQ,AFH3GSHTIVQMKDP27TOCVV33JPOA,AED36GWWMN3IDN6MHKBLYHYCTTYQ,AHOIB4NI2LLE52QK6Y3ISJQUH2RA","Ronish,Man Mohan Gupta,Dr. PVS Rao,Rajat Mandal,neeti khandelwal,Anil,makwana keval,Ajay Srinivasan",ronish.man.mohan.gupta.dr.pvs.rao.rajat.1130@example.com,5557931556,2024-07-19
"AE64UCDJJ5GO35UI7VJ2OCCZMGFQ,AHQNBEQHTS5HDSNP3LMLQA4H4YPQ,AEPSO6AT7QUTF6LYRISXUYQKHM7Q,AH4ZZLZF5JO74MJ3E6WURPHAOKVA,AE6X7T342OTM3RULX5KQPVUT7TTA,AFIWBQHKNAVWZTU7RYW3TJLJVPOA,AH6SPM32C4XZBAFVXZXENRZ54LSA,AGWQXJIDWICZWNZWNO7SKP3YFEYQ","A H.,Amazon Customer,Amazon Customer,Gajendra Kumar sharma,Harpreet Kaur Sodhi,Shashi ranjan Kumar,Chandan Kumar,Vikas sharma",a.h.amazon.customer.amazon.customer.gaje1131@example.com,5551755008,2024-04-25
"AG7XS62BBYTJDLOVUFYPSQ2DZZZA,AHIQFVEC26UUHE433ZSICDBIB36Q,AGEPZSRFODWZ4XUTXO2HNWLJIMJA,AG6LT2H74ZN26WM5OVCIJ6O6A3GQ,AGV66D5F6ULOSDAODDACCVNQ3V4Q,AFFCMTSY6Y6SGHYK7FNX2HBZ3NJQ,AHJC3EZMZ4YKHBUHTQEZQ3BQMZJQ,AELGICL2JENHDPFKWMURBPFAUSDQ","Jasmin Azzuhoor,Shreya,Avninder Singh,Namita Singh Panwar,Vilas A.,ramesh kumar,Rajnish Kumar,Disha",jasmin.azzuhoor.shreya.avninder.singh.na1132@example.com,5554104915,2024-02-08
"AF6I3MZF3P2HMDTVRZR77JNTYUCQ,AFEXRCHGLYKM5ZGHJBVX6L5VIOXA,AGVUL37HNVQISEF42ENXXXXMDPRA,AGLL2HRMUMQ5JRZ7Q7DPQLM2MIEQ,AGQQKGDKYF7X7I4LCCCA52XMHQ7A,AEFAWUMPU4OZI76XQ37T5D7JHLEQ,AGXJMJ3ZVCCFNNCTGL4JX2FYEKWA,AHFQU7X3BLUNYBPNEBVXRU7U5QPA","Santhosh,KR ARASU,Placeholder,Deepak Gopal,Yaqoob Raza,Arun,Naveen Kumar,Anant Varshney",santhosh.kr.arasu.placeholder.deepak.gop1133@example.com,5551289931,2024-09-30
"AFGT22JJOXW56REVEYUUUEME2ABA,AGQ7ATXOIGSUWEFDGJLYRLPICJRA,AFIK7KPO3RADGPXCTCIJAVH42RLQ,AHTWRA4ZWELHIXKE22VC65Y5C34Q,AG6Y7W6NMR5NHG7WBAC6A4FL37PQ,AE2FPXNWO4ROL5WOAVLZWUE4OIAQ,AF6X5BYG5LOTGQA6NAX23M6MBIAA,AGB2NK7XN5VYFYWIZMGLT2GOSZAQ","Sonu kumar singh,Ashalt sethu,Deep Ghorela,Amazon Customer,V. Yuvaraj,Pavan,Pushkal Shukla,Ramsy",sonu.kumar.singh.ashalt.sethu.deep.ghore1134@example.com,5555118049,2023-11-22
"AHBJKJCUV3CH6774KEAQSRLKXU4A,AGYYINJ6VW75W5MDDPE6PJR2QPUA,AH7NGYY4AFPLEZ3NC5GNDLENBCQQ,AF7VPS5PMKH5UYES6FA7ZBWEHDBA,AHU6RJTP3WGFQSGLWI322N7QZYWA,AG6OZOGIQT4YSME7I3M7EHU36AMA,AEX23SMNPHAF7B7TZFQDWKF5ONEA,AEZ5ML7WBTQQFSTJQVN5VVYDE5BA","Ayush kumar Prajapati,Maulik,vachan .k,Amazon Customer,Amazon Customer,sukanya desai,Bhupendra,Abhay arjariya",ayush.kumar.prajapati.maulik.vachan.k.am1135@example.com,5553712553,2024-03-15
"AEBPX652YIDCC2QXOBBBXXZREV5A,AHB35252LHDGWNDLIDUOMDN7RCWQ,AECO65DQ3UZY67KSSN3RSKVWKXYQ,AHD4I5YSPMHXVVRGS4TYHZXV5KJA,AGLW6Q6I2EB54QMWQJTIQIV5WPHA,AF2Y3I2R34UUCFXU4B2SBYXIRIFQ,AFI36ZLFDFH42B4RA7PAXXRQTDAA,AETDNAYCLJMDIBHBHDDOHYNDNFTQ","Priya S.,Aravinda Nayak,Rajasekar,Amazon Customer,pratik rathore,Rashmi Gupta,Sujit Barua,Naman Jain",priya.s.aravinda.nayak.rajasekar.amazon.1136@example.com,5555975991,2024-04-23
"AEOBCJAUHKQ3VOH4XXCLGXUUDXCQ,AFFPSASZUMB7UWM5JQETXHG6LA4A,AGYH7DGFYWVOZIPJG4JTAWZPZ7RQ,AEFUJZ7AZW6MNREF2KOJDSJSYW5Q,AHIKGYNU6WNPXPTNQ754PCL6LKQA,AGZG456A7LZTCMX4PFFQJDOOAHTA,AFEB2FWJDNEWTE53GMSW5WEZ6AUQ,AFQDNUZPX7U57MYDFE6G63KARMJQ","Vinesh,Jay Sah,krish,legends2k,Vijay M,Vaishnavi,Kapil Gupta,Ajay Rathi",vinesh.jay.sah.krish.legends2k.vijay.m.v1137@example.com,5552251043,2024-02-09
"AHWLTHKYKXVQESLJVESM5URXROEA,AFEFEZTZWJLYZGIVR7HLHRI3W5IQ,AFZLSCVPVJVKTHLW27QNQ7NCKILQ,AEAX5Y7DTTQZQWVZQMUAJ5OCQWXQ,AH22UNUP6EJE65PJ6DWGBZL2A3OQ,AEMRAWUZLEF3OUDOHGY6R2K5J6QA,AFCZVT5Q2S2GGB4UUZE6ZFHFJDYA,AENBJYCQHVQ53U7RS7BITRH7MDJQ","Vineeth,Gunjan garg,Gemini,Aleena Antony,Animesh Das,Ashwin,Hukambeer,Vishal gupta",vineeth.gunjan.garg.gemini.aleena.antony1138@example.com,5559611624,2024-04-21
"AHLSYCYRDNSLULX4Q5KSDKLBPP6Q,AHLTVQ6ZLVJWC4WDVY7SLO34XJCA,AFFUD4FDZRW3XZWBLQZSWI7AGFVQ,AH5LM3I7HGYK3YAX2ZANUO2KCZ4Q,AFH5ZTE3LQMVPCB6QL2KFB52KQBQ,AHOBQSYNMOKA7BB6ZZLLDWPMBUYQ,AHRW66EALO2DVLGGMFXH72MZZFEA,AH2TJNSBMF5HQIGCT7GTQEQDVXTQ","Ateendra GN,Salim Azad,Sanando Sarkar,Shivam Bhalla,Balamurugan Thangavelu,Souvik Mondal,Grace Fernandes,MUTHUMPERUMAL THIRUMAL PILLAI",ateendra.gn.salim.azad.sanando.sarkar.sh1139@example.com,5551227494,2024-04-20
"AEZWAAKKFCXMULYUT7J5ZD3RGU5A,AFFU3N2R3CXUIL4HQJUM2FTMZDYA,AHR75VP33NISTO46J4HNQS5CGPLA,AEZLJ6HCUWVZCDN2QPW4AE7HGRJQ,AFIWT3CLAKB55S43VYSJ53PPBPQA,AF576I7SULY4ATULSJBW7KGAK4VQ,AFZCIFS5Q5VKKUK7X3MAEIUK4WYQ,AGHU5JLUIGVJY4VSZ43QHW2Q64VQ","Ramaan Singh,Rajesh Sharma,chandra bhushan,Afreen,Bhima Merad,akshay yadav,Devendra Paliwal,Neeraj pal",ramaan.singh.rajesh.sharma.chandra.bhush1140@example.com,5558177791,2024-12-04
"AFSITWWNNRRRYZ6LBPGPBIZAQDXQ,AEKOYL2NITTWDV2725B6QLTUYGBQ,AH5FY7IIP3DJVNWTYOJ46P5M3WAQ,AGWXGUALH6VESAYTZGWBZBUDTWFA,AEH37ZM7QT7HC7PJUDD2OMJUQ3ZQ,AHQ6V572IRATWTVUSX4ZHTEOJ6LA,AFP7UACKVYT7LCUSAEQ43ALJK5BQ,AEG2WHR5FSYCEYGD3KEKGENVLP7Q","Hem Chand,MSA Baig,Swaroop,Amazon Customer,Nithya,Mak,Omkar Sonone,Sanket dhar",hem.chand.msa.baig.swaroop.amazon.custom1141@example.com,5554854209,2023-01-16
"AFPPIAJJ3UPHOS4GKNCSCB6WEVKQ,AGA7WBYRWAQ3J3OQ3DWKJUZK3ICA,AFOTWKP3UAWSJWRUK25NQLUAM6QA,AFN56JFPWCIQUPBWBBKRTB5ACQFQ,AF5KBBY2ZAPSPXB6U7B4VLO2VT6A,AFDH62TEDBX5SJ3FSKZSAX33DH2Q,AH2SDDRNAZIYHVJYBDDCBH4KRQNQ,AG7SOO7BTPB4YXKS4G5UITCFX4GQ","Amazon Customer,Vasireddy ravali,Chandrasekhar,Vivek,Jims John,Jun,Jyoti kapoor,Binsu Augustine",amazon.customer.vasireddy.ravali.chandra1142@example.com,5555720353,2024-11-17
"AHHBMYHNLEWTUVSATQ2JSLH6N7LQ,AGIBUV2VEAGMLKIACL7LEE2P2RQQ,AFNF7FSMSFXXMWH5IKX37LUXMG4A,AHGGMK5IGT2IKSYYR62ABGCO4HZA,AE3FL6OXMXKQCWOBJCDYMJWNA4EA,AHU44INII7PA363NXXQYT4LH7FSQ,AGSGVTPC7VEW2IQVST3XMCNBZCDQ,AHPVM7CXQYY2UPGMQCIN3CYZMCBA","Ashish Mishra,PREM SINGH,Manoranjan Behera,Anurag kumar,Tushar Aglave,Samir Sar,GrK,Ravi kiran Mallya",ashish.mishra.prem.singh.manoranjan.behe1143@example.com,5558825772,2024-02-14
"AENNXW426LQ63GMKZIY7YEECRBUQ,AGAQKYRZFYPLG7NL3P5PPBBAWIRQ,AHDPIFU3ZXS54PZ2TX26RCZQ4HLA,AGIMQYYJFZUX57YLHEQKRD4MEZMQ,AHESRTFWPTZDAFJBW47UFMLQLEMA,AE4X4RZZDN6H2D7NHKZ66VLDES7A,AFUT5RC32UT3SXTXUMYXYLS2Z3OQ,AFDIQRC5FKMI2FC442TCIH7FID6Q","Riya,Titika,dilbagh singh,Aiysha,Amazon Customer,Faraz,Devika ramana,Raghavendra V",riya.titika.dilbagh.singh.aiysha.amazon.1144@example.com,5554290106,2024-11-14
"AHSGCVKHDAXRUG4R7V3RB6WYLZCQ,AHFTHBS5KCQWNQIYBUXWLMS6VJNA,AGQAZKHJRJ44EBAFG5NLJWB6VORA,AHZO434YNBOOY33A2IHP3RCV6FOQ,AGNUIVLVQZXACC7UBK6KUYONSKFQ,AFHTHDZC4BOFGJAGPN5EGVLT76NQ,AGR7ZWKS6IANTUZJ26FNMG74IUOA,AF2NMGMO6GOFFYU3TYVZYX6KU25Q","ASHFAK KHAN,Uday,Amazon Customer,Birendra Rai,Popi Das,amit kumar,Maneesh,ARITRA MAJUMDER",ashfak.khan.uday.amazon.customer.birendr1145@example.com,5555034394,2024-06-25
"AHXO56F7SD2DIP32TF2DYFXQRYLA,AF2JRVSNIBOLEQ7JJAMEDYI6KFNA,AG2KZIEWJBPZO4LANZZXK7YITI7Q,AE6HZIWCKGIK6A5E2O3FKGEOXWMQ,AF3K2H5T4WJA34CWHVX5GP7UR5BA,AF5B57TLTYLJQ2ZKIKWG7Z3X33UA,AHQRQ7SYZACJCC7C24RA7UIAJQDA,AHAJEE66NTLWNOEFHFRCXAEWBCIA","Satya Ghettem,Amazon Customer,Selva naik,Aran,Ashfaq Ahmed,arun,Bharat miriyala,Gaurav",satya.ghettem.amazon.customer.selva.naik1146@example.com,5558593019,2023-02-02
"AGW2ESCSKYPOEDCQW2H3CYYA3QBQ,AFWNPTLGMCGHXXZKYKCF2C7BLBFA,AHSBHHTVA7JAYRS6BXGOSRKYHO5A,AGBPYYXPYFPYEL5GPMNEFGUBHUIA,AFLAE4TFD7YC22INZXE2MTEVRBQA,AFJ5MWRUWPXTC7NZYKXRXMNOKV6Q,AFBKPWYCMY4EJHOAHFRWNEUOPCMQ,AH4YHJP32KW47POTN2WRWIKJV4WA","kishor kumar,Nitha Hashik,MUSER,Raveen,Amazon Customer,Sukku,Abhishek dawn,Sn",kishor.kumar.nitha.hashik.muser.raveen.a1147@example.com,5555856022,2023-04-07
"AH3ZSUV53ESBP32X2A35F2JJQGZA,AEFLSGZLX2IZ46ZHEXXAGLAWX5XQ,AFPSNIOJFCYMXZ4Y5KYAYOYMCHMQ,AFXDV4IJ5XF3PUIJXXTBDPB2QWNA,AEVP7TTOWOQMU24YS23JQSIHG5EA,AFIB2L4BUCFPIG5U73AN2BVJ3QSQ,AEI3YYFPUCPXOK5MAJVB2CKZHBYQ,AFWTLKVVJSYFOHJGGWNK67SCX4NQ","Esther newmai,Shravanti,Shikha,GOWTHAM B,Kindle Customer,Aveek Dutta,Neelanjana,Sanjaykumar Ingale",esther.newmai.shravanti.shikha.gowtham.b1148@example.com,5551789294,2023-07-17
"AEANG43WACMLOHWRIT6NS5P2SEYQ,AET5DGQJSXDH3XCLPQBTUPRXW6FA,AHS2NCPC5DU6FFUEWEJ2DVCWBFLQ,AHYAZBKFP25QVIQLCDEJ6UDI52SA,AFSPVLIMFSGKQR6ETXLQ23M53NGQ,AE2TW6ATJ4SP2DNK4TH4DFYENOBA,AHIXHFFI5L4PB2TCIFILOKL2JQQA,AFPXOI3VE6B3BVBLXEM2LPXNSX7Q","chetan,Gurbakhshish s,abhikant,NIKHIL,Halima Bibi,Sumit,Mayank,S Nath",chetan.gurbakhshish.s.abhikant.nikhil.ha1149@example.com,5556950412,2024-12-10
"AF4T2X4ERS7QGU6JMK3GRNIMH2AQ,AGVN4E6XEWZFGGBQRKLBDQDRJW4A,AF3LTXGROTRPTNO747RCWCTEONUQ,AEIM7QAPGI5IXJG5XRJCLPBNDNZQ,AGWGB5WLNQZEBFOISXW562TNCKNQ,AFBZ5YXV5MZWW3BL6D74PJDKEM7Q,AFAQNP7A3V3LBMYSP2GNUNTQIZ2Q,AHYFD4V3SISZ2UMN2RLAF472Q4IQ","Nanki,Amazon Customer,Rishikesh,B.kiran,Anas,Meenal,Faheem,Partha",nanki.amazon.customer.rishikesh.b.kiran.1150@example.com,5555957414,2024-07-23
"AERJZJB2VKDQ53SXTPGMBWV7Q7VQ,AGG6QX23VMVZKIKG4SJU4UBNM4SA,AHX2T2DQRBQPRTNZ64BQE5C7PKDQ,AGAOBZI6ANRCGVDMCJXTSAKF4GHQ,AE5NYBPJTJOSK4VJU4OTM75E4OBQ,AEVRANATL7R2NNKWWLDL5XHSG66A,AH3SY72KQ65HR7YHYZ2MINDATYKA,AHFEHKYNESEZDPVMXT7UVI6U6KLA","rahul,Kranti,Namrata Tokas,Farhana,Sudhir Prasad,Vishal Chaturvedi,Yukti m.,Harsh yadav",rahul.kranti.namrata.tokas.farhana.sudhi1151@example.com,5556590329,2024-04-09
"AHXCBTJQZHWSZ45OSYZA4PGMC4UQ,AFKCVK2XABWVJXQC4AHL37WW2FPA,AHVWDCCSUSY33GE2QNV5BUQ5OB5Q,AELWEKQLTYE7G73II3CIQS726XKA,AG47744WDABVHDCDS7565VQQMQEQ,AFU3SQTJRUHU6A5SSPEXSO2YZWJA,AFOAABE5YGL22LDEWBCJFVDBHS5Q,AGVMPCT4JBSS73OFHXFO7ETF5DOQ","PRADEEP KUMAR,Vishal,B.Satyanarayana Murty,Sameer,DW PAPADKAR,Biju,Lakshmi Shunmuga Kumar,Amazon Customer",pradeep.kumar.vishal.b.satyanarayana.mur1152@example.com,5554718733,2023-10-22
"AGHRHCHAT6IPHIIAOXM2GKHOUCCA,AGAOWLGAUJ7WGZNAEUHHSWYYORAQ,AEVQJEWD6UXEKBEG7RAJA62DJZEA,AGNWSHTGWUQFVMEEWNPCPYUDI2WQ,AEYG24SMQANBEU3UKLVWZEYOPW3A,AH4HN4GYUN2DR2DRBIX2P2SSQM2A,AGNHDWQOX4UYZVQ4IZVKARWE2Y7A,AFQDUDTKYRT5XACIAVGGUJGMTIJA","Anshu,Beena kumari,vijil v v,Pramod,Bharat Pansare,Anand,Kindle Customer,Pooja Shukla",anshu.beena.kumari.vijil.v.v.pramod.bhar1153@example.com,5556853108,2024-10-18
"AFJLDRIDWU5X34BNJZSWOG3FHLRA,AHXKIRJTURRXQ7DQD7U4NARBKULQ,AFQO7DAL3YEZNXXLN7TFQIWVO3IQ,AEYEAXP3BZLJKEWT5IPHCOH2KTXA,AFDGNLHZOGP6EQITYFRG7NVKFJWQ,AHRMTJI2P2FYQXZF7P6PE3DCVGSA,AEPVE4Q7HRVR3QMCG6ESOSXYDQDA,AFX24UUAJRY7IISDXX3BFEDKLDBA","Vasu P,KRISHNA MOHAN LANKA,BISWAJIT KUILA,Sai Praveen,Chandra Sekhar,Abhinav Rai,Deepak kumar gupta,Syamkrishnan G",vasu.p.krishna.mohan.lanka.biswajit.kuil1154@example.com,5557133235,2023-10-20
"AFD544VTKFVTUBCBN3HKF2KO33TA,AFGRUPW5QB7WCNB6QKBQJWLRD4SQ,AGRR6GRZAAPRWPGGLWWM6CDWN7RA,AGJGG57T4EJP24EKCE3C2CK4NW7A,AHVU5PK5OI6FPAUBWIMRVJI6R6TQ,AHMOWP3T2SGVWPONQFVMQF7VXWKQ,AEZVTURO3RCW36HWUQCQOZNUVTUA,AHW4IKM2QWQX22HWYCOLRRSLHPGA","Shalini A,Vishnu Mohan,Ayush M.,Shefali jain,Charl,Rahul Girdhar,Deepa rastogi,Faiq",shalini.a.vishnu.mohan.ayush.m.shefali.j1155@example.com,5558911427,2023-03-17
"AHVVQSZB3JHHISCLVRS6TQ3C4U5Q,AGZBGKOW4VXFSEF7XEZVSQ64QYPA,AHCWZE3EM52ZUVKJW7SOXP6VR6LA,AEVLA6TQL2TPG77DKRJJZAW4TAFA,AFNNCGL5JBORWSOVSUZOR3QLDPXA,AFZG5KAKVPLZDANPRWUKN5BWXD2A,AE4CX4G4C5JU6S4MBHE5YZO3AHXA,AGA33ZYLMIQ3HBG5ACKY5VEETEUA","S@NU,Osama Ahmad,mukesh kumar,Sandeep,Saumya Saraf,Amazon Customer,Aijaz Mahmood Ibji,PRINCE",s.nu.osama.ahmad.mukesh.kumar.sandeep.sa1156@example.com,5551877239,2023-01-09
"AHL4FIBWH6TPOJZ476FTXTHNENWA,AEXAHI5CKWRYPNEQ44TTTRH2P2BA,AHQEKWKDWXOSWBYR3NWYXYNBHMEA,AHPBB6JQ4LLIUNNIDVY4JLISWOKA,AGHFLMM7R26ILT3NQZCK66RG6LSQ,AGMXXCHBISHJY74CBGESRTYDPFXQ,AEE3AO34SPLLZWYEDMWH5JJWGQNQ,AFXCPBDKDKLHFF6T4IBIOSNWH6SA","Poonam k.,K RAJESH,Mr.kumar,Sumegha singh,Reeta Ray,Daud husain,Meenakshi Chabbra,ANIMESH ROY",poonam.k.k.rajesh.mr.kumar.sumegha.singh1157@example.com,5551456928,2023-02-15
"AGS4ODHNPY3TQGAIJFDY4I33URHA,AFFSSRKP2H3OGXCIJXFM4EJPPYOA,AFZ3M7CZNIRAIQ7MRL5IOMSSDREA,AGCI75IEZFCJRJTO6PEM5QECBNEA,AGCDE6OVTHMBS6JH5ML2LK6ITAEQ,AG3NJTJII7WAT5XWQ2K5AATDZTXQ,AGVNPLKC3QPYKKS6K6WXYP4LCCAQ,AGHEWBWCR2RQ6TTCX6RYM2Q4TZAQ","Tengop,Jeevan Gaikwad,gunashekar,Vibha K.,Amazon Customer,Prashant,Meena Murarka,Negi",tengop.jeevan.gaikwad.gunashekar.vibha.k1158@example.com,5554105671,2023-03-22
"AE7FJN3NTELV6LEGHCJEF3KVHDTQ,AHKROJWBVJVV7IKLAA25VSE6D3DQ,AGVKMZBRHV3SFV4YC5BYJPTXY6CQ,AFFWY6CWXFXPQZ6FP4RDR3FHTCUA,AFHIHV565WL46UIVDWGV5UZHZFXA,AGPWCDNDTSD6WCMHDWECMEE7WQTQ,AEMUKHRIKGIUXS6PTQTYDTMGPNMA,AERBIKQOWRHZIFLPTJF2KBWMMN3Q","Sai,pallavi,Nibin BN,Suhas B S,Filsuf Navas,shoaib mohd khan,Akshaykumar Navlakha,Biplab Sarkar",sai.pallavi.nibin.bn.suhas.b.s.filsuf.na1159@example.com,5554277698,2023-12-11
"AG33A6XPV67G77FOMXFCNTTPNT4Q,AEOZ6IIJSUVKY2DNOQELNMP5IOQQ,AHCYUIAHUVSXADLSWJDVSHMJFLJA,AHGEW4CMLQ7VCFGGWB3DZNZKG34Q,AH4RT3Y2GD6IHEFNW3U3YFR2GG5Q,AE3PDSVEERSBHPUPUMIXEGBQCB5A,AE5HUIXKA7KHNJP7S6ON4CEY4R4Q,AFWLTMPGTO2JIFW3KVLCHQRKKT7A","Vinit S.,Amazon Customer,Milind Barange,Aniket Bhoir,Roy J.,RAGHU RAMA,Sridhar S,Sukhdeep Kaur",vinit.s.amazon.customer.milind.barange.a1160@example.com,5553676934,2024-08-27
"AFOFEXFKGILFV2MXRWKIQNUBGBIQ,AFF6RNKHPURFSB5UIHSDV57IS3QA,AF6JFHLKQS4FIBNZL2RXHSP2JWBQ,AEPPIQQURP47JFRUYVS6AA2SM4AA,AHUKPJSLGRSR3QF4RCUALWBOTCBQ,AFV32V72IHKH2ZAH2IEVBKFU3Q4Q,AGKHS73PPCIKJQ7QX235SKK7YMHQ,AFZXGY75HWOEPDLC22OUNIQJR2QA","A.D.PAUL & CO.,Suraj,PRATEEK KUMAR RAI,Swarn Gupta,kalyan,Esther,Krishna chaithanya,NILIM",a.d.paul.co.suraj.prateek.kumar.rai.swar1161@example.com,5558550985,2023-05-31
"AE33HJDC2ZFONU6UHWESJ4GJ25ZQ,AFFYMSNEPTYBAA3XSKSKTTKL4IMQ,AFWLEJQMVZSV4NECM7C4TABYGHOQ,AHJGMKHBETYL4Z62HIET2F5A26LA,AH3NI5PJBOIMZUQC5QQ5KXDHDXDQ,AHYFYPIPAAEIIOCW7BEE7UHNOGHA,AGVTOMJQZYE44OZJMCZQTAQSHWHQ,AF3X5V6QWE5IUSPU5AHGCLIYQMAA","Sunil ashat,Amazon Customer,sandeep agarwal,Aliya anjum,Archna Agrawal,Biju Chalil,Inspyra Technologies,Lathavenugopal",sunil.ashat.amazon.customer.sandeep.agar1162@example.com,5553220121,2023-12-08
"AHVZ5IAOQDTXLG7AYCDLY5WD5PHA,AHS3LX2IOLEOR2UHJYGGCX2NI6HQ,AEVSZHH3OHO4MIVQF6SGZDVVRFVA,AHKH6KARYAE2LBQTRJTOQQ4A2KHQ,AHMI2FIEMNMACC3DTD5FDHX344EQ,AHWRUBKKFE6ZTAPAAR5RCSTAPQUA,AFGD7XWANZCPZOJOTM5PO7TCC4SA,AFWULLB4WTCWUBS3KIZWV7RMFAAA","Abhishek Dutta,Sai Naraharisetty,Jay,Amazon Customer,Rajesh Yadav,seshu P,Kabita patra,Amit Kumbharikar",abhishek.dutta.sai.naraharisetty.jay.ama1163@example.com,5555493696,2023-11-11
"AHV7VFXJYDBTWGFGTXFVC65CQIVQ,AGW6QL436PWO4PTS75F4GYFM6TPQ,AEET56DWLVEJJRK3CQLKWYUG5W4A,AGBRFUHELLXUZJTMN2XOV5IHEUVA,AGRGKOV4SZL6UI3OMEMDQKJUOMWA,AH72U56SHLQV4MOIZHY7OJODJUAA,AFSWFVAHMN3MNN457KL457SXEXOA,AHHOQFQAQ5UY2BHG4MLKV7M6LOFA","Dattatray Jadhav,Amazon Customer,Akshay,Asra fatima,Amazon Customer,Kinjal Shah,Reviews for you(s),Rohan Varma",dattatray.jadhav.amazon.customer.akshay.1164@example.com,5555994800,2024-11-25
"AEBNUYHIR7GVMMLJXH5ONPDIJF7Q,AGPI7NG4ZSTCPPICRFVFF3BZZKJA,AF2ZSXZS5476YN4AMMKPGHYPSUNA,AGI5JYP2PTBS5BOW72RQ5IOS5WDA,AHLV2WM2F4G6ZNVZQ5QFP54YKIYQ,AFQBR22IILK5VURY2SHERMQK4GQA,AE5MAL4I5X3GDH2YF3MSDC5BPQCA,AG3VYIAF4Y62PHDG5OAJK2KF4X3A","Vamsi,SASWATA CHAKRABORTY,nikitha.m bangre,Madhav,Monika rajawat,C,Elizabeth Paul,Amitendra Mukherjee",vamsi.saswata.chakraborty.nikitha.m.bang1165@example.com,5559070064,2024-09-06
"AEFNT7TWJYDOX5RL3Y5YW77IZT5A,AETQ6J6XGXAXMOQCY3VCPLOJ6WFQ,AFHA226SDRCFNI2A6W5IBCVKEOCQ,AH7CI34EC4Z364IYMFO6LBNA67VQ,AGN4KBBUYAKJFPC3QCNLXJ24Z4YA,AFKFBTTWJBF4ZULRAQ5HQ6JUUMUA,AGECQN4Y2J63ODHOTCU6EK3MX5ZA,AEEGGJUP3XKWMPAPJDTY5TEICVNQ","Taniya singh,Abhidha Goswami,Surinder Kumar Soni,Imran shabir,Nidhi mishra,kapil dev,Abhilasha,Tamanna",taniya.singh.abhidha.goswami.surinder.ku1166@example.com,5551838575,2024-10-16
"AHFX5HMDRZADFXH5XYJLGRDZFM3Q,AEAK4OYOCJC43VRIH3NDSRTPNIAA,AHT6ZEDKJSMRZZ5QDQDQ77KPIX5A,AH4JTC3HW6JOKBIRQQD65TQA6YVQ,AE2LOPNSKMI6BX2SCFLMGUOITKIA,AFAMW5VFGUDWD5EG3XOVTETFW3KQ,AHBRVKDGN2EY76OONE7QQSLLBEVQ,AGE5HMZHE7YBYMEAQJ5B4CP7HG7A","Prakash,Amazon Customer,Deepak Chhetri,Sudeep,jk,Gnana sampath,yogesh aggarwal,MAN",prakash.amazon.customer.deepak.chhetri.s1167@example.com,5551097485,2024-08-26
"AGYYUWOUJKKTMI5CXTJHL6S5YKXQ,AFNA3KTCXDH5PVLFM3OD2T6CGYVA,AE3CY2RS5BHE5G25RBAQFUY2FDCQ,AEENNI7W6SOEI77V5T55AFK62DUQ,AG37OII7FSO3PNOBDK34OCKYHFMQ,AFPINFUHYQXL62GQ5WIJIIAOGBTQ,AGNI5MF4JAOPSC4YENVQ66JSXMOQ,AFHAHH2DM5FFTGWJWMQBFMPZJE4A","Varun Dubey,Vanessa,sowmya varukuru,Placeholder,Jacob Abraham,Chaman Pandey,Nishtha mahajan,rajaram",varun.dubey.vanessa.sowmya.varukuru.plac1168@example.com,5551407383,2024-04-02
"AGWWAYI5PN6JJ6UDW7QGDYYH5LHQ,AHFV5ARR3PS2ARXNE6ZUZWY4WTSA,AHRCI5GQKXZVJF3CJZTTJPDLVAMQ,AGAX7R5GL5K2RGHQSQTDMPYC72PA,AGYHKR66NKJAPKDC55IEHLPVQBHQ,AHGV2ZMWXKZRSG46I5AFRD5GBFPA,AF2Y6OLJTC5NXEHBTQINTOFXPV3A,AHLVFDJW36WQI2EAJURC4Q4525JA","Govind Khatri,Shanmugam,amrendra,Giji Philip,Khaja Jabbar Ahmed,Sivan Sai,vijendra Kumar,Amazon Customer",govind.khatri.shanmugam.amrendra.giji.ph1169@example.com,5553803494,2024-08-19
"AEPLCTMJT4PB45KID6LD2QCXWFRA,AFTPT6SDAPBP56ITOKZY3442VXDQ,AEAXGTO24BDGSEOOQZQD66GYWOMQ,AGRFU2E5332IPYIHMDTNR5CLRAFQ,AER6BVYOQILND5BWBPLW23VBZUHQ,AH3WCF4HQWRGOSXW5I3L4QNGT6EQ,AHM3BXOUUDTBKLOHL25BC3ROQRXQ,AHZKJ2F3AH7NRAMA5QYV5DKOBMAA","Dasarath rao,Giridhar kumar,amit ray,Chitti Trinadha Rao,ANKITA CHOWDHURY,ANTARIKSHA G.,Anirban kundu,Kartik",dasarath.rao.giridhar.kumar.amit.ray.chi1170@example.com,5553691138,2023-09-09
"AFQWELRSJ2U4E2GUXWDKEGNYOGJA,AEHD5BWCDLH2JHNRTU4CYG77GKXQ,AHFBHTJ6XSO77AL7PDKEF2O2QAFQ,AEAAA47F4XDSXNLTFKAEKQXYDDCA,AHETDOMLHXT6JQVMKG2U7NOSSZOA,AGK7SKRMUPZU3HWIBRGRQPBO6ATQ,AGEO4GF6QGKGSKFR3TPV2QB5RO6Q,AGV7SFITZ2DQMTXD57LWEKIXHE6Q","p c joshi,Amazon Customer,Pranav,shashi Bala,Prakash,Vijay,M Amjad H Siddiqi,manju",p.c.joshi.amazon.customer.pranav.shashi.1171@example.com,5553078474,2023-08-11
"AEDWGHRREZFUGG26RHCC755HN7HA,AEHCKIGIFLT2FLLRLX7SPCJESYGQ,AE7SGVKTAI4S2KFUR322Y2MCWYFQ,AG5BGJGG7C2RVJR4EFQIISIJ2YYQ,AHKUTOCV35GQXKKER66MS7NYIUXQ,AHNDAZGEJUCDIFQ5CVONDFNJQHOA,AHHQSBPLDA34RFVGLUJTK7JWFWXQ,AHQNLR3YPZ4EQS27FI6K5K3JCMIQ","Rohan Sakhare,Naveen Mishra,Satish Kumar,Vikas J,Basudeb Mondal,Quiet Noiz,Mamidi Sai Prasanth,B Sathish Naik",rohan.sakhare.naveen.mishra.satish.kumar1172@example.com,5559066214,2023-12-19
"AHIVX7Y7GNWVU36D4RNPEFSHHQCA,AHJDB2E42D2O4IUV5IV5HDN75O3Q,AHQASZSLIQF46BI7YVMMTXZIXXUQ,AH3Q23KAOXY4OMDBKJR4DIU7RIEA,AHJDQ4YHS7U7JGX6HJY5OU5IBVGA,AFWQOENTTFZVSVZPJGTHXDV7G5JQ,AFJRZNL7J4OL63FWNNUFK5PPJZGQ,AG4KR7KOATA2RKEX5D2NQICRFZ3Q","nagarjuna pedamuthi,Nitin Singh,Rahul Tiwari,JR,jagadish talukdar,RR,Nitin,Deb k",nagarjuna.pedamuthi.nitin.singh.rahul.ti1173@example.com,5555879613,2024-02-19
"AEAHCVLMYLKLICSIKCTUS54NVQ2A,AFRIWQJKFSDZKTRTU5RSBKSQMIVA,AHFQXP2EQZOT7NTNHK5TMB6QA5QQ,AGLL6YL7RHHSDDGKWQO7ZIG3TXDQ,AGT4T2NBHXL5XVSRRCKSIGW7LDJA,AEAZZCC5KRGSGXGTGBRNK2O6IDAQ,AGBESE5F5QORNV2B6HE4UL4AMZ7Q,AE7QJ5FKTIU6K26GFQWGMXKO2MGQ","Lulzdrone,KRISH,Harsh Shah,Harsh,HaPa,Inderjeet Singh,Amazon Customer,Peter john",lulzdrone.krish.harsh.shah.harsh.hapa.in1174@example.com,5557538830,2024-08-11
"AHKMDKVJS3O2FONH6P2GLWKV7BGA,AF34WPWTTDCKLYAOTG56T2KNCBRQ,AG4L77PETD6JPT4LLTVG4WDS72PQ,AFK7BE52MSABKTBBCCFFW6SINUYQ,AFZAJPI7LJPDCOSMY6ASVRJOECMQ,AHYIUARUTB7FHBZNQDO2RVV72XFA,AGJW572HJZWB6REZMBNPGF2PEYPQ,AGTPLNZTYUEFVBGKKKMV5O66LJIQ","Narinder Kaur,Heavenly stuff,tejaswi,nirav,Sagar Bhalerao,Adarsh,sindhu,deepa",narinder.kaur.heavenly.stuff.tejaswi.nir1175@example.com,5551667944,2024-10-13
"AGYWNEMMI425KXXTZCVB7FOQBWNA,AHFXBNDCOX7XWOQ3AG6PTK6LOF2A,AHLPIV7SYJYC4OPSLCRAC3YVJ2YA,AFNXN32OITFCDL37ZNCO5GVSWGBA,AEHYZUICPG76APEFLWIJM2VEL44A,AHN7KDVM3CXUADMOVMT45XTTPQQA,AFPPFPKUIMU7J2Q5XECEA2OAWGQQ,AH2NDKEF6SAXWMINDMG7S6YD7IMQ","Shravan patel,Tajammul Hussain,ANSAR JAFAR,Warrior Owl,Suresh Prasad Gupta,Kashif Shaaz,Tanya,Vinayak",shravan.patel.tajammul.hussain.ansar.jaf1176@example.com,5552345943,2024-07-19
"AEACEPNVLWUZDAPOTC4PB6YMDU4A,AH4HHPHQEEW6TGP4SIWHZPZAUM3Q,AHQOM5PWAU6KFW3HTQIT4BOV2XEQ,AERKVDGB67MRPUA7EHTNJYGY7JAA,AF6MFZXNYSO5M47G6B3UUTJAINPQ,AF2EXNHBVW22JUI2M3SOSBOLFKTA,AGIJXNFC5UX7UAPUWQCEFE2IN43A,AFU2G5BSSM76EG3V5K6ZIZ3NVIRQ","Sandip Biswas,Jatin Solanki,Javid rehman raina,Prasoon s.,Pratik,VASIM PINJARI,Shruti,Pooja s.",sandip.biswas.jatin.solanki.javid.rehman1177@example.com,5553754284,2024-04-03
"AE4755NP2P2WIA3W6UZ4GBQUMYJQ,AGWJM4UXHNXL35HZ2RI6VJSH5KLQ,AH5Y43O2IZ3KNXE766GJMNEVTYZQ,AFQEZSS2I5IGAKZY3Y3CGDZLCJIA,AGHZSEUC44TVE5MU6KPGKEPS6ORA,AEJHCNCKOWWSZBGYQZF34SCZVKZQ,AEOAQQUIW5XQW2XAAIMHD34MNHAA,AEHANMVD4Q7UEQ2XXSW7XW72EJKQ","ANURAG,Amazon Customer,Pallavi Jaiswal,Anshita,Pooja Bhargava,Manoj singh,Akanksha,Morpankh art gallery",anurag.amazon.customer.pallavi.jaiswal.a1178@example.com,5553697072,2023-11-16
"AF6LRVDRKYWPTZXZLQERZ3LXCWDA,AG7FU75LA5ONPMNEVH6X47PHPHYA,AG3YRWMWYEW3G2WELWCNIU2H7HQQ,AGXZDH5CDJHVZVCYA6555BIZIWTQ,AEP6P6MBRADJL3SDICYEMQUWXVEA,AEVOU4VDGD6M5VOUU47DZ7JRABEA,AGA3BZEL7AM75FQS67KO32HQKWHQ,AHYU5NW2HTBFSIBPELM5BWRVFHDQ","Anmol Khanna,G.l.sudhakar,Amazon Customer,manoj,Satya,Swarup Panday,Reyaansh Arora,neha keluskar",anmol.khanna.g.l.sudhakar.amazon.custome1179@example.com,5554372107,2023-01-24
"AGG6B7ZD5FGH7KFHMESWE3VMHGBQ,AFEETHDN6SAGGKCZIRQGUDEOI2CA,AGTEW64WBNTZFGCWJFDWLOYQQXWA,AF3B6IE43CRY3EPVX6IXI2L453KQ,AH4F52IVOKDLXOGFBNZTNC3FHSJQ,AHNXK47JHYPTN7OEUHPGH4KKQUWA,AH3WE6333SFYEWEFIND2BCGNGJLA,AFHMVP4622IBCZIZ2BQ2DQYMRXYQ","Placeholder,Saddam Suthar,Priyanka Kasare,Geeta,Ahaan Zidaan,saransh,kaushal,Priyanka Mishra",placeholder.saddam.suthar.priyanka.kasar1180@example.com,5553069109,2024-12-01
"AF7UYUVEZZUXIIOJWWI776NZPTRQ,AH6UCH7MNAI4EDGZ2Q52KI4MDDBA,AHAC5FGED7HOO5GSKRTNCX7RMQFA,AFCQT3WCIYIHW4QJCMZSEXJ2A6QQ,AFNH4WZFYWT7D2WDKDIWY4YTR3CQ,AFKSVLIYFZUL6NT2QFBSXMWYZUCQ,AGXUG6UVU2G7J3OXP4REN3VZCE6Q,AHRFHGMEBL54OW7P2XZGYOFE7WKQ","Megha Gadiya,bharati boro,Ruma,Sai Raj Jaiswal,Kirti T Zanjale,Sinabail Mitra,Faizur rehman,Sanyam jain",megha.gadiya.bharati.boro.ruma.sai.raj.j1181@example.com,5552784373,2024-12-13
"AGK7PREKINHWXGPFNGY22DD3HBKA,AH4R4F2GBWKTYFEROXDJIFWWCTBA,AGCUJWCPKIL2XXCLVNXIIA7HHRRA,AGBHIIDMDAHDT54JKNQNZ4VK2S3A,AG3TNZMW4L6MIHXZG4BLGEXDGJPA,AFAK7LP652JWFHXYGYD6DRPSUTVA,AHLDPH6DDZRW4YJZSSOINP64R23Q,AFC3FOLK4BMVVGOHLENHL5ZUXK5Q","Deepak B.,Azhar s.,Yogesh Rajput,Amit V.,Maneesha Biju,hassan,Purvesh,Shweha",deepak.b.azhar.s.yogesh.rajput.amit.v.ma1182@example.com,5551130979,2024-02-20
"AHURA5DMKF4YWCDDT44ACQDCBJAQ,AEQS4LQQWZZFTAEDZWPGCLOHIY4A,AGURD6PDFJNKIME6ZWOELPMKRYPA,AG7YGYMECZTW3ZHP6BK4BNREWP6Q,AFXUNDGJZ2S2L33AQDVM4G4PFA5A,AGRI64OJMOPQH24IHN2A5IB6LQAQ,AGNFSGP5VLI35V7BNL2K3XXHGG4A,AEC273TXQHQG4ZDMVD5VILLPYQAQ","Sumit kumar,sunil,Mahima & Company,GAURAV KUMAR SHARMA,Prashant,Vinay Sharma,shashikant kumar singh,Radheshyam Sharma",sumit.kumar.sunil.mahima.company.gaurav.1183@example.com,5552460339,2024-06-28
"AEHOZYTOH5VUWA2Z7OB672WX4F5A,AEF3QNOCDEMLINRVML6H7XIGWYPQ,AHX4KZVASMGQQOST4T2RAQUZTLCA,AFW6K3O37RXWAJP5JDCSPNPENYDQ,AHELMAOGW7CMAPA6PJOO3INMBRBQ,AE4DX3LKPJLQMTSMMVZISY3Z4LAA,AEZVKCBQBC3W5IQIFD4ZFTL6IFAQ,AHX47N6TUNADPXMMQKVASVBNIHJA","Vaishnavi,Paramesh,Kirti Gupta,Mousumi Ganguli,Nikshitha S,Lancy,Kindle Customer,krishna chaudhari",vaishnavi.paramesh.kirti.gupta.mousumi.g1184@example.com,5555910585,2024-02-19
"AECFYIUCHSZXDLACTYPEUSM5DIKA,AF546S43YKYCJWRD7WSYO2ITLIYQ,AFLIE3ETZWXFSR27QFUUOHKSUR7A,AF4PRU3C3T6I4MXOKQSUH56QVIHA,AECDY7FOZSIRF26RIVPKPTJBAR2A,AFPDX4B54JY4ZIBKARJPJUUPPBWQ,AFPKIF7E3TYXUT52HM46PVZ7LIVA,AF6SB3YM3WFAJT5QWKS44BGB5RNA","Manoj Kumar,Arun Thottakathu Prasannakumar,sonu kumar,Nilesh kerkal,Kiran Singh,Ashish Singh,Maruthi Kumar,Abhishek Rajpurohit",manoj.kumar.arun.thottakathu.prasannakum1185@example.com,5559037701,2024-03-08
"AFCTMQKPVJI6Y2JPIGDKRKIAV43A,AF6XUHN32GSFA7LFG7MHGNXSKBEQ,AE7CCWXTUAVBDTLXQJEP7M5M7FPA,AH6PG4VBSGWZNZWULXHBO772JP6A,AFLHQI5WLHXYFRFITHAHJL5PSDSQ,AGDIZUYGIWBTV55BOB2GOTNY6ZTQ","Ashish,Kavita J.,Sundar,Tessy S.,saurabh manro,sreekumar",ashish.kavita.j.sundar.tessy.s.saurabh.m1186@example.com,5552783037,2024-04-23
"AHYXOMUJUKZHBWHP43ZAB265EDGA,AG4C27NTZZ7HTG6W3ADZYHAUEZCA,AFYACVFEH3NFVZ5LGOPEBKBCLSSQ,AHTHUJC6TX2WAQ5SO24MVWJONMEQ,AHIJ2RAFZZHMUPJJKYHE2CU7ZNEQ,AENGHEFJVZDD5IE57TJ62DY7CY2A,AHOKBMECKUGAAX2ERFRKMQZNSR4Q,AE4PHOB4VRRT6W2L4E5TT4QROAWA","AmazonCust,DD_Zen,Amazon Customer,VINISH THOMAS,Harish chandra,customer,Vinay Desai,Jayabalan",amazoncust.dd.zen.amazon.customer.vinish1187@example.com,5557945971,2023-10-05
"AE5FZ5B3EEES45Q26PNUBTJ5DRYA,AGL2B432J2VDHOSUWTQ6KOAS6AMQ,AFWPWQ32B7BLW23MWYFHGYLNGUCA,AFNUTTGM5CBUQEYWPEQ57UABIHAQ,AFYLL7VANUJZ6M4L3277TRRERA5Q,AH3VEJH6HMUCM37ZZNCMRNPY6S3A,AE4BFRYLLJQRZJLJ755OH7DYIE4A,AF2LCSDV3YQRDO3B3ZTEEFLFNLLQ","gitesh jaiswal,Divyansh,Dr Paras,Amazon Customer,Vrushali Rhatwal,A K Gupta,Amazon Customer,Ashok kumar",gitesh.jaiswal.divyansh.dr.paras.amazon.1188@example.com,5552831123,2023-05-17
AFPKVN5KLHB4MHSYDS25Q5MIWWKQ,Kunal Sen,kunal.sen1189@example.com,5554657949,2023-07-04
"AHITFY6AHALOFOHOZEOC6XBP4FEA,AFRABBODZJZQB6Z4U5FLWEWBAFCA,AHECHWNSEMINYA7KJCRNVT5HCJ7A,AHZE7X4JEEFGO55ORGHVUFLEKD3Q,AG6T7YJGBNIZFYN3IETCMEP4ASJA,AE5JV64MRH475HD7BRHX43UG5U4A,AES5H357DGWET4IZXLW4IEQ4QYIQ,AEB3GRL6Q7FDMQSWGOPRAZ3VUL7Q","Prabha ds,Raghuram bk,Real Deal,Amazon Customer,G1_Nk,Amazon Customer,chaitanya Bandari,Rahul kumar",prabha.ds.raghuram.bk.real.deal.amazon.c1190@example.com,5553742409,2024-07-01
"AFG5FM3NEMOL6BNFRV2NK5FNJCHQ,AGEINTRN6Z563RMLHIZEHMNU5UOA,AHOV63EYPKKFN2RY43FLDEO5XSYA,AECUT2M2ZMO76YUEXUVPCKGFOHMA,AGGQG3GYBNP6LFX4FYECSABC27PA,AG2JLSQXNIT6S4LCGHMOGFTHOOPQ,AHKGLRHEHJ2FLFRMXYW4JTAQIFQA,AED6PKQYUIQOV6YB4NAZTJQ2VCIQ","Manu Bhai,Naveenpittu,Evatira Sangma,JAGANNADHA RAJU DANTULURI,balraj khwairakpam,Anindya,Amazon Customer,BASANT KUMAR PRADHAN",manu.bhai.naveenpittu.evatira.sangma.jag1191@example.com,5556394775,2024-04-03
"AGVPWCMAHYQWJOQKMUJN4DW3KM5Q,AF4Q3E66MY4SR7YQZSWBBRU5XQKQ,AEM2ZDSQE4QZIGTCTE4HSNZOS7DQ,AEHMIAQFYXW3CY6Z37ABRXSOJRPA,AHJCYSNMFLZM7CA4FGDPU7A4UHYQ,AEQTWNQ6GKTOSJO3ZEPHRTH56VCA,AHIHPBLP6PPV66Y3AWOSYFBVZPFA,AGHBKUHIWVOPUQYFRA6PXIIC6R5Q","Nehal Desai,Danish Parwez,Amazon Customer,Amazon Customer,Pankaj Kumar Singh,Pattabhi udaya kumar,Sandip Bhargava,BATTU SURESHKUMAR",nehal.desai.danish.parwez.amazon.custome1192@example.com,5551713179,2024-07-29
"AF2JQCLSCY3QJATWUNNHUSVUPNQQ,AFDMLUXC5LS5RXDJSJJRHNBURIVQ,AHMWJ32LQF2YEADFPUML4EKXUC3Q,AFXERFNWKFFWECCPZJBRP2N23XJA,AG74HALEHHRAVFNXFHBM75RWZD6Q,AEDOS7O5DUVDYA7EHU6VERPRAFMA,AFKWDCNGBBYBDQBKMFJUVJYY77XQ,AGQCHAIK5FZZOA67FTG7HET7VVJQ","Shubham Dubey,E.GURUBARAN,Mayank S.,eusuf khan,ASHISHGAJBE,hirabhai thakarda,khageswar,A.Ramu",shubham.dubey.e.gurubaran.mayank.s.eusuf1193@example.com,5558556204,2023-05-02
"AFGW5PT3R6ZAVQR4Y5MWVAKBZAYA,AG7QNJ2SCS5VS5VYYBNV4HDSIJ4Q,AFUDGN5MEXLKUULNTM7Y2G5P7TYA,AHXCDNSXAESERITAFELQABFVNLCA,AGRZD6CHLCUNOLMMIMIHUCG7PIFA,AFQZVGSOSOJHKFQQMCEI4725QEKQ,AEALVGXXIP46OZVXKRUXSDWZJMEA,AGEFL3AY7YXEFZA4ZJU3LP7K7OJQ","Rajib,Ajay B,Vikas Kahol,PARDEEP,Anindya Pramanik,Vikas Singh,Harshada Pimple,Saw a.",rajib.ajay.b.vikas.kahol.pardeep.anindya1194@example.com,5557989018,2023-01-18
